No,종목명,티커,시장,외인연속매수일,기관연속매수일,외인매수(억),기관매수(억),중간매도기간(외),중간매도기간(기),종가,라이브PBR,부채비율,유보율,영업이익률(%),매출증가율(%),V5/V20,P5/P20,이평배열,엔벨상태,골든크로스,엔벨타점,52주위치(%),재무등급,수집시각
1,삼성전자,005930,KOSPI,2,3,6578775.0,9464489.0,0,0,269500.0,3.13,,,,,77.7,99.3,하향전환,중립,False,False,65.8,C,2026-09-08 20:37:53
2,SK하이닉스,000660,KOSPI,3,0,1178414.0,-14560.0,0,1,1793000.0,4.84,,,,,81.4,102.3,혼합,중립,False,False,56.3,B,2026-09-08 20:37:57
3,삼성전자우,005935,KOSPI,3,4,1018535.0,960098.0,0,0,198400.0,2.31,,,,,67.0,100.8,완전정배열,중립,False,False,76.1,B,2026-09-08 20:38:01
4,SK스퀘어,402340,KOSPI,4,3,367789.0,253085.0,0,0,1131000.0,2.72,,,,,87.4,98.9,하향전환,중립,False,False,48.4,B,2026-09-08 20:38:05
5,삼성전기,009150,KOSPI,0,0,-216806.0,-88245.0,1,1,1370000.0,10.12,,,,,81.7,100.1,완전정배열,중립,False,False,53.7,D,2026-09-08 20:38:09
6,LG에너지솔루션,373220,KOSPI,0,0,-48407.0,-125442.0,3,1,348500.0,3.65,,,,,111.4,99.2,완전역배열,중립,False,False,24.5,D,2026-09-08 20:38:12
7,현대차,005380,KOSPI,0,0,-126274.0,-84933.0,1,1,385000.0,0.82,,,,,86.9,94.6,완전역배열,중립,False,False,30.3,C,2026-09-08 20:38:16
8,삼성바이오로직스,207940,KOSPI,2,0,9822.0,-10041.0,0,9,1440000.0,7.96,,,,,75.1,95.6,하향전환,중립,False,False,27.9,D,2026-09-08 20:38:20
9,삼성물산,028260,KOSPI,0,3,-22592.0,164831.0,1,0,382000.0,0.59,,,,,90.0,101.0,완전정배열,중립,False,False,54.5,D,2026-09-08 20:38:24
10,KB금융,105560,KOSPI,1,0,7174.0,-22692.0,0,1,173700.0,1.01,,,,,97.6,102.9,완전정배열,중립,False,False,76.6,C,2026-09-08 20:38:28
11,삼성생명,032830,KOSPI,0,3,-15126.0,81094.0,1,0,308000.0,0.38,,,,,63.0,100.6,혼합,중립,False,False,45.0,D,2026-09-08 20:38:32
12,두산에너빌리티,034020,KOSPI,0,4,-226972.0,2943204.0,7,0,89500.0,7.01,,,,,123.8,102.1,혼합,상단돌파,False,False,39.5,D,2026-09-08 20:38:35
13,신한지주,055550,KOSPI,1,13,10350.0,2648274.0,0,0,113200.0,0.88,,,,,102.9,104.3,완전정배열,중립,False,False,93.8,C,2026-09-08 20:38:39
14,한화에어로스페이스,012450,KOSPI,0,0,-12403.0,-8366.0,4,1,1027000.0,4.4,,,,,56.7,93.9,완전역배열,중립,False,False,28.0,D,2026-09-08 20:38:43
15,기아,000270,KOSPI,0,0,-73428.0,-93750.0,1,5,125400.0,0.75,,,,,101.8,96.2,완전역배열,중립,False,False,22.6,B,2026-09-08 20:38:47
16,HD현대중공업,329180,KOSPI,0,4,-32383.0,115271.0,4,0,444500.0,4.42,,,,,110.9,94.1,완전역배열,중립,False,False,9.3,C,2026-09-08 20:38:51
17,SK,034730,KOSPI,4,0,54763.0,-15064.0,0,1,603000.0,0.89,,,,,77.4,102.1,완전정배열,중립,False,False,59.7,B,2026-09-08 20:38:55
18,삼성SDI,006400,KOSPI,0,0,-19214.0,-72229.0,3,2,530000.0,1.72,,,,,81.9,103.4,완전정배열,중립,False,False,63.3,B,2026-09-08 20:38:59
19,셀트리온,068270,KOSPI,0,0,-112325.0,-116703.0,4,2,183100.0,2.34,,,,,82.4,96.5,혼합,중립,False,False,30.5,D,2026-09-08 20:39:03
20,하나금융지주,086790,KOSPI,0,13,-30571.0,1496180.0,3,0,136800.0,0.78,,,,,101.1,103.3,완전정배열,중립,False,False,90.8,B,2026-09-08 20:39:07
21,현대모비스,012330,KOSPI,2,0,71429.0,-151862.0,0,1,415000.0,0.71,,,,,95.8,89.2,완전역배열,하단이탈,False,False,24.5,C,2026-09-08 20:39:10
22,LG전자,066570,KOSPI,0,0,-70297.0,-43313.0,1,1,205000.0,1.37,,,,,77.6,100.6,완전정배열,중립,False,False,36.3,D,2026-09-08 20:39:14
23,NAVER,035420,KOSPI,3,0,161302.0,-52890.0,0,1,214500.0,1.09,,,,,69.7,97.8,하향전환,중립,False,False,27.2,C,2026-09-08 20:39:19
24,LS ELECTRIC,010120,KOSPI,2,0,155332.0,-74206.0,0,1,200500.0,14.0,,,,,76.8,97.7,완전역배열,중립,False,False,52.2,D,2026-09-08 20:39:22
25,삼성화재,000810,KOSPI,0,4,-1915.0,94542.0,8,0,647000.0,0.76,,,,,112.2,102.2,완전정배열,중립,False,False,67.5,C,2026-09-08 20:39:26
26,효성중공업,298040,KOSPI,0,0,-1295.0,-1929.0,1,1,2834000.0,10.2,,,,,100.4,97.3,완전역배열,중립,False,False,46.4,D,2026-09-08 20:39:30
27,한화오션,042660,KOSPI,1,0,92005.0,-102028.0,0,1,86100.0,3.51,,,,,79.7,97.6,완전역배열,중립,False,False,17.7,C,2026-09-08 20:39:34
28,HD현대일렉트릭,267260,KOSPI,0,0,-21222.0,-6572.0,1,1,728000.0,11.62,,,,,101.2,96.0,완전역배열,중립,False,False,25.8,D,2026-09-08 20:39:38
29,POSCO홀딩스,005490,KOSPI,0,0,-29454.0,-12772.0,3,1,328500.0,0.43,,,,,93.2,101.3,혼합,중립,False,False,24.7,C,2026-09-08 20:39:42
30,KODEX 200,069500,KOSPI,0,4,-9559.0,3227120.0,1,0,110335.0,,,,,,107.5,100.1,혼합,중립,False,False,62.1,-,2026-09-08 20:39:45
31,고려아연,010130,KOSPI,0,1,-4041.0,713.0,3,0,1213000.0,2.18,,,,,61.0,96.7,완전역배열,중립,False,False,30.1,D,2026-09-08 20:39:49
32,우리금융지주,316140,KOSPI,0,5,-40865.0,2290685.0,3,0,34050.0,0.64,,,,,210.0,102.2,완전정배열,중립,False,False,58.0,B,2026-09-08 20:39:53
33,HD한국조선해양,009540,KOSPI,0,4,-15838.0,90688.0,5,0,346500.0,1.65,,,,,102.0,95.6,완전역배열,중립,False,False,18.0,B,2026-09-08 20:39:57
34,SK이노베이션,096770,KOSPI,1,0,43692.0,-14618.0,0,1,138000.0,0.9,,,,,88.1,106.5,완전정배열,중립,False,False,74.3,D,2026-09-08 20:40:01
35,한미반도체,042700,KOSPI,5,3,796983.0,415658.0,0,0,244500.0,31.05,,,,,114.0,102.7,혼합,상단돌파,False,False,47.3,D,2026-09-08 20:40:05
36,한국전력,015760,KOSPI,1,4,186285.0,1510435.0,0,0,34100.0,0.43,,,,,90.2,99.1,완전역배열,중립,False,False,9.5,B,2026-09-08 20:40:09
37,메리츠금융지주,138040,KOSPI,1,0,18277.0,-5666.0,0,1,130800.0,1.86,,,,,123.6,108.8,완전정배열,중립,False,False,63.3,B,2026-09-08 20:40:12
38,두산,000150,KOSPI,0,4,-8929.0,42227.0,1,0,1247000.0,8.54,,,,,93.3,99.0,완전역배열,중립,False,False,36.9,D,2026-09-08 20:40:16
40,HMM,011200,KOSPI,0,0,-144820.0,-93183.0,1,1,21150.0,0.69,,,,,58.1,98.2,혼합,중립,False,False,46.0,C,2026-09-08 20:40:21
41,SK텔레콤,017670,KOSPI,1,3,87282.0,227853.0,0,0,92400.0,1.28,,,,,64.9,96.2,하향전환,중립,False,False,46.5,D,2026-09-08 20:40:25
42,HD현대,267250,KOSPI,0,4,-22446.0,152712.0,1,0,246500.0,1.42,,,,,115.8,102.8,혼합,상단돌파,False,False,57.3,B,2026-09-08 20:40:29
43,LG화학,051910,KOSPI,0,0,-22743.0,-14724.0,7,2,270000.0,0.6,,,,,117.8,101.7,혼합,중립,False,False,21.5,D,2026-09-08 20:40:34
44,미래에셋증권,006800,KOSPI,1,3,95106.0,848969.0,0,0,35050.0,1.26,,,,,94.4,96.2,완전역배열,중립,False,False,25.0,B,2026-09-08 20:40:38
45,삼성중공업,010140,KOSPI,1,4,163321.0,2339686.0,0,0,21300.0,3.81,,,,,134.5,100.2,혼합,중립,False,False,16.9,D,2026-09-08 20:40:42
46,LG,003550,KOSPI,0,4,-148113.0,128257.0,6,0,118900.0,0.59,,,,,104.5,104.4,완전정배열,중립,False,False,42.1,D,2026-09-08 20:40:46
47,S-Oil,010950,KOSPI,0,8,-58838.0,521624.0,2,0,159400.0,1.84,,,,,119.5,105.1,완전정배열,중립,False,False,85.2,C,2026-09-08 20:40:49
48,삼성에스디에스,018260,KOSPI,5,0,117816.0,-33051.0,0,1,230000.0,1.73,,,,,75.9,99.9,혼합,중립,False,False,35.3,D,2026-09-08 20:40:54
49,KT&G,033780,KOSPI,1,0,18779.0,-58532.0,0,1,169800.0,1.82,,,,,85.7,98.7,하향전환,중립,False,False,64.0,C,2026-09-08 20:40:58
50,기업은행,024110,KOSPI,0,4,-23842.0,552297.0,1,0,20800.0,0.44,,,,,91.9,102.0,혼합,중립,False,False,19.7,B,2026-09-08 20:41:02
51,포스코퓨처엠,003670,KOSPI,0,4,-37417.0,165992.0,6,0,180600.0,3.83,,,,,84.3,104.6,혼합,중립,False,False,35.7,D,2026-09-08 20:41:06
52,카카오,035720,KOSPI,0,0,-541263.0,-193279.0,1,1,35400.0,1.33,,,,,83.2,96.1,완전역배열,중립,False,False,8.4,D,2026-09-08 20:41:10
53,현대글로비스,086280,KOSPI,4,0,63269.0,-17942.0,0,1,203000.0,1.4,,,,,102.1,99.6,완전역배열,중립,False,False,33.5,B,2026-09-08 20:41:14
54,LIG디펜스앤에어로스페이스,079550,KOSPI,0,4,-9108.0,14955.0,3,0,666000.0,9.12,,,,,66.2,90.5,완전역배열,중립,False,False,40.4,D,2026-09-08 20:41:18
55,현대건설,000720,KOSPI,0,4,-146735.0,899422.0,4,0,131400.0,1.59,,,,,113.5,102.9,혼합,상단돌파,False,False,53.6,D,2026-09-08 20:41:22
56,에이피알,278470,KOSPI,0,0,-21823.0,-44414.0,1,6,377000.0,21.78,,,,,91.0,96.7,혼합,중립,False,False,63.8,D,2026-09-08 20:41:26
57,현대로템,064350,KOSPI,0,0,-30863.0,-1103.0,3,1,126300.0,4.05,,,,,88.5,93.0,완전역배열,중립,False,False,7.8,C,2026-09-08 20:41:30
58,KT,030200,KOSPI,0,3,-13529.0,220784.0,17,0,54300.0,0.7,,,,,66.6,101.5,혼합,중립,False,False,29.1,C,2026-09-08 20:41:34
59,한화시스템,272210,KOSPI,2,0,65130.0,-20489.0,0,1,69700.0,2.9,,,,,69.0,93.8,완전역배열,중립,False,False,17.9,D,2026-09-08 20:41:38
60,LG이노텍,011070,KOSPI,0,0,-79999.0,-80448.0,1,1,545000.0,2.02,,,,,64.8,95.4,완전역배열,중립,False,False,23.7,C,2026-09-08 20:41:42
61,한국항공우주,047810,KOSPI,0,0,-20497.0,-1524.0,1,1,127800.0,6.56,,,,,61.1,94.5,완전역배열,중립,False,False,29.2,D,2026-09-08 20:41:46
62,DB손해보험,005830,KOSPI,0,8,-23548.0,471925.0,12,0,187300.0,0.81,,,,,97.0,106.1,완전정배열,중립,False,False,72.2,B,2026-09-08 20:41:50
63,GS,078930,KOSPI,2,0,37541.0,-12110.0,0,2,124500.0,0.72,,,,,76.7,103.3,완전정배열,중립,False,False,90.3,B,2026-09-08 20:41:54
64,TIGER 미국나스닥100,133690,KOSPI,0,1,-279152.0,224326.0,2,0,176020.0,,,,,,93.7,97.5,완전역배열,중립,False,False,50.3,-,2026-09-08 20:41:58
65,대한항공,003490,KOSPI,11,6,7646828.0,2731850.0,0,0,30100.0,1.06,,,,,119.9,108.2,완전정배열,상단돌파,False,True,89.2,D,2026-09-08 20:42:02
66,한국금융지주,071050,KOSPI,20,2,930933.0,36490.0,0,0,192500.0,0.82,,,,,96.9,98.8,완전역배열,중립,False,False,37.9,B,2026-09-08 20:42:06
67,현대오토에버,307950,KOSPI,0,0,-593.0,-29781.0,2,1,385500.0,5.59,,,,,60.5,91.5,완전역배열,하단이탈,False,False,25.9,D,2026-09-08 20:42:10
68,카카오뱅크,323410,KOSPI,1,4,2957.0,528778.0,0,0,21900.0,1.56,,,,,90.8,100.6,혼합,중립,False,False,26.9,C,2026-09-08 20:42:14
69,TIGER 200,102110,KOSPI,2,4,125477.0,847877.0,0,0,110660.0,,,,,,104.9,100.0,혼합,중립,False,False,62.3,-,2026-09-08 20:42:17
71,TIGER 반도체TOP10,396500,KOSPI,4,2,1196066.0,558049.0,0,0,37230.0,,,,,,89.3,100.7,혼합,중립,False,False,57.2,-,2026-09-08 20:42:22
72,한진칼,180640,KOSPI,0,4,-40119.0,135078.0,3,0,148400.0,2.99,,,,,134.2,112.2,완전정배열,상단돌파,False,True,66.8,D,2026-09-08 20:42:26
73,NH투자증권,005940,KOSPI,1,0,3578.0,-29682.0,0,1,26650.0,0.95,,,,,86.1,98.5,완전역배열,중립,False,False,32.7,B,2026-09-08 20:42:30
74,크래프톤,259960,KOSPI,0,0,-16244.0,-5297.0,1,2,213500.0,1.29,,,,,78.2,96.5,완전역배열,중립,False,False,10.1,C,2026-09-08 20:42:34
75,삼양식품,003230,KOSPI,1,0,6073.0,-37965.0,0,4,1291000.0,6.35,,,,,109.2,100.3,완전정배열,중립,False,False,45.3,C,2026-09-08 20:42:38
76,삼성E&A,028050,KOSPI,2,4,639845.0,989035.0,0,0,49150.0,1.92,,,,,105.0,98.0,하향전환,중립,False,False,58.9,C,2026-09-08 20:42:42
77,포스코인터내셔널,047050,KOSPI,0,0,-59696.0,-47209.0,3,2,54300.0,1.32,,,,,293.3,101.7,혼합,중립,False,False,20.4,C,2026-09-08 20:42:46
78,HD현대마린솔루션,443060,KOSPI,1,2,1291.0,4566.0,0,0,212500.0,10.68,,,,,68.2,100.5,혼합,중립,False,False,42.2,D,2026-09-08 20:42:50
79,LS,006260,KOSPI,7,0,66961.0,-28065.0,0,1,302500.0,1.56,,,,,62.1,96.9,완전역배열,중립,False,False,31.9,D,2026-09-08 20:42:53
80,KODEX 미국나스닥100,379810,KOSPI,0,0,-47009.0,-84725.0,1,7,26315.0,,,,,,84.9,97.5,완전역배열,중립,False,False,50.4,-,2026-09-08 20:42:57
81,대우건설,047040,KOSPI,2,4,1868020.0,2503947.0,0,0,19970.0,2.17,,,,,132.1,99.7,완전역배열,상단돌파,False,False,45.0,D,2026-09-08 20:43:01
82,아모레퍼시픽,090430,KOSPI,1,0,47222.0,-46230.0,0,1,140000.0,1.73,,,,,79.6,101.1,완전정배열,중립,False,False,61.3,D,2026-09-08 20:43:05
83,이수페타시스,007660,KOSPI,0,3,-34640.0,208877.0,2,0,110300.0,9.42,,,,,74.2,104.9,혼합,중립,False,False,49.2,D,2026-09-08 20:43:08
84,KODEX 머니마켓액티브,488770,KOSPI,2,1,808.0,38319.0,0,0,105460.0,,,,,,89.7,100.1,완전정배열,중립,False,False,100.0,-,2026-09-08 20:43:12
85,한국타이어앤테크놀로지,161390,KOSPI,1,0,58928.0,-96456.0,0,2,64200.0,0.58,,,,,77.3,97.4,혼합,중립,False,False,65.2,B,2026-09-08 20:43:16
86,KODEX 200TR,278530,KOSPI,0,4,-7245.0,368238.0,1,0,39995.0,,,,,,107.8,100.1,혼합,중립,False,False,62.2,-,2026-09-08 20:43:20
87,하이브,352820,KOSPI,2,0,32346.0,-3919.0,0,1,181400.0,2.25,,,,,84.1,101.0,혼합,중립,False,False,9.5,D,2026-09-08 20:43:24
88,삼성증권,016360,KOSPI,2,3,26524.0,112714.0,0,0,87300.0,0.9,,,,,51.8,97.5,완전역배열,중립,False,False,20.8,B,2026-09-08 20:43:28
89,한화,000880,KOSPI,5,5,114740.0,71401.0,0,0,138300.0,0.91,,,,,82.5,115.1,상향전환,상단돌파,True,True,42.3,C,2026-09-08 20:43:32
90,키움증권,039490,KOSPI,1,3,2128.0,16841.0,0,0,273000.0,0.95,,,,,73.0,97.3,완전역배열,중립,False,False,23.3,B,2026-09-08 20:43:36
91,LG씨엔에스,064400,KOSPI,0,0,-66403.0,-3861.0,1,1,73400.0,2.33,,,,,63.7,99.2,하향전환,중립,False,False,19.5,C,2026-09-08 20:43:39
92,코웨이,021240,KOSPI,0,5,-44625.0,104024.0,13,0,99800.0,1.83,,,,,97.3,101.2,완전정배열,중립,False,False,76.5,C,2026-09-08 20:43:43
93,가온전선,000500,KOSPI,0,10,-37065.0,330222.0,1,0,227500.0,12.78,,,,,129.5,117.1,완전정배열,상단돌파,False,True,61.3,D,2026-09-08 20:43:47
94,HD건설기계,267270,KOSPI,0,1,-45347.0,79152.0,1,0,138600.0,1.35,,,,,109.0,101.3,혼합,중립,False,False,40.5,C,2026-09-08 20:43:51
95,한화솔루션,009830,KOSPI,0,0,-34769.0,-380093.0,3,9,29150.0,0.57,,,,,80.5,90.3,완전역배열,하단이탈,False,False,21.1,D,2026-09-08 20:43:55
96,KODEX CD금리액티브(합성),459580,KOSPI,0,0,-13.0,-6255.0,1,8,1074120.0,,,,,,131.2,100.1,완전정배열,중립,False,False,100.0,-,2026-09-08 20:43:59
97,SK바이오팜,326030,KOSPI,0,0,-28355.0,-23088.0,3,1,83200.0,6.38,,,,,69.8,98.5,완전역배열,중립,False,False,14.3,C,2026-09-08 20:44:03
98,현대차2우B,005387,KOSPI,0,0,-444.0,-12357.0,1,8,185600.0,0.4,,,,,90.0,94.4,완전역배열,중립,False,False,12.6,B,2026-09-08 20:44:07
99,LG유플러스,032640,KOSPI,0,13,-223979.0,2203943.0,5,0,14880.0,0.7,,,,,76.2,99.7,완전역배열,중립,False,False,24.6,C,2026-09-08 20:44:11
100,카카오페이,377300,KOSPI,0,6,-9200.0,211696.0,2,0,46500.0,3.19,,,,,67.8,101.8,혼합,중립,False,False,23.3,D,2026-09-08 20:44:14
101,KODEX 레버리지,122630,KOSPI,4,4,601157.0,3638722.0,0,0,112150.0,,,,,,89.6,99.4,완전역배열,중립,False,False,38.6,-,2026-09-08 20:44:18
102,산일전기,062040,KOSPI,1,3,87549.0,143048.0,0,0,201000.0,9.26,,,,,104.0,103.7,혼합,중립,False,False,41.5,D,2026-09-08 20:44:22
103,한미약품,128940,KOSPI,0,0,-13607.0,-4679.0,1,7,471000.0,4.26,,,,,76.7,103.2,완전정배열,중립,False,False,51.0,D,2026-09-08 20:44:26
104,두산밥캣,241560,KOSPI,1,4,1949.0,42524.0,0,0,62700.0,0.76,,,,,69.3,100.2,혼합,중립,False,False,38.8,C,2026-09-08 20:44:30
105,KODEX 200타겟위클리커버드콜,498400,KOSPI,0,3,-66528.0,1492287.0,1,0,20875.0,,,,,,110.2,100.1,혼합,중립,False,False,60.9,-,2026-09-08 20:44:34
106,JB금융지주,175330,KOSPI,0,12,-143064.0,1398010.0,4,0,31300.0,0.96,,,,,168.2,108.4,완전정배열,중립,False,False,57.1,B,2026-09-08 20:44:37
107,유한양행,000100,KOSPI,0,0,-42849.0,-14266.0,3,2,79100.0,2.48,,,,,65.5,97.8,완전역배열,중립,False,False,22.0,D,2026-09-08 20:44:41
108,KODEX 반도체,091160,KOSPI,3,2,100303.0,106284.0,0,0,131535.0,,,,,,87.4,101.1,혼합,중립,False,False,62.5,-,2026-09-08 20:44:45
109,대한전선,001440,KOSPI,2,3,306870.0,134274.0,0,0,28750.0,2.98,,,,,78.8,98.0,완전역배열,중립,False,False,22.9,D,2026-09-08 20:44:48
110,TIGER 미국필라델피아반도체나스닥,381180,KOSPI,4,0,477202.0,-206253.0,0,4,41480.0,,,,,,80.5,95.4,완전역배열,중립,False,False,54.9,-,2026-09-08 20:44:52
111,한전기술,052690,KOSPI,0,2,-7198.0,134717.0,1,0,142600.0,9.15,,,,,158.1,108.5,혼합,상단돌파,False,False,54.2,D,2026-09-08 20:44:55
112,삼성카드,029780,KOSPI,0,3,-2727.0,31542.0,1,0,46500.0,0.56,,,,,71.2,99.1,완전역배열,중립,False,False,9.7,B,2026-09-08 20:45:00
113,한화생명,088350,KOSPI,0,6,-377270.0,2688279.0,1,0,5850.0,0.27,,,,,130.2,106.2,완전정배열,중립,False,False,63.1,B,2026-09-08 20:45:03
114,대덕전자,353200,KOSPI,0,0,-29346.0,-235504.0,1,16,99900.0,5.27,,,,,112.3,94.5,완전역배열,중립,False,False,44.1,D,2026-09-08 20:45:07
115,오리온,271560,KOSPI,1,0,2117.0,-28807.0,0,2,121100.0,1.18,,,,,90.1,98.0,완전역배열,중립,False,False,43.2,C,2026-09-08 20:45:11
116,BNK금융지주,138930,KOSPI,0,5,-282295.0,1839183.0,5,0,15590.0,0.44,,,,,103.7,103.6,혼합,중립,False,False,20.6,B,2026-09-08 20:45:15
117,맥쿼리인프라,088980,KOSPI,1,12,88657.0,2005883.0,0,0,9940.0,,,,,,47.3,101.1,혼합,중립,False,False,24.1,-,2026-09-08 20:45:19
118,엘앤에프,066970,KOSPI,3,0,141285.0,-79918.0,0,6,113700.0,5.78,,,,,112.7,101.9,혼합,중립,False,False,32.9,D,2026-09-08 20:45:23
119,KODEX 코스닥150,229200,KOSPI,0,0,-177246.0,-355917.0,2,1,13690.0,,,,,,98.7,96.3,완전역배열,중립,False,False,28.9,-,2026-09-08 20:45:27
120,NC,036570,KOSPI,0,0,-11323.0,-49846.0,5,2,211500.0,1.16,,,,,87.8,96.0,완전역배열,중립,False,False,21.1,B,2026-09-08 20:45:31
121,RISE 200,148020,KOSPI,2,4,13379.0,148713.0,0,0,111230.0,,,,,,75.2,100.1,혼합,중립,False,False,62.1,-,2026-09-08 20:45:34
122,DB하이텍,000990,KOSPI,0,3,-239634.0,377239.0,3,0,103400.0,1.84,,,,,140.4,99.8,완전역배열,상단돌파,False,False,32.0,C,2026-09-08 20:45:38
123,두산로보틱스,454910,KOSPI,4,2,109289.0,19386.0,0,0,69300.0,13.64,,,,,90.0,95.0,완전역배열,중립,False,False,13.0,D,2026-09-08 20:45:42
124,TIGER MSCI Korea TR,310970,KOSPI,1,7,50.0,2217002.0,0,0,49410.0,,,,,,369.4,100.0,완전역배열,중립,False,False,62.4,-,2026-09-08 20:45:46
125,LG디스플레이,034220,KOSPI,0,0,-1515773.0,-165605.0,8,1,8940.0,0.71,,,,,64.2,95.1,완전역배열,중립,False,False,8.3,D,2026-09-08 20:45:50
126,현대제철,004020,KOSPI,0,7,-264848.0,1058954.0,11,0,32850.0,0.22,,,,,108.7,106.0,혼합,상단돌파,False,False,34.4,D,2026-09-08 20:45:54
127,현대차우,005385,KOSPI,0,0,-4009.0,-1044.0,1,3,186500.0,0.4,,,,,78.6,94.7,완전역배열,중립,False,False,14.6,B,2026-09-08 20:45:58
128,LG생활건강,051900,KOSPI,1,0,15756.0,-16012.0,0,1,290000.0,0.86,,,,,68.4,96.0,혼합,중립,False,False,63.7,D,2026-09-08 20:46:02
129,SKC,011790,KOSPI,0,0,-196035.0,-25900.0,1,1,86700.0,1.99,,,,,110.5,98.2,완전역배열,중립,False,False,20.8,D,2026-09-08 20:46:06
130,KCC,002380,KOSPI,2,0,9294.0,-3777.0,0,1,500000.0,0.33,,,,,111.6,103.9,혼합,중립,False,False,46.1,B,2026-09-08 20:46:10
131,현대해상,001450,KOSPI,2,0,53506.0,-19361.0,0,1,50300.0,0.61,,,,,69.6,104.5,완전정배열,중립,False,False,84.6,B,2026-09-08 20:46:14
132,TIGER 미국배당다우존스,458730,KOSPI,3,0,102574.0,-96702.0,0,20,14655.0,,,,,,107.9,98.0,하향전환,중립,False,False,71.1,-,2026-09-08 20:46:18
133,KODEX AI반도체TOP2플러스,395160,KOSPI,4,4,353449.0,946990.0,0,0,40775.0,,,,,,77.9,100.2,혼합,중립,False,False,56.6,-,2026-09-08 20:46:22
134,OCI홀딩스,010060,KOSPI,1,0,4191.0,-94743.0,0,2,215500.0,0.98,,,,,134.8,86.6,하향전환,하단이탈,False,False,40.0,D,2026-09-08 20:46:26
135,ACE KRX금현물,411060,KOSPI,1,0,1829.0,-47821.0,0,20,26700.0,,,,,,75.6,96.5,완전역배열,중립,False,False,32.4,-,2026-09-08 20:46:30
136,한미사이언스,008930,KOSPI,9,8,389546.0,612503.0,0,0,57700.0,3.68,,,,,94.4,111.6,완전정배열,상단돌파,False,True,90.7,D,2026-09-08 20:46:34
138,CJ,001040,KOSPI,3,0,33435.0,-31940.0,0,1,131000.0,0.81,,,,,87.1,100.4,혼합,중립,False,False,11.9,D,2026-09-08 20:46:39
139,신세계,004170,KOSPI,4,1,77871.0,14786.0,0,0,404500.0,0.66,,,,,110.3,95.6,완전역배열,중립,False,False,38.6,D,2026-09-08 20:46:43
140,한화엔진,082740,KOSPI,0,1,-5745.0,42323.0,1,0,45650.0,5.86,,,,,83.1,97.7,완전역배열,중립,False,False,16.8,C,2026-09-08 20:46:47
141,TIGER 미국테크TOP10 INDXX,381170,KOSPI,1,0,32811.0,-45855.0,0,6,30275.0,,,,,,114.6,98.8,완전역배열,중립,False,False,41.0,-,2026-09-08 20:46:50
142,HANARO Fn K-반도체,395270,KOSPI,11,2,261469.0,171348.0,0,0,57695.0,,,,,,113.7,100.2,혼합,중립,False,False,58.9,-,2026-09-08 20:46:54
143,KODEX KOFR금리액티브(합성),423160,KOSPI,0,3,-18.0,115457.0,3,0,110730.0,,,,,,94.1,100.1,완전정배열,중립,False,False,100.0,-,2026-09-08 20:46:58
144,TIGER CD금리투자KIS(합성),357870,KOSPI,0,0,-248.0,-44541.0,6,1,58025.0,,,,,,109.5,100.1,완전정배열,중립,False,False,100.0,-,2026-09-08 20:47:02
145,한온시스템,018880,KOSPI,0,0,-359514.0,-7108.0,1,1,3450.0,0.86,,,,,85.7,97.7,완전역배열,중립,False,False,21.8,D,2026-09-08 20:47:06
146,KODEX 종합채권(AA-이상)액티브,273130,KOSPI,0,0,0.0,-74.0,0,2,109810.0,,,,,,54.6,100.0,혼합,중립,False,False,20.1,-,2026-09-08 20:47:10
147,ACE 미국나스닥100,367380,KOSPI,1,0,2312.0,-70150.0,0,20,30250.0,,,,,,98.8,97.5,완전역배열,중립,False,False,50.2,-,2026-09-08 20:47:14
148,KODEX 코스닥150레버리지,233740,KOSPI,0,3,-1770893.0,20782915.0,1,0,6570.0,,,,,,79.9,92.2,완전역배열,중립,False,False,14.6,-,2026-09-08 20:47:17
149,KODEX 삼성그룹,102780,KOSPI,0,4,-28970.0,144358.0,1,0,26275.0,,,,,,112.6,99.9,혼합,중립,False,False,61.6,-,2026-09-08 20:47:21
150,롯데쇼핑,023530,KOSPI,0,2,-26988.0,101529.0,7,0,117800.0,0.22,,,,,111.3,106.1,혼합,상단돌파,False,False,37.2,C,2026-09-08 20:47:25
151,한국콜마,161890,KOSPI,6,0,278657.0,-17415.0,0,5,141000.0,3.32,,,,,62.0,103.6,완전정배열,중립,False,False,76.4,C,2026-09-08 20:47:29
152,영원무역,111770,KOSPI,1,0,5084.0,-7576.0,0,2,74900.0,0.71,,,,,82.6,96.7,완전역배열,중립,False,False,40.4,B,2026-09-08 20:47:32
153,한국가스공사,036460,KOSPI,2,1,94148.0,2221.0,0,0,35400.0,0.26,,,,,157.4,98.9,혼합,중립,False,False,29.2,B,2026-09-08 20:47:36
154,포스코DX,022100,KOSPI,0,10,-62153.0,9308922.0,1,0,21450.0,5.77,,,,,349.8,101.9,혼합,중립,False,False,17.0,D,2026-09-08 20:47:40
155,팬오션,028670,KOSPI,0,1,-484464.0,529182.0,1,0,6080.0,0.51,,,,,92.9,100.8,완전정배열,중립,False,False,83.3,B,2026-09-08 20:47:44
156,일진전기,103590,KOSPI,0,0,-157696.0,-6143.0,3,1,68000.0,4.96,,,,,60.6,98.2,완전역배열,중립,False,False,30.2,D,2026-09-08 20:47:48
157,두산퓨얼셀,336260,KOSPI,4,1,807687.0,136692.0,0,0,49250.0,13.45,,,,,178.4,106.5,혼합,상단돌파,False,False,34.2,D,2026-09-08 20:47:51
158,강원랜드,035250,KOSPI,0,3,-4056.0,206049.0,3,0,14850.0,0.75,,,,,83.3,101.2,혼합,중립,False,False,16.4,B,2026-09-08 20:47:55
159,금호석유화학,011780,KOSPI,0,0,-1847.0,-5705.0,4,1,123800.0,0.47,,,,,100.5,101.4,혼합,중립,True,False,35.3,B,2026-09-08 20:47:59
160,KODEX AI전력핵심설비,487240,KOSPI,0,2,-25626.0,87273.0,1,0,35285.0,,,,,,88.6,98.0,완전역배열,중립,False,False,40.1,-,2026-09-08 20:48:03
161,DL이앤씨,375500,KOSPI,0,4,-20901.0,252798.0,12,0,78600.0,0.59,,,,,145.1,102.6,상향전환,중립,True,False,58.9,B,2026-09-08 20:48:07
162,서울보증보험,031210,KOSPI,0,1,-6635.0,6092.0,1,0,43450.0,0.61,,,,,84.7,100.6,혼합,중립,False,False,15.1,B,2026-09-08 20:48:11
163,GS건설,006360,KOSPI,0,4,-136930.0,739831.0,1,0,35250.0,0.61,,,,,68.5,97.5,혼합,중립,False,False,64.5,D,2026-09-08 20:48:14
164,에스원,012750,KOSPI,0,3,-3748.0,7646.0,3,0,79200.0,1.56,,,,,113.8,100.4,완전정배열,중립,False,False,34.3,C,2026-09-08 20:48:18
165,코스맥스,192820,KOSPI,3,0,20021.0,-600.0,0,2,265000.0,4.65,,,,,71.4,102.6,완전정배열,중립,False,False,74.9,C,2026-09-08 20:48:22
166,넷마블,251270,KOSPI,0,0,-43571.0,-35847.0,3,1,35350.0,0.47,,,,,96.6,96.5,완전역배열,중립,False,False,3.3,B,2026-09-08 20:48:26
167,현대엘리베이터,017800,KOSPI,1,5,6250.0,46888.0,0,0,74800.0,2.49,,,,,60.1,101.0,혼합,중립,False,False,25.2,B,2026-09-08 20:48:30
168,RISE 머니마켓액티브,455890,KOSPI,0,2,-5.0,21111.0,1,0,55505.0,,,,,,75.8,100.1,완전정배열,중립,False,False,100.0,-,2026-09-08 20:48:33
169,iM금융지주,139130,KOSPI,0,2,-46152.0,107420.0,5,0,18440.0,0.46,,,,,117.0,104.7,완전정배열,중립,False,False,60.2,B,2026-09-08 20:48:37
170,SK바이오사이언스,302440,KOSPI,0,0,-11861.0,-1961.0,3,1,36750.0,1.64,,,,,79.9,99.9,완전역배열,중립,False,False,16.8,D,2026-09-08 20:48:41
171,한올바이오파마,009420,KOSPI,2,0,47654.0,-62867.0,0,2,54400.0,17.12,,,,,72.8,93.4,혼합,중립,False,False,57.8,D,2026-09-08 20:48:46
172,효성,004800,KOSPI,3,0,18352.0,-6291.0,0,1,166400.0,1.03,,,,,132.0,99.6,완전역배열,중립,False,False,36.0,B,2026-09-08 20:48:49
173,CJ제일제당,097950,KOSPI,0,1,-6042.0,964.0,3,0,183000.0,0.39,,,,,69.0,99.0,완전역배열,중립,False,False,13.1,D,2026-09-08 20:48:53
174,TIGER 200 IT,139260,KOSPI,1,0,25246.0,-9159.0,0,1,138595.0,,,,,,78.0,100.1,혼합,중립,False,False,58.7,-,2026-09-08 20:48:57
175,미래에셋생명,085620,KOSPI,0,1,-5908.0,1845.0,9,0,19860.0,0.9,,,,,57.0,89.6,혼합,하단이탈,False,False,42.8,D,2026-09-08 20:49:01
176,TIGER 배당커버드콜액티브,472150,KOSPI,0,3,-44315.0,4281560.0,1,0,20665.0,,,,,,93.4,100.0,혼합,중립,False,False,61.5,-,2026-09-08 20:49:05
177,코리안리,003690,KOSPI,0,7,-48374.0,373706.0,1,0,14610.0,0.64,,,,,126.5,100.8,완전정배열,중립,False,False,81.4,B,2026-09-08 20:49:09
178,BGF리테일,282330,KOSPI,1,0,3782.0,-8950.0,0,1,148600.0,1.94,,,,,71.8,102.1,완전정배열,중립,False,False,85.6,C,2026-09-08 20:49:13
179,에코프로머티,450080,KOSPI,0,0,-33697.0,-2764.0,8,1,35950.0,2.35,,,,,74.1,96.1,완전역배열,중립,False,False,14.3,D,2026-09-08 20:49:17
180,DN오토모티브,007340,KOSPI,0,0,-28946.0,-18755.0,1,1,43500.0,0.94,,,,,36.9,93.2,혼합,하단이탈,False,False,47.8,B,2026-09-08 20:49:20
181,동서,026960,KOSPI,1,3,1740.0,20210.0,0,0,25500.0,1.46,,,,,91.2,98.7,하향전환,중립,False,False,36.6,C,2026-09-08 20:49:24
182,F&F,383220,KOSPI,0,1,-6943.0,13448.0,2,0,66300.0,1.21,,,,,103.3,101.7,혼합,중립,False,False,26.8,B,2026-09-08 20:49:29
183,농심,004370,KOSPI,3,0,10485.0,-714.0,0,3,417000.0,0.84,,,,,66.6,99.1,혼합,중립,False,False,37.7,C,2026-09-08 20:49:33
184,KODEX CD1년금리플러스액티브(합성),481050,KOSPI,1,2,3.0,2639.0,0,0,1022285.0,,,,,,134.0,100.1,완전정배열,중립,False,False,100.0,-,2026-09-08 20:49:37
185,TIME 미국나스닥100액티브,426030,KOSPI,0,0,-20430.0,-28403.0,1,4,45400.0,,,,,,93.9,97.3,완전역배열,중립,False,False,45.0,-,2026-09-08 20:49:41
186,롯데케미칼,011170,KOSPI,0,0,-21581.0,-58668.0,3,2,57400.0,0.18,,,,,127.3,102.7,혼합,중립,False,False,7.3,D,2026-09-08 20:49:45
187,한화비전,489790,KOSPI,0,0,-4370.0,-49742.0,2,3,48050.0,2.55,,,,,67.8,95.5,완전역배열,중립,False,False,25.5,D,2026-09-08 20:49:49
188,롯데지주,004990,KOSPI,0,4,-47840.0,88872.0,3,0,24300.0,0.29,,,,,96.6,103.1,혼합,중립,False,False,17.1,D,2026-09-08 20:49:53
189,신영증권,001720,KOSPI,2,1,1944.0,1074.0,0,0,147300.0,0.57,,,,,88.7,95.5,완전역배열,중립,False,False,18.3,C,2026-09-08 20:49:57
190,PLUS 고배당주,161510,KOSPI,2,1,83639.0,167825.0,0,0,25330.0,,,,,,108.2,101.0,혼합,중립,False,False,62.1,-,2026-09-08 20:50:02
191,KODEX MSCI Korea TR,278540,KOSPI,1,0,4176.0,-1323.0,0,1,39340.0,,,,,,87.9,99.9,완전역배열,중립,False,False,62.4,-,2026-09-08 20:50:05
192,TIGER KOFR금리액티브(합성),449170,KOSPI,0,0,0.0,-2113.0,0,2,111810.0,,,,,,106.2,100.1,완전정배열,중립,False,False,100.0,-,2026-09-08 20:50:09
193,TIGER 미국나스닥100타겟데일리커버드콜,486290,KOSPI,1,0,354333.0,-708792.0,0,20,10250.0,,,,,,117.9,97.5,완전역배열,중립,False,False,48.6,-,2026-09-08 20:50:13
194,에스엘,005850,KOSPI,0,0,-5219.0,-7287.0,3,1,50800.0,0.86,,,,,81.8,94.4,완전역배열,중립,False,False,38.7,B,2026-09-08 20:50:17
195,케이뱅크,279570,KOSPI,4,0,793842.0,-35157.0,0,4,5810.0,0.97,,,,,107.5,100.4,혼합,중립,False,False,12.8,D,2026-09-08 20:50:21
196,현대지에프홀딩스,005440,KOSPI,1,1,47677.0,48073.0,0,0,12640.0,0.37,,,,,110.7,102.1,혼합,중립,False,False,43.4,B,2026-09-08 20:50:24
197,달바글로벌,483650,KOSPI,6,0,183282.0,-72048.0,0,9,182800.0,9.01,,,,,86.8,87.0,하향전환,하단이탈,False,False,39.9,D,2026-09-08 20:50:28
198,HL만도,204320,KOSPI,4,0,162502.0,-40755.0,0,1,48600.0,0.78,,,,,88.3,94.1,완전역배열,중립,False,False,35.0,C,2026-09-08 20:50:32
199,한국앤컴퍼니,000240,KOSPI,0,4,-36236.0,43677.0,3,0,24000.0,0.44,,,,,80.0,99.1,완전역배열,중립,False,False,16.4,B,2026-09-08 20:50:36
200,SK가스,018670,KOSPI,0,7,-423.0,25955.0,7,0,243000.0,0.58,,,,,91.5,100.8,혼합,중립,False,False,44.3,B,2026-09-08 20:50:40
201,영원무역홀딩스,009970,KOSPI,1,0,214.0,-217.0,0,1,171600.0,0.61,,,,,66.5,97.6,완전역배열,중립,False,False,36.1,B,2026-09-08 20:50:44
202,풍산,103140,KOSPI,1,1,624.0,35220.0,0,0,78400.0,0.88,,,,,78.0,96.0,완전역배열,중립,False,False,22.3,C,2026-09-08 20:50:48
203,미스토홀딩스,081660,KOSPI,1,0,19966.0,-14331.0,0,1,41150.0,1.0,,,,,95.9,97.9,완전역배열,중립,False,False,26.0,B,2026-09-08 20:50:52
204,한전KPS,051600,KOSPI,2,4,22178.0,94771.0,0,0,48450.0,1.62,,,,,85.9,100.9,혼합,중립,False,False,25.3,C,2026-09-08 20:50:56
205,제일기획,030000,KOSPI,1,0,24733.0,-47788.0,0,1,18930.0,1.19,,,,,89.9,99.7,완전역배열,중립,False,False,21.1,B,2026-09-08 20:51:00
206,현대백화점,069960,KOSPI,0,1,-45308.0,27362.0,6,0,100500.0,0.46,,,,,107.4,99.9,완전역배열,중립,False,False,20.6,B,2026-09-08 20:51:04
207,한솔케미칼,014680,KOSPI,4,0,30406.0,-12211.0,0,19,198000.0,1.94,,,,,92.9,94.4,완전역배열,중립,False,False,21.0,C,2026-09-08 20:51:07
208,GS리테일,007070,KOSPI,6,0,205273.0,-25016.0,0,6,25150.0,0.63,,,,,108.9,96.2,혼합,중립,False,False,65.7,C,2026-09-08 20:51:11
209,이마트,139480,KOSPI,2,1,40034.0,20630.0,0,0,75900.0,0.15,,,,,76.5,98.8,완전역배열,중립,False,False,8.5,D,2026-09-08 20:51:15
210,RISE 종합채권(A-이상)액티브,385540,KOSPI,0,0,0.0,-11.0,0,2,102880.0,,,,,,76.9,100.0,혼합,중립,False,False,27.8,-,2026-09-08 20:51:19
211,금호타이어,073240,KOSPI,6,0,1841153.0,-65051.0,0,1,7240.0,0.86,,,,,31.9,97.5,혼합,중립,False,False,65.2,B,2026-09-08 20:51:23
212,TIGER 코리아TOP10,292150,KOSPI,4,2,70543.0,194183.0,0,0,38800.0,,,,,,109.7,100.1,혼합,중립,False,False,65.1,-,2026-09-08 20:51:27
213,TIME 글로벌AI인공지능액티브,456600,KOSPI,0,7,-10232.0,138413.0,2,0,57280.0,,,,,,72.5,98.3,완전역배열,중립,False,False,57.0,-,2026-09-08 20:51:30
214,씨에스윈드,112610,KOSPI,0,15,-64898.0,494363.0,6,0,48350.0,1.56,,,,,77.4,99.8,완전역배열,중립,False,False,30.8,D,2026-09-08 20:51:34
215,KODEX 200미국채혼합50,284430,KOSPI,0,0,-2738.0,-867.0,2,1,20800.0,,,,,,70.0,98.7,완전역배열,중립,False,False,58.2,-,2026-09-08 20:51:38
216,아모레퍼시픽홀딩스,002790,KOSPI,1,4,5941.0,23345.0,0,0,26100.0,0.66,,,,,79.0,99.6,혼합,중립,False,False,38.4,C,2026-09-08 20:51:42
217,NHN,181710,KOSPI,0,0,-126596.0,-3688.0,1,6,59900.0,1.22,,,,,66.7,98.1,혼합,하단이탈,False,False,65.8,D,2026-09-08 20:51:46
218,이수스페셜티케미컬,457190,KOSPI,3,0,8699.0,-14533.0,0,1,64400.0,14.05,,,,,102.1,98.4,완전역배열,중립,False,False,24.1,D,2026-09-08 20:51:50
219,롯데에너지머티리얼즈,020150,KOSPI,1,0,23794.0,-13794.0,0,1,36500.0,1.11,,,,,95.0,106.4,혼합,중립,False,False,24.2,D,2026-09-08 20:51:54
220,KIWOOM 200TR,294400,KOSPI,1,6,47.0,14663.0,0,0,144940.0,,,,,,103.8,100.1,혼합,중립,False,False,62.2,-,2026-09-08 20:51:57
221,시프트업,462870,KOSPI,0,1,-17375.0,203.0,4,0,31200.0,1.83,,,,,75.0,99.0,하향전환,중립,False,False,21.8,C,2026-09-08 20:52:01
222,KODEX 단기채권PLUS,214980,KOSPI,1,2,1431.0,5497.0,0,0,114680.0,,,,,,75.4,100.1,완전정배열,중립,False,False,92.3,-,2026-09-08 20:52:05
223,롯데렌탈,089860,KOSPI,1,5,20892.0,75647.0,0,0,49600.0,1.14,,,,,60.9,106.3,완전정배열,중립,False,False,86.8,C,2026-09-08 20:52:09
224,대한조선,439260,KOSPI,5,0,78659.0,-415.0,0,7,47250.0,1.5,,,,,87.6,94.8,완전역배열,중립,False,False,7.6,B,2026-09-08 20:52:13
225,PLUS 글로벌HBM반도체,442580,KOSPI,0,1,-76469.0,68574.0,1,0,103240.0,,,,,,83.6,99.4,혼합,중립,True,False,62.4,-,2026-09-08 20:52:17
226,SK이터닉스,475150,KOSPI,1,0,21853.0,-129844.0,0,2,51000.0,6.47,,,,,39.7,94.8,혼합,중립,False,False,47.9,D,2026-09-08 20:52:21
227,ACE 200,105190,KOSPI,1,0,10809.0,-8166.0,0,1,110635.0,,,,,,71.1,100.1,혼합,중립,False,False,61.9,-,2026-09-08 20:52:25
228,두산우,000155,KOSPI,3,0,5662.0,-589.0,0,1,429000.0,2.94,,,,,76.6,97.9,완전역배열,중립,False,False,20.8,D,2026-09-08 20:52:29
229,HD현대마린엔진,071970,KOSPI,4,0,57414.0,-5521.0,0,1,50200.0,3.26,,,,,70.6,94.4,완전역배열,중립,False,False,5.2,B,2026-09-08 20:52:32
230,KODEX 2차전지산업,305720,KOSPI,0,2,-119301.0,141599.0,3,0,14475.0,,,,,,114.8,100.6,혼합,중립,False,False,29.0,-,2026-09-08 20:52:36
231,CJ대한통운,000120,KOSPI,1,0,3587.0,-128.0,0,1,73600.0,0.35,,,,,75.6,98.9,완전역배열,중립,False,False,5.0,B,2026-09-08 20:52:40
232,KODEX 미국배당커버드콜액티브,441640,KOSPI,2,0,7354.0,-188606.0,0,10,12410.0,,,,,,105.7,98.0,완전역배열,중립,False,False,60.5,-,2026-09-08 20:52:44
233,다우기술,023590,KOSPI,1,1,13112.0,331.0,0,0,38550.0,0.43,,,,,84.3,98.4,완전역배열,중립,False,False,20.8,B,2026-09-08 20:52:48
234,RISE CD금리액티브(합성),477080,KOSPI,0,0,0.0,-3098.0,0,4,107520.0,,,,,,103.6,100.1,완전정배열,중립,False,False,99.8,-,2026-09-08 20:52:52
235,동원산업,006040,KOSPI,2,0,6742.0,-8211.0,0,1,37650.0,0.44,,,,,81.9,100.1,완전정배열,중립,False,False,36.0,B,2026-09-08 20:52:56
236,호텔신라,008770,KOSPI,1,0,4297.0,-106939.0,0,1,42100.0,1.4,,,,,88.6,98.1,완전역배열,중립,False,False,7.8,D,2026-09-08 20:53:00
237,코오롱인더,120110,KOSPI,2,0,51585.0,-37928.0,0,2,55100.0,0.42,,,,,109.2,101.6,혼합,중립,False,False,30.0,C,2026-09-08 20:53:04
238,아시아나항공,020560,KOSPI,10,12,546111.0,868113.0,0,0,7940.0,12.33,,,,,155.7,107.0,완전정배열,중립,False,False,46.0,D,2026-09-08 20:53:08
239,SK리츠,395400,KOSPI,0,1,-10778.0,26322.0,5,0,5270.0,,,,,,121.6,95.8,완전역배열,중립,False,False,20.9,-,2026-09-08 20:53:12
240,ACE 글로벌반도체TOP4 Plus,446770,KOSPI,0,0,-2082.0,-31411.0,1,1,77525.0,,,,,,104.3,98.2,완전역배열,중립,False,False,63.2,-,2026-09-08 20:53:16
241,RISE 미국나스닥100,368590,KOSPI,1,0,934.0,-12520.0,0,20,29370.0,,,,,,118.2,97.5,완전역배열,중립,False,False,50.6,-,2026-09-08 20:53:20
242,LX인터내셔널,001120,KOSPI,0,1,-26841.0,11920.0,9,0,39900.0,0.48,,,,,126.5,103.4,혼합,중립,False,False,38.0,C,2026-09-08 20:53:24
243,TIGER 리츠부동산인프라,329200,KOSPI,0,0,-3777.0,-448116.0,3,4,4050.0,,,,,,88.8,99.6,완전역배열,중립,False,False,36.0,-,2026-09-08 20:53:28
244,메리츠 KIS CD금리투자 ETN,610063,KOSPI,0,0,0.0,0.0,0,0,55775.0,,,,,,25.6,100.1,완전정배열,중립,False,False,100.0,-,2026-09-08 20:53:32
245,오리온홀딩스,001800,KOSPI,1,3,6371.0,20457.0,0,0,25500.0,0.6,,,,,76.0,98.5,혼합,중립,False,False,61.6,C,2026-09-08 20:53:35
246,현대위아,011210,KOSPI,0,0,-26033.0,-13644.0,3,1,56300.0,0.4,,,,,96.8,94.1,완전역배열,중립,False,False,14.2,D,2026-09-08 20:53:39
247,IPARK현대산업개발,294870,KOSPI,1,17,3685.0,464339.0,0,0,23200.0,0.44,,,,,76.8,102.4,완전정배열,중립,False,False,77.3,B,2026-09-08 20:53:43
248,PLUS 200,152100,KOSPI,0,4,-3688.0,67166.0,4,0,112100.0,,,,,,88.2,100.1,혼합,중립,False,False,62.1,-,2026-09-08 20:53:47
249,HD현대에너지솔루션,322000,KOSPI,0,0,-8130.0,-7272.0,2,1,134000.0,3.18,,,,,70.1,102.1,혼합,중립,False,False,42.9,C,2026-09-08 20:53:50
250,KODEX 코스피,226490,KOSPI,1,0,45793.0,-12009.0,0,1,71240.0,,,,,,71.8,99.8,완전역배열,중립,False,False,61.3,-,2026-09-08 20:53:55
251,KODEX 미국AI전력핵심인프라,487230,KOSPI,0,1,-31878.0,113525.0,1,0,19500.0,,,,,,144.6,95.5,완전역배열,중립,False,False,27.8,-,2026-09-08 20:53:58
252,ACE 미국30년국채액티브(H),453850,KOSPI,1,5,7277.0,455919.0,0,0,7145.0,,,,,,87.9,100.0,완전역배열,중립,False,False,14.6,-,2026-09-08 20:54:02
253,세아베스틸지주,001430,KOSPI,1,1,34174.0,528.0,0,0,41450.0,0.75,,,,,86.3,97.5,완전역배열,중립,False,False,26.5,C,2026-09-08 20:54:07
254,녹십자,006280,KOSPI,1,0,1223.0,-2656.0,0,1,127000.0,1.17,,,,,64.4,99.8,완전역배열,중립,False,False,27.1,D,2026-09-08 20:54:10
256,SOL 조선TOP3플러스,466920,KOSPI,1,0,42172.0,-36779.0,0,2,27520.0,,,,,,117.8,97.1,완전역배열,중립,False,False,18.2,-,2026-09-08 20:54:15
257,효성티앤씨,298020,KOSPI,0,0,-942.0,-464.0,6,1,334500.0,0.82,,,,,85.8,103.9,혼합,중립,False,False,37.8,C,2026-09-08 20:54:19
258,삼성전기우,009155,KOSPI,0,2,-7206.0,864.0,1,0,497000.0,3.67,,,,,58.8,101.9,완전정배열,중립,False,False,45.5,D,2026-09-08 20:54:23
259,LS에코에너지,229640,KOSPI,0,4,-9758.0,58146.0,1,0,46650.0,5.69,,,,,95.6,98.9,완전역배열,중립,False,False,18.8,D,2026-09-08 20:54:27
260,HJ중공업,097230,KOSPI,1,0,1577.0,-797.0,0,1,15720.0,1.89,,,,,86.1,94.3,완전역배열,중립,False,False,13.1,B,2026-09-08 20:54:31
261,HDC,012630,KOSPI,1,0,28939.0,-12106.0,0,1,23350.0,0.36,,,,,97.0,101.6,혼합,중립,False,False,50.7,B,2026-09-08 20:54:34
262,후성,093370,KOSPI,3,4,371602.0,437172.0,0,0,12970.0,3.81,,,,,58.8,102.1,완전정배열,중립,False,False,41.5,D,2026-09-08 20:54:38
263,TIGER 반도체,091230,KOSPI,4,0,33677.0,-7083.0,0,1,138205.0,,,,,,117.2,100.9,혼합,중립,False,False,62.9,-,2026-09-08 20:54:42
264,대웅제약,069620,KOSPI,0,0,-1931.0,-927.0,2,1,115600.0,1.25,,,,,102.6,95.9,완전역배열,중립,False,False,11.2,B,2026-09-08 20:54:46
265,오뚜기,007310,KOSPI,1,1,52.0,258.0,0,0,332500.0,0.53,,,,,91.3,100.9,혼합,중립,False,False,23.4,C,2026-09-08 20:54:50
266,케이씨텍,281820,KOSPI,0,0,-18812.0,-6552.0,2,1,67300.0,2.31,,,,,88.2,98.3,완전역배열,중립,False,False,38.8,C,2026-09-08 20:54:53
267,SK아이이테크놀로지,361610,KOSPI,0,4,-4200.0,431114.0,2,0,16250.0,1.03,,,,,69.0,101.3,혼합,중립,False,False,19.0,D,2026-09-08 20:54:57
268,TIGER 코스닥150,232080,KOSPI,0,4,-33579.0,886651.0,2,0,13970.0,,,,,,155.9,96.4,완전역배열,중립,False,False,29.1,-,2026-09-08 20:55:01
269,TIGER 단기통안채,157450,KOSPI,0,0,0.0,-1078.0,0,4,112590.0,,,,,,71.7,100.1,완전정배열,중립,False,False,78.7,-,2026-09-08 20:55:05
270,KODEX 삼성전자채권혼합,448330,KOSPI,4,0,111419.0,-70417.0,0,4,17505.0,,,,,,73.0,99.6,혼합,중립,False,False,83.3,-,2026-09-08 20:55:09
271,하나 CD금리투자 ETN,700026,KOSPI,0,0,0.0,0.0,0,0,107690.0,,,,,,2.0,100.1,완전정배열,중립,False,False,100.0,-,2026-09-08 20:55:13
272,SK네트웍스,001740,KOSPI,0,2,-37821.0,34839.0,3,0,6420.0,0.59,,,,,84.8,91.8,완전역배열,중립,False,False,17.9,C,2026-09-08 20:55:16
273,롯데웰푸드,280360,KOSPI,0,1,-2253.0,6371.0,1,0,139700.0,0.55,,,,,66.2,106.6,완전정배열,중립,False,False,76.5,C,2026-09-08 20:55:20
274,TIGER CD1년금리액티브(합성),475630,KOSPI,0,4,0.0,9057.0,0,0,1076550.0,,,,,,185.8,100.1,완전정배열,중립,False,False,100.0,-,2026-09-08 20:55:24
275,LG전자우,066575,KOSPI,0,3,-40185.0,2539.0,1,0,74300.0,0.5,,,,,112.1,103.6,완전정배열,중립,False,False,37.5,C,2026-09-08 20:55:28
276,KB발해인프라,415640,KOSPI,15,0,618114.0,-78058.0,0,13,10370.0,,,,,,113.3,101.2,완전정배열,중립,False,False,64.9,-,2026-09-08 20:55:34
277,대신증권,003540,KOSPI,2,1,28237.0,4558.0,0,0,26650.0,0.42,,,,,96.6,99.7,완전역배열,중립,False,False,13.6,B,2026-09-08 20:55:38
278,코스모신소재,005070,KOSPI,0,4,-26874.0,41947.0,2,0,38150.0,2.34,,,,,88.3,97.3,완전역배열,중립,False,False,29.0,D,2026-09-08 20:55:42
279,SOL 종합채권(AA-이상)액티브,436140,KOSPI,0,0,0.0,-117.0,0,8,106145.0,,,,,,28.8,100.0,혼합,중립,False,False,11.4,-,2026-09-08 20:55:46
280,삼성화재우,000815,KOSPI,0,0,-659.0,-871.0,3,3,419000.0,0.49,,,,,94.1,102.9,완전정배열,중립,False,False,64.1,B,2026-09-08 20:55:50
281,KODEX 미국반도체,390390,KOSPI,0,2,-35695.0,30951.0,1,0,52330.0,,,,,,108.4,96.5,완전역배열,중립,False,False,58.8,-,2026-09-08 20:55:54
282,한일시멘트,300720,KOSPI,0,4,-2921.0,57888.0,1,0,16660.0,0.66,,,,,81.3,104.4,완전정배열,중립,False,False,46.8,C,2026-09-08 20:55:58
283,코리아써키트,007810,KOSPI,0,0,-19479.0,-6221.0,2,1,51000.0,2.86,,,,,73.1,89.9,완전역배열,하단이탈,False,False,28.7,C,2026-09-08 20:56:02
284,ACE 미국S&P500미국채혼합50액티브,438080,KOSPI,1,0,2470.0,-15112.0,0,3,13695.0,,,,,,105.1,97.8,완전역배열,중립,False,False,29.8,-,2026-09-08 20:56:06
285,삼성 레버리지 WTI원유 선물 ETN,530031,KOSPI,0,0,-5.0,-4761.0,1,1,2975.0,,,,,,93.3,111.5,상향전환,상단돌파,True,True,56.1,-,2026-09-08 20:56:09
286,더블유게임즈,192080,KOSPI,0,4,-447.0,18988.0,4,0,56100.0,0.81,,,,,78.6,97.2,완전역배열,중립,False,False,30.8,B,2026-09-08 20:56:13
287,ACE AI반도체TOP3+,469150,KOSPI,0,0,-6186.0,-88195.0,1,1,60650.0,,,,,,102.7,101.1,혼합,중립,False,False,62.7,-,2026-09-08 20:56:17
288,교보증권,030610,KOSPI,0,20,-865.0,172755.0,1,0,10400.0,0.52,,,,,134.4,99.9,완전역배열,중립,False,False,22.6,B,2026-09-08 20:56:21
289,롯데정밀화학,004000,KOSPI,1,0,3939.0,-32911.0,0,2,45250.0,0.45,,,,,111.5,98.7,완전역배열,중립,False,False,13.8,B,2026-09-08 20:56:25
290,한국카본,017960,KOSPI,1,0,1182.0,-19417.0,0,1,22500.0,1.73,,,,,61.9,95.2,완전역배열,중립,False,False,11.2,C,2026-09-08 20:56:28
291,삼화콘덴서,001820,KOSPI,0,3,-121192.0,163800.0,1,0,111700.0,4.05,,,,,70.6,107.6,완전정배열,중립,False,False,50.5,D,2026-09-08 20:56:32
292,롯데리츠,330590,KOSPI,0,6,-6910.0,254689.0,5,0,3935.0,,,,,,94.8,99.7,완전역배열,중립,False,False,41.2,-,2026-09-08 20:56:36
293,DL,000210,KOSPI,0,5,-18094.0,156578.0,4,0,53900.0,0.28,,,,,147.2,105.6,혼합,중립,False,False,45.7,B,2026-09-08 20:56:40
294,KODEX 200액티브,494890,KOSPI,4,4,924.0,54300.0,0,0,31815.0,,,,,,100.8,100.0,혼합,중립,False,False,61.7,-,2026-09-08 20:56:43
295,하이트진로,000080,KOSPI,0,3,-15484.0,24457.0,3,0,15380.0,0.93,,,,,74.5,100.4,혼합,중립,False,False,27.2,D,2026-09-08 20:56:47
296,ACE 종합채권(AA-이상)액티브,356540,KOSPI,0,1,0.0,66.0,0,0,101225.0,,,,,,38.5,100.1,혼합,중립,False,False,11.3,-,2026-09-08 20:56:52
297,KODEX 로봇액티브,445290,KOSPI,0,4,-12941.0,94739.0,2,0,30640.0,,,,,,70.4,97.0,완전역배열,중립,False,False,40.0,-,2026-09-08 20:56:56
298,TIGER 미국필라델피아AI반도체나스닥,497570,KOSPI,0,5,-1512.0,105107.0,1,0,21045.0,,,,,,68.0,96.2,완전역배열,중립,False,False,57.3,-,2026-09-08 20:56:59
299,SOL AI반도체소부장,455850,KOSPI,1,7,25239.0,380280.0,0,0,25035.0,,,,,,85.7,101.6,혼합,중립,False,False,56.4,-,2026-09-08 20:57:03
300,한화투자증권,003530,KOSPI,1,1,132198.0,7034.0,0,0,4870.0,0.47,,,,,106.7,101.1,혼합,중립,False,False,20.0,C,2026-09-08 20:57:07
301,TIGER 종합채권(AA-이상)액티브,451540,KOSPI,1,1,13.0,213.0,0,0,52755.0,,,,,,31.4,100.0,혼합,중립,False,False,16.1,-,2026-09-08 20:57:11
302,ACE 미국빅테크TOP7 Plus,465580,KOSPI,1,1,1434.0,8478.0,0,0,23860.0,,,,,,75.7,98.5,하향전환,중립,False,False,57.3,-,2026-09-08 20:57:15
304,RISE KOFR금리액티브(합성),479520,KOSPI,0,1,0.0,1463.0,0,0,106425.0,,,,,,72.9,100.1,완전정배열,중립,False,False,100.0,-,2026-09-08 20:57:20
305,SOL 200TR,295040,KOSPI,1,3,696.0,54968.0,0,0,41415.0,,,,,,85.0,100.1,혼합,중립,False,False,62.2,-,2026-09-08 20:57:24
306,KODEX 반도체레버리지,494310,KOSPI,1,4,38967.0,652435.0,0,0,81905.0,,,,,,80.2,101.7,혼합,상단돌파,False,False,35.2,-,2026-09-08 20:57:28
307,대원전선,006340,KOSPI,1,0,116542.0,-5617.0,0,2,13050.0,7.22,,,,,31.8,93.6,혼합,중립,False,False,58.7,D,2026-09-08 20:57:32
308,SOL 미국배당다우존스,446720,KOSPI,1,0,25729.0,-57032.0,0,3,13435.0,,,,,,83.9,97.9,하향전환,중립,False,False,71.0,-,2026-09-08 20:57:36
309,태광산업,003240,KOSPI,2,0,82.0,-33.0,0,1,909000.0,0.18,,,,,98.3,100.7,혼합,중립,False,False,21.7,B,2026-09-08 20:57:40
310,삼아알미늄,006110,KOSPI,2,0,22489.0,-46899.0,0,6,66700.0,4.55,,,,,77.5,111.7,완전정배열,상단돌파,False,True,55.7,D,2026-09-08 20:57:43
311,SOL 초단기채권액티브,469830,KOSPI,1,0,4.0,-5586.0,0,5,54405.0,,,,,,116.4,100.1,완전정배열,중립,False,False,99.6,-,2026-09-08 20:57:47
312,KODEX 미국나스닥100데일리커버드콜OTM,494300,KOSPI,1,0,9804.0,-94072.0,0,2,8760.0,,,,,,98.5,97.2,완전역배열,중립,False,False,35.0,-,2026-09-08 20:57:51
313,SK디스커버리,006120,KOSPI,0,1,-5762.0,1025.0,1,0,57000.0,0.29,,,,,120.0,104.7,상향전환,중립,True,False,55.8,B,2026-09-08 20:57:55
314,키움 CD금리투자 ETN,760009,KOSPI,0,1,0.0,7.0,0,0,107385.0,,,,,,0.1,100.1,완전정배열,중립,False,False,100.0,-,2026-09-08 20:57:58
315,PLUS K방산,449450,KOSPI,4,0,33006.0,-13021.0,0,3,51150.0,,,,,,77.7,94.1,완전역배열,중립,False,False,19.0,-,2026-09-08 20:58:02
316,롯데관광개발,032350,KOSPI,1,11,3850.0,439759.0,0,0,12400.0,2.62,,,,,91.4,96.9,완전역배열,중립,False,False,12.8,C,2026-09-08 20:58:06
317,KODEX 코스피100,237350,KOSPI,4,4,8336.0,210477.0,0,0,88230.0,,,,,,102.0,100.0,완전역배열,중립,False,False,61.9,-,2026-09-08 20:58:10
318,쿠쿠홀딩스,192400,KOSPI,0,2,-3385.0,5439.0,3,0,27700.0,0.63,,,,,46.4,100.4,완전정배열,중립,False,False,34.9,B,2026-09-08 20:58:14
319,KODEX Top5PlusTR,315930,KOSPI,0,15,-158.0,56868.0,2,0,81530.0,,,,,,84.9,99.7,완전역배열,중립,False,False,67.3,-,2026-09-08 20:58:18
320,대웅,003090,KOSPI,0,3,-8473.0,14125.0,3,0,16740.0,0.56,,,,,83.4,98.0,완전역배열,중립,False,False,8.8,B,2026-09-08 20:58:22
321,RISE 코리아밸류업,495050,KOSPI,0,1,-7826.0,12638.0,1,0,32785.0,,,,,,117.5,99.7,완전역배열,중립,False,False,66.8,-,2026-09-08 20:58:26
322,LG화학우,051915,KOSPI,0,1,-8452.0,5116.0,3,0,126100.0,0.28,,,,,89.4,102.1,혼합,중립,False,False,23.2,D,2026-09-08 20:58:30
323,1Q 머니마켓액티브,479080,KOSPI,0,1,0.0,3068.0,0,0,53790.0,,,,,,127.8,100.1,완전정배열,중립,False,False,99.6,-,2026-09-08 20:58:34
324,한화리츠,451800,KOSPI,1,3,3220.0,42180.0,0,0,5320.0,,,,,,106.4,97.2,혼합,중립,False,False,46.5,-,2026-09-08 20:58:37
325,ACE 미국배당다우존스,402970,KOSPI,0,0,-19.0,-26469.0,3,13,14935.0,,,,,,81.0,97.9,하향전환,중립,False,False,71.9,-,2026-09-08 20:58:41
326,SNT다이내믹스,003570,KOSPI,0,1,-818.0,940.0,1,0,28650.0,0.77,,,,,92.9,93.8,완전역배열,중립,False,False,1.5,C,2026-09-08 20:58:45
327,한화손해보험,000370,KOSPI,0,2,-40102.0,137659.0,1,0,8150.0,0.4,,,,,100.9,110.8,완전정배열,중립,False,False,53.9,B,2026-09-08 20:58:48
328,STX엔진,077970,KOSPI,1,0,578.0,-26662.0,0,4,23450.0,2.46,,,,,72.3,93.2,완전역배열,중립,False,False,9.5,C,2026-09-08 20:58:52
329,NICE평가정보,030190,KOSPI,0,4,-19201.0,77529.0,1,0,16090.0,1.95,,,,,79.5,102.9,완전정배열,중립,False,False,56.1,C,2026-09-08 20:58:56
330,종근당,185750,KOSPI,0,4,-3387.0,7809.0,7,0,67800.0,0.88,,,,,131.1,100.2,혼합,중립,False,False,13.7,C,2026-09-08 20:59:00
331,SK케미칼,285130,KOSPI,0,17,-12171.0,520221.0,13,0,53800.0,0.42,,,,,82.2,107.2,완전정배열,중립,False,False,39.1,D,2026-09-08 20:59:03
332,파라다이스,034230,KOSPI,0,3,-58135.0,134807.0,2,0,10000.0,0.5,,,,,93.1,101.8,혼합,중립,False,False,5.7,C,2026-09-08 20:59:07
333,TIGER 2차전지테마,305540,KOSPI,1,0,13773.0,-19592.0,0,4,18435.0,,,,,,97.8,101.3,혼합,중립,False,False,30.5,-,2026-09-08 20:59:11
334,ACE 미국나스닥100미국채혼합50액티브,438100,KOSPI,1,0,1537.0,-4694.0,0,2,14840.0,,,,,,89.1,97.6,완전역배열,중립,False,False,33.8,-,2026-09-08 20:59:15
335,한샘,009240,KOSPI,0,3,-4104.0,34990.0,7,0,38900.0,1.59,,,,,55.8,97.1,혼합,중립,False,False,40.0,D,2026-09-08 20:59:18
336,롯데칠성,005300,KOSPI,0,0,-3854.0,-110.0,3,1,98500.0,0.64,,,,,70.1,99.7,완전역배열,중립,False,False,7.6,C,2026-09-08 20:59:22
337,유안타증권,003470,KOSPI,1,0,62009.0,-1226.0,0,2,4720.0,0.49,,,,,91.8,100.6,혼합,중립,False,False,27.6,B,2026-09-08 20:59:26
338,CJ CGV,079160,KOSPI,1,0,44141.0,-408.0,0,1,5350.0,1.17,,,,,47.8,99.7,혼합,중립,False,False,47.8,D,2026-09-08 20:59:30
339,지역난방공사,071320,KOSPI,1,4,1815.0,8436.0,0,0,76100.0,0.36,,,,,62.2,101.2,완전정배열,중립,False,False,27.9,B,2026-09-08 20:59:34
340,한국금융지주우,071055,KOSPI,1,0,2488.0,-794.0,0,2,150100.0,0.64,,,,,88.3,98.7,완전역배열,중립,False,False,57.4,B,2026-09-08 20:59:38
341,경동나비엔,009450,KOSPI,5,0,41940.0,-39885.0,0,7,60000.0,0.98,,,,,52.1,94.1,완전역배열,중립,False,False,23.2,B,2026-09-08 20:59:41
342,세방전지,004490,KOSPI,0,1,-145672.0,18394.0,5,0,62900.0,0.5,,,,,147.2,107.4,완전정배열,중립,False,False,51.9,B,2026-09-08 20:59:46
343,디아이,003160,KOSPI,1,0,9479.0,-10982.0,0,1,30200.0,3.91,,,,,260.4,116.3,상향전환,상단돌파,True,True,60.5,D,2026-09-08 20:59:49
344,해성디에스,195870,KOSPI,7,0,144318.0,-32610.0,0,1,49700.0,1.46,,,,,107.8,93.0,완전역배열,중립,False,False,32.3,C,2026-09-08 20:59:53
345,RISE 200위클리커버드콜,475720,KOSPI,0,2,-13925.0,407032.0,1,0,12695.0,,,,,,83.1,100.6,혼합,중립,False,False,63.5,-,2026-09-08 20:59:57
346,TIGER 은행고배당플러스TOP10,466940,KOSPI,0,0,-639.0,-25954.0,1,3,27180.0,,,,,,147.9,103.3,완전정배열,중립,False,False,79.8,-,2026-09-08 21:00:02
347,KODEX 금융고배당TOP10타겟위클리커버드콜,498410,KOSPI,0,0,-18333.0,-244662.0,1,3,11800.0,,,,,,129.8,102.2,상향전환,중립,False,False,37.9,-,2026-09-08 21:00:06
348,ACE 머니마켓액티브,487340,KOSPI,0,1,0.0,2628.0,0,0,105910.0,,,,,,103.6,100.1,완전정배열,중립,False,False,99.9,-,2026-09-08 21:00:10
349,TIME Korea플러스배당액티브,441800,KOSPI,0,4,-6424.0,143494.0,1,0,29295.0,,,,,,106.6,100.9,혼합,중립,False,False,63.7,-,2026-09-08 21:00:14
350,KODEX 단기채권,153130,KOSPI,0,0,0.0,-3149.0,0,6,113350.0,,,,,,34.9,100.1,완전정배열,중립,False,False,100.0,-,2026-09-08 21:00:18
351,SK오션플랜트,100090,KOSPI,0,0,-83198.0,-67467.0,2,2,12890.0,0.96,,,,,195.0,96.2,완전역배열,중립,False,False,9.1,C,2026-09-08 21:00:22
352,KIWOOM 200,069660,KOSPI,1,0,10622.0,-8324.0,0,1,110255.0,,,,,,118.7,100.0,혼합,중립,False,False,62.2,-,2026-09-08 21:00:26
353,GS피앤엘,499790,KOSPI,2,0,20433.0,-24727.0,0,2,40300.0,0.92,,,,,87.4,99.5,완전역배열,중립,False,False,23.2,D,2026-09-08 21:00:30
354,KODEX 은선물(H),144600,KOSPI,3,6,45054.0,495275.0,0,0,10725.0,,,,,,96.6,98.6,완전역배열,중립,False,False,29.6,-,2026-09-08 21:00:34
355,빙그레,005180,KOSPI,3,0,72521.0,-39666.0,0,2,84500.0,0.95,,,,,57.4,104.5,완전정배열,중립,False,False,66.7,B,2026-09-08 21:00:37
356,N2 KIS CD금리투자 ETN,550082,KOSPI,0,0,0.0,0.0,0,0,55775.0,,,,,,0.0,100.1,완전정배열,중립,False,False,100.0,-,2026-09-08 21:00:41
357,SGC에너지,005090,KOSPI,0,0,-2476.0,-915.0,2,2,53800.0,1.12,,,,,79.7,92.0,혼합,중립,False,False,66.6,D,2026-09-08 21:00:45
358,ESR켄달스퀘어리츠,365550,KOSPI,0,2,-29004.0,110111.0,5,0,3140.0,,,,,,42.8,99.5,완전역배열,중립,False,False,11.5,-,2026-09-08 21:00:49
359,TIGER 미국30년국채커버드콜액티브(H),476550,KOSPI,0,5,-31298.0,426521.0,1,0,6760.0,,,,,,100.8,99.8,완전역배열,중립,False,False,11.6,-,2026-09-08 21:00:54
360,SNT홀딩스,036530,KOSPI,2,0,11333.0,-2241.0,0,14,47000.0,0.49,,,,,117.3,98.5,완전역배열,중립,False,False,6.2,B,2026-09-08 21:00:58
361,RISE 미국AI밸류체인데일리고정커버드콜,490590,KOSPI,2,0,7023.0,-74891.0,0,3,13830.0,,,,,,81.4,97.6,완전역배열,중립,False,False,56.0,-,2026-09-08 21:01:02
362,KODEX 미국30년국채타겟커버드콜(합성 H),481060,KOSPI,20,0,1459635.0,-419744.0,0,6,7450.0,,,,,,107.4,100.2,혼합,중립,False,False,23.9,-,2026-09-08 21:01:06
363,HS효성첨단소재,298050,KOSPI,0,2,-4110.0,5449.0,5,0,170800.0,0.85,,,,,64.9,100.3,혼합,중립,False,False,24.4,D,2026-09-08 21:01:10
364,TIGER 단기채권액티브,272580,KOSPI,0,0,0.0,-13023.0,0,5,57120.0,,,,,,126.7,100.1,완전정배열,중립,False,False,99.3,-,2026-09-08 21:01:14
365,SNT에너지,100840,KOSPI,0,2,-55573.0,125472.0,1,0,36600.0,1.81,,,,,215.1,113.0,혼합,상단돌파,False,False,33.0,B,2026-09-08 21:01:18
366,보령,003850,KOSPI,0,0,-19559.0,-921.0,3,4,8730.0,0.82,,,,,104.3,98.2,완전역배열,중립,False,False,38.9,B,2026-09-08 21:01:21
367,이노션,214320,KOSPI,0,2,-12238.0,11254.0,5,0,18650.0,0.65,,,,,84.4,98.9,완전역배열,중립,False,False,32.4,B,2026-09-08 21:01:26
368,에스디바이오센서,137310,KOSPI,0,4,-11921.0,53041.0,2,0,6140.0,0.31,,,,,48.9,98.4,완전역배열,중립,False,False,6.6,D,2026-09-08 21:01:30
369,ACE 테슬라밸류체인액티브,457480,KOSPI,0,1,-85233.0,169148.0,2,0,17880.0,,,,,,103.8,98.0,완전역배열,중립,False,False,24.5,-,2026-09-08 21:01:34
370,영풍,000670,KOSPI,2,0,3731.0,-1008.0,0,8,39250.0,0.18,,,,,77.9,100.7,혼합,중립,False,False,20.2,B,2026-09-08 21:01:38
371,OCI,456040,KOSPI,0,5,-21315.0,41776.0,1,0,80000.0,0.6,,,,,98.2,99.5,완전역배열,중립,False,False,24.8,D,2026-09-08 21:01:42
372,HANARO 원자력iSelect,434730,KOSPI,3,0,24867.0,-1301.0,0,3,60735.0,,,,,,101.6,99.6,완전역배열,중립,False,False,41.1,-,2026-09-08 21:01:47
373,KODEX 2차전지산업레버리지,462330,KOSPI,0,0,-1179335.0,-5366905.0,3,3,1004.0,,,,,,105.7,100.1,혼합,중립,False,False,16.5,-,2026-09-08 21:01:52
374,KB KIS CD금리투자 ETN,580058,KOSPI,0,0,0.0,0.0,0,0,53845.0,,,,,,0.3,100.1,완전정배열,중립,False,False,72.4,-,2026-09-08 21:01:56
375,TIGER 2차전지TOP10,364980,KOSPI,1,0,54308.0,-168183.0,0,1,10100.0,,,,,,129.4,101.2,혼합,중립,False,False,33.5,-,2026-09-08 21:02:00
376,TIGER 미국달러SOFR금리액티브(합성),456610,KOSPI,4,0,575.0,-5113.0,0,1,58440.0,,,,,,83.8,97.9,완전역배열,중립,False,False,8.0,-,2026-09-08 21:02:04
377,SNT모티브,064960,KOSPI,0,0,-15395.0,-6320.0,20,1,26050.0,0.6,,,,,67.1,98.4,완전역배열,중립,False,False,11.7,B,2026-09-08 21:02:08
378,KODEX 증권,102970,KOSPI,0,0,-5433.0,-10586.0,1,1,18280.0,,,,,,66.8,97.6,완전역배열,중립,False,False,28.2,-,2026-09-08 21:02:12
379,TIGER 미국배당다우존스타겟커버드콜2호,458760,KOSPI,0,4,-775.0,148219.0,1,0,10705.0,,,,,,109.7,98.0,하향전환,중립,False,False,71.0,-,2026-09-08 21:02:17
380,TIGER 차이나전기차SOLACTIVE,371460,KOSPI,4,0,173500.0,-24735.0,0,4,9500.0,,,,,,97.5,93.7,완전역배열,중립,False,False,0.8,-,2026-09-08 21:02:21
381,RISE ESG사회책임투자,290130,KOSPI,2,0,21662.0,-12311.0,0,2,48275.0,,,,,,109.8,100.3,혼합,중립,False,False,63.0,-,2026-09-08 21:02:25
382,하나 레버리지 반도체 ETN,700028,KOSPI,0,1,0.0,41.0,0,0,195470.0,,,,,,47.2,102.3,혼합,상단돌파,False,False,36.7,-,2026-09-08 21:02:29
383,KODEX 코리아밸류업,495850,KOSPI,3,0,71683.0,-3330.0,0,1,32500.0,,,,,,102.9,99.5,완전역배열,중립,False,False,66.6,-,2026-09-08 21:02:33
384,RISE 네트워크인프라,367760,KOSPI,0,6,-14542.0,93279.0,2,0,58085.0,,,,,,70.7,99.5,완전역배열,중립,False,False,56.5,-,2026-09-08 21:02:37
385,대한해운,005880,KOSPI,1,0,44110.0,-2232.0,0,1,2095.0,0.28,,,,,89.4,100.6,혼합,중립,False,False,26.1,B,2026-09-08 21:02:41
386,맵스리얼티,094800,KOSPI,3,20,140807.0,781580.0,0,0,7240.0,,,,,,99.1,101.9,완전정배열,중립,False,False,73.1,-,2026-09-08 21:02:45
387,TKG휴켐스,069260,KOSPI,0,3,-7781.0,46326.0,3,0,16440.0,0.67,,,,,98.1,100.9,혼합,중립,False,False,29.5,C,2026-09-08 21:02:49
388,KODEX 인버스,114800,KOSPI,1,0,15709247.0,-23409112.0,0,4,994.0,,,,,,72.6,99.4,완전역배열,중립,False,False,6.1,-,2026-09-08 21:02:53
389,E1,017940,KOSPI,8,0,23079.0,-2033.0,0,4,97300.0,0.26,,,,,118.7,103.8,완전정배열,중립,False,False,60.5,B,2026-09-08 21:02:58
390,미원에스씨,268280,KOSPI,0,3,-444.0,642.0,1,0,133200.0,1.3,,,,,55.8,101.2,완전정배열,중립,False,False,73.2,B,2026-09-08 21:03:02
391,비에이치,090460,KOSPI,0,0,-122777.0,-375024.0,2,2,19670.0,0.8,,,,,110.6,111.5,혼합,중립,False,False,23.4,B,2026-09-08 21:03:07
392,KODEX 미국빅테크10(H),314250,KOSPI,0,5,-26.0,22149.0,2,0,62680.0,,,,,,80.0,100.8,완전정배열,중립,False,False,93.1,-,2026-09-08 21:03:11
393,TIGER 미국달러단기채권액티브,329750,KOSPI,1,0,3433.0,-14961.0,0,7,12715.0,,,,,,118.8,97.8,완전역배열,중립,False,False,5.0,-,2026-09-08 21:03:15
394,TIGER 현대차그룹플러스,138540,KOSPI,3,0,17956.0,-817.0,0,1,50270.0,,,,,,66.8,96.7,완전역배열,중립,False,False,35.1,-,2026-09-08 21:03:19
395,대상,001680,KOSPI,1,8,7799.0,212540.0,0,0,18910.0,0.62,,,,,91.2,104.1,상향전환,중립,True,False,36.6,D,2026-09-08 21:03:23
396,TIGER 미국나스닥100레버리지(합성),418660,KOSPI,1,0,2600.0,-81785.0,0,20,38210.0,,,,,,102.2,95.0,완전역배열,중립,False,False,40.9,-,2026-09-08 21:03:26
397,한국쉘석유,002960,KOSPI,4,0,985.0,-186.0,0,4,502000.0,5.31,,,,,68.1,99.0,혼합,중립,False,False,46.1,C,2026-09-08 21:03:30
398,신한알파리츠,293940,KOSPI,0,9,-237.0,113319.0,9,0,5390.0,,,,,,74.0,100.2,혼합,중립,False,False,28.5,-,2026-09-08 21:03:34
399,LF,093050,KOSPI,0,0,-2559.0,-1598.0,18,1,22150.0,0.35,,,,,75.2,98.4,완전역배열,중립,False,False,54.4,B,2026-09-08 21:03:38
400,TIGER 미국S&P500타겟데일리커버드콜,482730,KOSPI,2,0,2900.0,-144872.0,0,20,11495.0,,,,,,112.5,97.6,완전역배열,중립,False,False,51.9,-,2026-09-08 21:03:43
401,명인제약,317450,KOSPI,0,1,-2684.0,23.0,5,0,43950.0,0.79,,,,,54.2,97.0,완전역배열,중립,False,False,5.1,B,2026-09-08 21:03:47
402,TIGER 반도체TOP10레버리지,488080,KOSPI,1,0,4561.0,-8939.0,0,1,35980.0,,,,,,84.7,100.3,혼합,상단돌파,False,False,31.2,-,2026-09-08 21:03:51
403,파미셀,005690,KOSPI,3,0,137880.0,-3553.0,0,1,10620.0,4.45,,,,,36.2,94.8,완전역배열,중립,False,False,19.1,C,2026-09-08 21:03:55
404,롯데손해보험,000400,KOSPI,0,0,-7891.0,-78838.0,1,1,2050.0,0.64,,,,,124.9,101.2,상향전환,중립,False,False,28.1,D,2026-09-08 21:03:59
405,금양,001570,KOSPI,0,0,0.0,0.0,0,0,9900.0,1.41,,,,,,100.0,혼합,중립,False,False,50.0,D,2026-09-08 21:04:03
406,JW중외제약,001060,KOSPI,1,1,14365.0,6537.0,0,0,27150.0,1.6,,,,,63.4,99.1,완전역배열,중립,True,False,34.8,B,2026-09-08 21:04:07
407,대한유화,006650,KOSPI,0,9,-7394.0,139444.0,9,0,97100.0,0.32,,,,,103.2,106.5,혼합,중립,False,False,14.4,B,2026-09-08 21:04:11
408,KODEX TDF2050액티브 적격,434060,KOSPI,1,0,1690.0,-1122.0,0,3,16620.0,,,,,,75.1,98.2,완전역배열,중립,False,False,46.1,-,2026-09-08 21:04:15
409,KODEX 200선물인버스2X,252670,KOSPI,1,0,114841069.0,-397157784.0,0,4,72.0,,,,,,77.3,98.2,완전역배열,하단이탈,False,False,1.1,-,2026-09-08 21:04:19
410,동원시스템즈,014820,KOSPI,0,2,-5123.0,1951.0,3,0,21450.0,0.69,,,,,86.6,99.9,완전역배열,중립,False,False,29.8,B,2026-09-08 21:04:23
411,LX홀딩스,383800,KOSPI,0,0,-19410.0,-316.0,1,4,8150.0,0.3,,,,,66.0,100.0,혼합,중립,False,False,33.2,B,2026-09-08 21:04:26
412,TIGER 글로벌AI전력인프라액티브,491010,KOSPI,0,1,-117651.0,82154.0,1,0,24690.0,,,,,,141.3,95.7,완전역배열,중립,False,False,37.1,-,2026-09-08 21:04:31
413,동아쏘시오홀딩스,000640,KOSPI,2,0,5042.0,-2738.0,0,2,91600.0,0.52,,,,,63.2,99.8,혼합,중립,False,False,36.1,B,2026-09-08 21:04:37
414,TIGER 코스피,277630,KOSPI,1,4,26.0,44801.0,0,0,72495.0,,,,,,46.7,99.9,완전역배열,중립,False,False,61.6,-,2026-09-08 21:04:43
415,자화전자,033240,KOSPI,0,0,-39709.0,-4762.0,2,1,28300.0,1.14,,,,,93.5,99.1,완전역배열,중립,False,False,27.0,B,2026-09-08 21:04:47
416,현대그린푸드,453340,KOSPI,0,0,-2004.0,-106.0,6,2,18620.0,0.76,,,,,63.7,100.6,완전정배열,중립,False,False,74.9,B,2026-09-08 21:04:52
417,솔루엠,248070,KOSPI,0,8,-70748.0,87796.0,6,0,12580.0,1.2,,,,,83.6,95.0,완전역배열,중립,False,False,8.3,D,2026-09-08 21:04:56
418,PLUS 고배당주채권혼합,251600,KOSPI,2,1,3086.0,1545.0,0,0,15500.0,,,,,,112.4,100.5,상향전환,중립,False,False,65.8,-,2026-09-08 21:05:00
419,KODEX 미국30년국채액티브(H),484790,KOSPI,1,4,1506.0,163812.0,0,0,8225.0,,,,,,84.4,99.9,완전역배열,중립,False,False,13.3,-,2026-09-08 21:05:04
420,전진건설로봇,079900,KOSPI,0,0,-1539.0,-28.0,1,1,41000.0,3.65,,,,,167.5,109.3,혼합,상단돌파,False,False,31.6,C,2026-09-08 21:05:09
421,KODEX 미국배당다우존스,489250,KOSPI,0,0,-14807.0,-59107.0,3,20,12635.0,,,,,,120.0,97.9,하향전환,중립,False,False,71.9,-,2026-09-08 21:05:14
422,미원상사,002840,KOSPI,0,4,-176.0,1130.0,7,0,130400.0,1.36,,,,,39.4,99.6,혼합,중립,False,False,40.3,C,2026-09-08 21:05:19
423,세진중공업,075580,KOSPI,4,1,68994.0,1145.0,0,0,10310.0,2.39,,,,,70.9,95.6,완전역배열,중립,False,False,9.6,B,2026-09-08 21:05:23
424,GKL,114090,KOSPI,1,0,8830.0,-372.0,0,2,9430.0,1.29,,,,,74.0,100.7,혼합,중립,False,False,5.1,C,2026-09-08 21:05:27
425,금호건설,002990,KOSPI,0,0,-86907.0,-13727.0,1,3,15650.0,2.03,,,,,56.7,107.3,완전정배열,중립,False,False,80.8,B,2026-09-08 21:05:31
426,DI동일,001530,KOSPI,0,9,-22898.0,180988.0,5,0,28100.0,1.11,,,,,110.0,107.4,완전정배열,중립,False,False,52.8,D,2026-09-08 21:05:35
427,넥센타이어,002350,KOSPI,0,0,-88056.0,-4220.0,9,3,5880.0,0.28,,,,,154.1,94.5,완전역배열,중립,False,False,3.9,B,2026-09-08 21:05:39
428,LX세미콘,108320,KOSPI,0,0,-41649.0,-5397.0,5,1,35050.0,0.5,,,,,104.4,95.4,완전역배열,중립,False,False,14.7,B,2026-09-08 21:05:42
429,SK증권,001510,KOSPI,1,1,569923.0,14488.0,0,0,2460.0,0.78,,,,,30.5,97.3,완전역배열,중립,False,False,24.4,B,2026-09-08 21:05:46
430,KODEX 미국나스닥100(H),449190,KOSPI,0,5,-719.0,130037.0,3,0,22230.0,,,,,,105.7,99.7,혼합,중립,False,False,85.6,-,2026-09-08 21:05:50
431,KG스틸,016380,KOSPI,0,2,-18328.0,1159.0,3,0,5650.0,0.25,,,,,73.6,100.2,혼합,중립,False,False,26.8,B,2026-09-08 21:05:54
432,한국단자,025540,KOSPI,0,6,-7595.0,46857.0,1,0,55500.0,0.47,,,,,73.2,96.5,완전역배열,중립,False,False,4.0,B,2026-09-08 21:05:58
433,한일홀딩스,003300,KOSPI,1,0,69.0,-984.0,0,2,18200.0,0.33,,,,,56.3,103.0,완전정배열,중립,False,False,34.5,C,2026-09-08 21:06:02
434,세아홀딩스,058650,KOSPI,0,1,-41.0,96.0,2,0,132100.0,0.22,,,,,67.3,102.0,혼합,중립,False,False,34.0,B,2026-09-08 21:06:06
435,TIGER 조선TOP10,494670,KOSPI,4,0,74183.0,-25926.0,0,3,21720.0,,,,,,111.8,96.9,완전역배열,중립,False,False,18.4,-,2026-09-08 21:06:10
436,PI첨단소재,178920,KOSPI,0,0,-14194.0,-2044.0,1,5,19000.0,1.5,,,,,80.5,98.4,완전역배열,중립,False,False,23.9,C,2026-09-08 21:06:14
437,TIGER 글로벌AI액티브,466950,KOSPI,0,0,-130.0,-6625.0,2,1,29645.0,,,,,,74.2,96.3,완전역배열,중립,False,False,35.9,-,2026-09-08 21:06:18
438,F&F홀딩스,007700,KOSPI,0,0,-330.0,-1629.0,5,2,14060.0,0.23,,,,,55.1,99.4,완전역배열,중립,False,False,10.2,B,2026-09-08 21:06:22
439,RISE 미국테크100데일리고정커버드콜,491620,KOSPI,1,0,7463.0,-213322.0,0,20,10210.0,,,,,,101.2,97.5,완전역배열,중립,False,False,55.4,-,2026-09-08 21:06:26
440,KG모빌리티,003620,KOSPI,0,0,-177814.0,-6870.0,1,3,2670.0,0.35,,,,,143.4,97.4,완전역배열,중립,False,False,6.8,B,2026-09-08 21:06:31
441,TIGER 차이나항셍테크,371160,KOSPI,0,0,-13549.0,-39253.0,2,1,6545.0,,,,,,80.6,94.9,완전역배열,중립,False,False,0.1,-,2026-09-08 21:06:34
442,풍산홀딩스,005810,KOSPI,0,0,-2449.0,-240.0,4,4,37200.0,0.41,,,,,66.1,98.6,완전역배열,중립,False,False,24.6,B,2026-09-08 21:06:38
443,부국증권,001270,KOSPI,0,7,-3661.0,3393.0,5,0,51500.0,0.51,,,,,194.2,95.3,완전역배열,중립,False,False,11.2,C,2026-09-08 21:06:42
444,TIGER 미국필라델피아반도체레버리지(합성),423920,KOSPI,0,1,-25664.0,21021.0,1,0,77855.0,,,,,,83.9,89.7,완전역배열,중립,False,False,36.2,-,2026-09-08 21:06:46
445,하나투어,039130,KOSPI,2,6,21565.0,39400.0,0,0,34350.0,3.53,,,,,110.8,101.8,혼합,중립,False,False,23.2,C,2026-09-08 21:06:50
446,TIGER 우량회사채액티브,438330,KOSPI,0,7,0.0,6242.0,0,0,115630.0,,,,,,77.0,100.0,완전정배열,중립,False,False,75.1,-,2026-09-08 21:06:54
447,PLUS 종합채권(AA-이상)액티브,451000,KOSPI,0,0,0.0,0.0,0,0,107240.0,,,,,,188.4,100.0,혼합,중립,False,False,8.9,-,2026-09-08 21:06:58
448,쿠쿠홈시스,284740,KOSPI,2,0,3007.0,-2175.0,0,2,23550.0,0.46,,,,,64.1,102.7,상향전환,중립,False,False,43.6,B,2026-09-08 21:07:02
449,TIGER 코리아밸류업,496080,KOSPI,4,0,114361.0,-53909.0,0,1,32560.0,,,,,,125.4,99.7,완전역배열,중립,False,False,66.8,-,2026-09-08 21:07:06
450,TIGER 차이나반도체FACTSET,396520,KOSPI,3,0,264253.0,-161791.0,0,2,12755.0,,,,,,80.6,94.2,완전역배열,중립,False,False,31.1,-,2026-09-08 21:07:10
451,RISE 대형고배당10TR,315960,KOSPI,0,7,-489.0,29720.0,1,0,79420.0,,,,,,100.6,100.4,혼합,중립,False,False,66.0,-,2026-09-08 21:07:13
452,PLUS 머니마켓액티브,477050,KOSPI,0,3,0.0,3414.0,0,0,53540.0,,,,,,41.2,100.1,완전정배열,중립,False,False,99.4,-,2026-09-08 21:07:17
453,KODEX 미국달러SOFR금리액티브(합성),455030,KOSPI,1,0,3925.0,-14831.0,0,17,11510.0,,,,,,111.5,97.8,완전역배열,중립,False,False,5.0,-,2026-09-08 21:07:21
454,신풍제약,019170,KOSPI,0,1,-74617.0,688.0,1,0,9940.0,1.93,,,,,63.7,107.3,상향전환,중립,False,False,37.9,D,2026-09-08 21:07:24
455,TIGER 2차전지소재Fn,462010,KOSPI,3,0,157525.0,-62884.0,0,3,4775.0,,,,,,82.4,99.5,완전역배열,중립,False,False,22.5,-,2026-09-08 21:07:28
456,ACE 국고채10년,365780,KOSPI,0,2,-3.0,778.0,4,0,82240.0,,,,,,77.4,99.8,완전역배열,중립,False,False,9.3,-,2026-09-08 21:07:33
457,RISE KIS국고채30년Enhanced,385560,KOSPI,0,0,-59.0,-3646.0,3,1,50165.0,,,,,,86.8,100.3,혼합,중립,False,False,6.0,-,2026-09-08 21:07:37
458,SOL 코리아메가테크액티브,444200,KOSPI,2,0,7054.0,-4250.0,0,1,45790.0,,,,,,94.7,98.1,완전역배열,중립,False,False,56.2,-,2026-09-08 21:07:41
459,솔루스첨단소재,336370,KOSPI,0,2,-7125.0,2308.0,6,0,7250.0,0.88,,,,,88.5,97.4,완전역배열,중립,False,False,16.6,C,2026-09-08 21:07:45
460,동국제강,460860,KOSPI,1,0,24789.0,-898.0,0,1,10260.0,0.27,,,,,83.3,104.4,상향전환,중립,False,False,25.1,D,2026-09-08 21:07:50
461,태영건설,009410,KOSPI,2,1,156955.0,3702.0,0,0,1700.0,0.87,,,,,77.5,102.1,혼합,중립,False,False,24.8,B,2026-09-08 21:07:54
462,애경케미칼,161000,KOSPI,1,0,3002.0,-2558.0,0,3,10390.0,0.69,,,,,54.6,104.6,혼합,중립,False,False,26.2,D,2026-09-08 21:07:58
463,일동제약,249420,KOSPI,0,1,-124461.0,41.0,9,0,15940.0,1.95,,,,,230.8,104.2,혼합,중립,False,False,13.9,C,2026-09-08 21:08:02
464,RISE 200TR,361580,KOSPI,2,4,214.0,33811.0,0,0,62785.0,,,,,,105.4,100.1,혼합,중립,False,False,62.1,-,2026-09-08 21:08:06
465,대신증권우,003545,KOSPI,1,4,4247.0,10314.0,0,0,20500.0,0.32,,,,,86.1,100.2,혼합,중립,False,False,18.3,B,2026-09-08 21:08:10
466,TIGER 미국나스닥100채권혼합50,435420,KOSPI,1,0,1176.0,-10183.0,0,7,13880.0,,,,,,81.5,98.7,완전역배열,중립,False,False,37.1,-,2026-09-08 21:08:15
467,현대차증권,001500,KOSPI,0,0,-35995.0,-1117.0,1,7,8010.0,0.3,,,,,122.1,99.4,완전역배열,중립,False,False,17.4,B,2026-09-08 21:08:19
468,TIGER K방산&우주,463250,KOSPI,3,0,75327.0,-65664.0,0,3,32705.0,,,,,,68.8,93.4,완전역배열,중립,False,False,20.2,-,2026-09-08 21:08:23
469,삼양사,145990,KOSPI,0,20,-439.0,54071.0,7,0,47850.0,0.29,,,,,121.1,102.9,완전정배열,중립,False,False,53.6,D,2026-09-08 21:08:28
470,KODEX 국고채3년,114260,KOSPI,1,2,217.0,1516.0,0,0,61815.0,,,,,,57.2,100.0,혼합,중립,False,False,23.1,-,2026-09-08 21:08:32
471,KODEX MSCI선진국,251350,KOSPI,1,1,297.0,379.0,0,0,38315.0,,,,,,68.8,97.6,완전역배열,중립,False,False,53.9,-,2026-09-08 21:08:36
472,KODEX 한국부동산리츠인프라,476800,KOSPI,0,3,-116310.0,155932.0,4,0,4225.0,,,,,,141.5,99.6,완전역배열,중립,False,False,24.3,-,2026-09-08 21:08:40
473,TIGER CD금리플러스액티브(합성),499660,KOSPI,0,2,0.0,6106.0,0,0,1001050.0,,,,,,109.7,100.1,완전정배열,중립,False,False,100.0,-,2026-09-08 21:08:44
474,삼성FN리츠,448730,KOSPI,2,0,35806.0,-18379.0,0,2,5290.0,,,,,,156.4,97.4,완전역배열,중립,False,False,30.8,-,2026-09-08 21:08:48
475,삼천리,004690,KOSPI,0,1,-737.0,2431.0,6,0,132500.0,0.25,,,,,88.1,103.6,완전정배열,중립,False,False,45.9,B,2026-09-08 21:08:52
476,바이오노트,377740,KOSPI,0,0,-16818.0,-3422.0,4,1,4680.0,0.3,,,,,71.8,98.5,완전역배열,중립,False,False,27.8,D,2026-09-08 21:08:56
477,아모레퍼시픽우,090435,KOSPI,1,0,1949.0,-463.0,0,3,44900.0,0.56,,,,,115.5,100.1,완전정배열,중립,False,False,49.6,C,2026-09-08 21:09:00
478,광전자,017900,KOSPI,0,0,-27381.0,-3783.0,2,2,8180.0,1.68,,,,,130.8,92.9,완전역배열,중립,False,False,36.4,D,2026-09-08 21:09:03
479,아이에스동서,010780,KOSPI,4,0,84924.0,-515.0,0,4,15570.0,0.33,,,,,61.1,96.0,완전역배열,중립,False,False,45.2,B,2026-09-08 21:09:07
480,NICE,034310,KOSPI,0,1,-15327.0,22045.0,3,0,12760.0,0.61,,,,,48.2,96.7,하향전환,중립,False,False,44.0,D,2026-09-08 21:09:11
481,삼양홀딩스,000070,KOSPI,0,2,-1032.0,5020.0,4,0,60400.0,0.23,,,,,68.4,100.7,혼합,중립,False,False,37.1,D,2026-09-08 21:09:16
482,한솔테크닉스,004710,KOSPI,1,0,15029.0,-62757.0,0,1,8770.0,1.1,,,,,218.5,112.2,혼합,상단돌파,False,False,37.2,D,2026-09-08 21:09:20
483,TIGER 200IT레버리지,243880,KOSPI,0,4,-2581.0,72150.0,1,0,338800.0,,,,,,71.5,99.3,완전역배열,중립,False,False,30.6,-,2026-09-08 21:09:24
484,SOL 미국배당미국채혼합50,490490,KOSPI,1,2,2504.0,13012.0,0,0,10770.0,,,,,,110.2,97.5,완전역배열,중립,False,False,40.2,-,2026-09-08 21:09:28
485,WON 전단채플러스액티브,496020,KOSPI,0,0,0.0,-2067.0,0,7,52500.0,,,,,,168.1,100.1,완전정배열,중립,False,False,99.7,-,2026-09-08 21:09:33
486,엠앤씨솔루션,484870,KOSPI,0,8,-2261.0,167890.0,1,0,16850.0,2.46,,,,,73.1,102.5,혼합,중립,False,False,6.0,C,2026-09-08 21:09:38
487,고려제강,002240,KOSPI,0,0,-5164.0,-525.0,5,1,17090.0,0.24,,,,,75.5,100.1,혼합,중립,False,False,13.8,B,2026-09-08 21:09:42
488,녹십자홀딩스,005250,KOSPI,0,1,-2279.0,1448.0,2,0,9810.0,0.51,,,,,188.6,97.0,완전역배열,중립,False,False,12.6,D,2026-09-08 21:09:46
490,KODEX 국고채10년액티브,471230,KOSPI,0,0,0.0,-367.0,0,3,103630.0,,,,,,81.1,99.8,완전역배열,중립,False,False,11.3,-,2026-09-08 21:09:51
491,한화갤러리아,452260,KOSPI,1,1,71545.0,167.0,0,0,2350.0,0.54,,,,,173.3,107.9,혼합,상단돌파,False,False,43.3,C,2026-09-08 21:09:55
492,KODEX 미국AI테크TOP10타겟커버드콜,483280,KOSPI,1,3,860.0,48797.0,0,0,11425.0,,,,,,124.6,98.5,완전역배열,중립,False,False,43.6,-,2026-09-08 21:09:59
493,대덕,008060,KOSPI,5,0,98009.0,-5375.0,0,4,14440.0,0.74,,,,,132.3,94.7,완전역배열,중립,False,False,40.1,C,2026-09-08 21:10:03
494,KODEX 26-12 회사채(AA-이상)액티브,473290,KOSPI,0,1,0.0,1778.0,0,0,10885.0,,,,,,60.6,100.1,완전정배열,중립,False,False,95.7,-,2026-09-08 21:10:07
495,1Q 200액티브,451060,KOSPI,3,4,979.0,42090.0,0,0,35405.0,,,,,,113.8,100.1,혼합,중립,False,False,61.7,-,2026-09-08 21:10:11
496,NH투자증권우,005945,KOSPI,2,3,10228.0,4648.0,0,0,23500.0,0.84,,,,,91.5,97.9,완전역배열,중립,False,False,47.6,B,2026-09-08 21:10:15
497,HANARO 200,293180,KOSPI,2,0,2837.0,-2861.0,0,1,110760.0,,,,,,112.7,100.1,혼합,중립,False,False,62.3,-,2026-09-08 21:10:19
498,세아제강지주,003030,KOSPI,2,1,2148.0,1030.0,0,0,106300.0,0.21,,,,,78.1,100.5,혼합,중립,False,False,7.3,D,2026-09-08 21:10:23
499,TIGER 테슬라채권혼합Fn,447770,KOSPI,1,1,1176.0,748.0,0,0,13655.0,,,,,,118.6,100.4,혼합,중립,False,False,20.3,-,2026-09-08 21:10:26
500,명신산업,009900,KOSPI,0,8,-58889.0,52805.0,1,0,8270.0,0.51,,,,,160.4,103.1,혼합,중립,False,False,30.2,B,2026-09-08 21:10:30
501,한전산업,130660,KOSPI,0,6,-51755.0,14980.0,3,0,13270.0,4.02,,,,,155.0,103.1,혼합,상단돌파,False,False,23.5,D,2026-09-08 21:10:34
502,농심홀딩스,072710,KOSPI,0,0,-321.0,-175.0,3,3,93200.0,0.31,,,,,57.0,100.3,완전정배열,중립,False,False,23.1,B,2026-09-08 21:10:38
503,유니드,014830,KOSPI,0,3,-4162.0,13215.0,3,0,63700.0,0.35,,,,,102.6,100.6,혼합,중립,False,False,17.2,B,2026-09-08 21:10:42
504,아세아,002030,KOSPI,0,7,-185.0,2602.0,7,0,209000.0,0.28,,,,,33.2,104.7,혼합,중립,False,False,21.0,C,2026-09-08 21:10:46
505,KIWOOM 국고채10년,148070,KOSPI,0,3,0.0,543.0,0,0,104265.0,,,,,,77.7,99.8,완전역배열,중립,False,False,11.6,-,2026-09-08 21:10:50
506,조광피혁,004700,KOSPI,0,0,-171.0,-518.0,2,1,64200.0,0.37,,,,,88.7,99.6,하향전환,중립,False,False,24.7,D,2026-09-08 21:10:54
507,DB증권,016610,KOSPI,0,20,-9868.0,271948.0,3,0,10000.0,0.31,,,,,101.2,102.8,혼합,중립,False,False,20.8,B,2026-09-08 21:10:58
508,흥아해운,003280,KOSPI,0,0,-233107.0,-2048.0,2,1,1760.0,1.52,,,,,119.3,99.1,완전역배열,중립,False,False,7.2,C,2026-09-08 21:11:01
509,현대차3우B,005389,KOSPI,0,0,-269.0,-470.0,1,4,181800.0,0.39,,,,,100.8,95.1,완전역배열,중립,False,False,13.0,B,2026-09-08 21:11:05
510,쏘카,403550,KOSPI,0,13,-3248.0,94704.0,2,0,11120.0,1.88,,,,,85.5,101.7,혼합,중립,False,False,17.7,D,2026-09-08 21:11:10
511,케이씨,029460,KOSPI,0,0,-8985.0,-558.0,1,5,38100.0,0.42,,,,,89.4,103.1,완전정배열,중립,False,False,77.9,B,2026-09-08 21:11:13
512,자이에스앤디,317400,KOSPI,0,1,-102632.0,346796.0,1,0,10800.0,0.9,,,,,82.4,103.9,완전정배열,중립,False,False,87.4,C,2026-09-08 21:11:17
513,유진투자증권,001200,KOSPI,0,7,-120906.0,142273.0,2,0,4315.0,0.32,,,,,99.7,99.3,완전역배열,중립,False,False,31.7,B,2026-09-08 21:11:21
514,세아제강,306200,KOSPI,2,4,735.0,7359.0,0,0,147300.0,0.36,,,,,146.8,104.0,상향전환,중립,True,False,45.8,B,2026-09-08 21:11:24
515,신대양제지,016590,KOSPI,1,0,1274.0,-1580.0,0,2,10360.0,0.5,,,,,80.4,103.0,혼합,중립,False,False,21.7,C,2026-09-08 21:11:28
516,키움 레버리지 반도체TOP10 ETN,760013,KOSPI,0,4,-10.0,2170.0,3,0,82665.0,,,,,,18.4,100.7,혼합,상단돌파,False,False,18.8,-,2026-09-08 21:11:32
517,KODEX AI반도체핵심장비,471990,KOSPI,1,0,55133.0,-16947.0,0,2,25165.0,,,,,,90.5,102.5,혼합,중립,False,False,61.9,-,2026-09-08 21:11:36
518,TIGER 미국테크TOP10타겟커버드콜,474220,KOSPI,1,0,876.0,-22830.0,0,6,14670.0,,,,,,83.2,99.1,완전역배열,중립,False,False,46.7,-,2026-09-08 21:11:40
519,RISE 코스피,302450,KOSPI,0,3,-184.0,4987.0,1,0,72075.0,,,,,,43.7,100.0,완전역배열,중립,False,False,61.6,-,2026-09-08 21:11:44
520,드림텍,192650,KOSPI,0,10,-37808.0,955887.0,7,0,6180.0,1.12,,,,,99.0,113.8,상향전환,상단돌파,False,False,47.1,D,2026-09-08 21:11:48
521,KPX홀딩스,092230,KOSPI,0,0,-236.0,-232.0,3,1,96000.0,0.28,,,,,50.4,100.9,완전정배열,중립,False,False,77.0,B,2026-09-08 21:11:52
522,삼영무역,002810,KOSPI,2,0,8322.0,-4742.0,0,6,21850.0,0.61,,,,,72.1,97.3,혼합,중립,False,False,73.1,B,2026-09-08 21:11:56
523,부광약품,003000,KOSPI,1,0,40000.0,-7067.0,0,3,4075.0,1.2,,,,,93.9,96.4,완전역배열,중립,False,False,12.6,D,2026-09-08 21:12:01
524,제주항공,089590,KOSPI,4,1,266492.0,112312.0,0,0,4970.0,1.67,,,,,165.9,105.4,혼합,상단돌파,False,False,35.1,D,2026-09-08 21:12:06
525,일진하이솔루스,271940,KOSPI,0,0,-15920.0,-4288.0,1,1,11000.0,1.26,,,,,122.5,100.0,완전역배열,중립,False,False,22.7,D,2026-09-08 21:12:10
526,TIGER 27-04회사채(A+이상)액티브,480260,KOSPI,0,3,0.0,24667.0,0,0,53845.0,,,,,,125.1,100.1,완전정배열,중립,False,False,99.8,-,2026-09-08 21:12:14
527,TIME 코스피액티브,385720,KOSPI,1,6,3816.0,51450.0,0,0,25590.0,,,,,,83.7,99.8,완전역배열,중립,False,False,58.3,-,2026-09-08 21:12:19
528,코람코라이프인프라리츠,357120,KOSPI,0,2,-1208.0,21225.0,3,0,4070.0,,,,,,138.9,96.6,완전역배열,중립,False,False,26.7,-,2026-09-08 21:12:23
529,KCC글라스,344820,KOSPI,0,10,-5238.0,15131.0,7,0,24700.0,0.29,,,,,113.9,100.1,완전정배열,중립,False,False,35.4,D,2026-09-08 21:12:27
530,INVENI,015360,KOSPI,2,0,6506.0,-413.0,0,2,14440.0,0.46,,,,,59.6,100.1,혼합,중립,False,False,40.9,B,2026-09-08 21:12:31
531,TIGER 일본니케이225,241180,KOSPI,1,0,247.0,-2806.0,0,3,34460.0,,,,,,47.9,97.3,완전역배열,중립,False,False,58.2,-,2026-09-08 21:12:35
532,아세아시멘트,183190,KOSPI,1,0,4894.0,-4647.0,0,1,10900.0,0.36,,,,,101.8,104.6,상향전환,중립,False,False,41.5,D,2026-09-08 21:12:39
533,TIME 미국S&P500액티브,426020,KOSPI,2,0,1139.0,-6873.0,0,4,31250.0,,,,,,94.5,97.9,완전역배열,중립,False,False,54.6,-,2026-09-08 21:12:43
534,코스모화학,005420,KOSPI,0,0,-23802.0,-4649.0,6,1,10160.0,1.66,,,,,86.0,96.9,완전역배열,중립,False,False,20.7,D,2026-09-08 21:12:47
535,SOL 금융지주플러스고배당,484880,KOSPI,3,0,62751.0,-21911.0,0,1,23120.0,,,,,,166.1,103.1,완전정배열,중립,False,False,86.1,-,2026-09-08 21:12:51
536,신도리코,029530,KOSPI,0,0,-923.0,-790.0,9,1,39800.0,0.31,,,,,61.2,97.8,완전역배열,중립,False,False,7.7,C,2026-09-08 21:12:55
537,율촌화학,008730,KOSPI,0,0,-11398.0,-1854.0,3,1,15480.0,1.31,,,,,92.9,102.2,혼합,중립,False,False,15.4,D,2026-09-08 21:12:59
538,TIGER 미국30년국채스트립액티브(합성 H),458250,KOSPI,3,0,39008.0,-9522.0,0,2,34520.0,,,,,,82.8,100.1,혼합,중립,False,False,13.7,-,2026-09-08 21:13:03
539,프레스티지바이오파마,950210,KOSPI,2,2,17668.0,597.0,0,0,6350.0,0.81,,,,,132.7,100.2,혼합,중립,False,False,13.5,D,2026-09-08 21:13:07
540,KODEX 자동차,091180,KOSPI,2,0,36035.0,-29290.0,0,2,27000.0,,,,,,74.5,94.7,완전역배열,중립,False,False,35.9,-,2026-09-08 21:13:11
541,제주은행,006220,KOSPI,2,1,24600.0,296.0,0,0,9970.0,0.58,,,,,59.3,104.2,혼합,중립,False,False,18.2,D,2026-09-08 21:13:15
542,미래에셋 레버리지 코스피200 선물 ETN,520054,KOSPI,0,4,-1.0,5505.0,2,0,188115.0,,,,,,95.2,99.5,완전역배열,중립,False,False,39.4,-,2026-09-08 21:13:19
543,KODEX 골드선물(H),132030,KOSPI,0,0,-245.0,-7977.0,3,1,24675.0,,,,,,66.0,98.5,하향전환,중립,False,False,39.5,-,2026-09-08 21:13:23
544,KODEX ESG종합채권(A-이상)액티브,439860,KOSPI,0,0,0.0,-1193.0,0,2,113775.0,,,,,,191.8,100.0,완전정배열,중립,False,False,52.1,-,2026-09-08 21:13:27
545,RISE 단기채권알파액티브,385550,KOSPI,1,0,117.0,-3264.0,0,2,114205.0,,,,,,173.7,100.1,완전정배열,중립,False,False,96.6,-,2026-09-08 21:13:31
546,현대퓨처넷,126560,KOSPI,0,2,-6149.0,704.0,5,0,3370.0,0.51,,,,,83.1,102.6,완전정배열,중립,False,False,61.2,D,2026-09-08 21:13:34
547,BGF,027410,KOSPI,1,3,1786.0,10922.0,0,0,3840.0,0.2,,,,,89.5,97.0,완전역배열,중립,False,False,12.9,B,2026-09-08 21:13:38
548,RISE AI&로봇,469070,KOSPI,1,0,5950.0,-19136.0,0,1,10950.0,,,,,,82.1,95.6,완전역배열,중립,False,False,20.1,-,2026-09-08 21:13:43
549,신세계인터내셔날,031430,KOSPI,1,0,18314.0,-34847.0,0,4,10440.0,0.43,,,,,56.1,98.8,완전역배열,중립,False,False,11.7,C,2026-09-08 21:13:46
550,삼립,005610,KOSPI,3,0,3398.0,-108.0,0,2,42250.0,0.74,,,,,95.6,101.9,혼합,중립,False,False,32.8,D,2026-09-08 21:13:50
551,한세실업,105630,KOSPI,0,0,-9868.0,-705.0,2,1,9110.0,0.49,,,,,75.3,100.3,혼합,중립,False,False,16.9,C,2026-09-08 21:13:54
552,제이에스코퍼레이션,194370,KOSPI,2,0,42705.0,-78239.0,0,2,12540.0,0.65,,,,,106.8,98.2,혼합,중립,False,False,46.1,B,2026-09-08 21:13:58
553,ACE 미국30년국채액티브,476760,KOSPI,1,0,1094.0,-71901.0,0,20,8680.0,,,,,,106.5,97.8,완전역배열,중립,False,False,2.3,-,2026-09-08 21:14:01
554,KISCO홀딩스,001940,KOSPI,2,0,2634.0,-3229.0,0,3,25300.0,0.27,,,,,50.0,97.3,혼합,중립,False,False,60.6,D,2026-09-08 21:14:06
555,HL홀딩스,060980,KOSPI,1,0,2383.0,-2881.0,0,2,40000.0,0.32,,,,,69.4,99.9,완전역배열,중립,False,False,23.4,B,2026-09-08 21:14:10
556,풀무원,017810,KOSPI,1,0,2297.0,-647.0,0,3,9380.0,1.02,,,,,59.2,99.9,완전역배열,중립,False,False,16.3,B,2026-09-08 21:14:14
557,동아에스티,170900,KOSPI,0,0,-106.0,-99.0,1,1,36500.0,0.54,,,,,69.8,97.7,완전역배열,중립,False,False,19.7,D,2026-09-08 21:14:18
558,TIGER 200TR,310960,KOSPI,4,2,509.0,12901.0,0,0,64545.0,,,,,,142.8,100.2,혼합,중립,False,False,62.4,-,2026-09-08 21:14:23
559,아세아제지,002310,KOSPI,0,1,-9271.0,24601.0,3,0,8920.0,0.38,,,,,85.0,106.0,완전정배열,중립,False,False,46.3,C,2026-09-08 21:14:27
560,KODEX 고배당주,279530,KOSPI,0,1,-23774.0,21545.0,1,0,17840.0,,,,,,87.1,101.6,완전정배열,중립,False,False,75.5,-,2026-09-08 21:14:31
561,KoAct 바이오헬스케어액티브,462900,KOSPI,1,0,35213.0,-55865.0,0,1,13295.0,,,,,,64.2,93.6,완전역배열,중립,False,False,14.3,-,2026-09-08 21:14:35
562,삼성SDI우,006405,KOSPI,0,0,-1894.0,-19.0,1,4,216000.0,0.7,,,,,78.3,101.6,혼합,중립,False,False,38.1,D,2026-09-08 21:14:39
563,WON 반도체밸류체인액티브,474590,KOSPI,0,2,-6728.0,21233.0,2,0,44190.0,,,,,,81.3,99.8,완전역배열,중립,False,False,65.3,-,2026-09-08 21:14:43
564,국도화학,007690,KOSPI,1,0,3246.0,-5672.0,0,1,37550.0,0.35,,,,,139.1,101.8,완전정배열,중립,False,False,55.2,B,2026-09-08 21:14:47
565,한국철강,104700,KOSPI,0,0,-4640.0,-5294.0,1,2,9460.0,0.4,,,,,118.8,98.9,혼합,중립,False,False,45.0,D,2026-09-08 21:14:50
566,TIGER 미국나스닥100(H),448300,KOSPI,1,8,1012.0,139037.0,0,0,22950.0,,,,,,118.7,99.7,혼합,중립,False,False,85.5,-,2026-09-08 21:14:55
567,넥스틸,092790,KOSPI,0,1,-38176.0,3167.0,2,0,13130.0,0.73,,,,,205.5,103.7,혼합,중립,False,False,29.3,D,2026-09-08 21:15:00
568,현대코퍼레이션,011760,KOSPI,1,0,1745.0,-1391.0,0,2,25750.0,0.41,,,,,70.2,98.2,하향전환,중립,False,False,44.5,B,2026-09-08 21:15:04
569,RISE TDF2050액티브 적격,442570,KOSPI,1,0,1240.0,-4965.0,0,1,17235.0,,,,,,77.0,98.3,완전역배열,중립,False,False,57.3,-,2026-09-08 21:15:09
570,진에어,272450,KOSPI,3,4,90960.0,147667.0,0,0,6500.0,1.88,,,,,149.3,107.7,상향전환,상단돌파,True,True,45.9,D,2026-09-08 21:15:13
571,한투 KIS CD금리투자 ETN,570090,KOSPI,0,0,0.0,0.0,0,0,55775.0,,,,,,200.0,100.1,완전정배열,중립,False,False,100.0,-,2026-09-08 21:15:17
572,현대약품,004310,KOSPI,1,1,93077.0,1586.0,0,0,10440.0,2.25,,,,,282.8,123.2,상향전환,상단돌파,True,True,55.7,D,2026-09-08 21:15:21
573,한섬,020000,KOSPI,0,1,-13616.0,14654.0,7,0,15530.0,0.23,,,,,48.2,98.4,완전역배열,중립,False,False,9.3,B,2026-09-08 21:15:26
574,TIGER 미국테크TOP10채권혼합,472170,KOSPI,0,0,-249.0,-250.0,1,2,13785.0,,,,,,79.7,99.3,완전역배열,중립,False,False,51.3,-,2026-09-08 21:15:30
575,콜마홀딩스,024720,KOSPI,0,0,-1323.0,-815.0,4,3,9650.0,0.5,,,,,40.4,97.6,혼합,중립,False,False,30.5,B,2026-09-08 21:15:34
576,KODEX 인도Nifty50,453810,KOSPI,1,0,1027.0,-4432.0,0,3,11245.0,,,,,,109.9,97.2,완전역배열,중립,False,False,0.6,-,2026-09-08 21:15:38
577,일진홀딩스,015860,KOSPI,4,9,50880.0,23590.0,0,0,6670.0,0.48,,,,,55.5,97.3,완전역배열,중립,False,False,18.0,D,2026-09-08 21:15:42
578,코오롱,002020,KOSPI,3,3,6228.0,2365.0,0,0,25450.0,0.18,,,,,45.2,97.2,완전역배열,중립,False,False,7.7,D,2026-09-08 21:15:45
579,KODEX 국고채30년액티브,439870,KOSPI,1,2,1.0,1207.0,0,0,86830.0,,,,,,48.2,100.3,혼합,중립,False,False,6.6,-,2026-09-08 21:15:49
580,엠씨넥스,097520,KOSPI,0,0,-1464.0,-1370.0,16,4,18870.0,0.77,,,,,73.3,95.1,완전역배열,중립,False,False,19.3,B,2026-09-08 21:15:53
581,신성이엔지,011930,KOSPI,5,0,53453.0,-7727.0,0,4,16120.0,1.5,,,,,70.1,97.9,완전역배열,중립,False,False,12.6,D,2026-09-08 21:15:58
582,ACE 미국달러SOFR금리(합성),456880,KOSPI,1,1,2610.0,20361.0,0,0,11830.0,,,,,,150.5,97.9,완전역배열,중립,False,False,7.1,-,2026-09-08 21:16:02
583,스틱인베스트먼트,026890,KOSPI,0,20,-3619.0,226587.0,9,0,8400.0,1.16,,,,,78.3,99.3,하향전환,중립,False,False,32.6,C,2026-09-08 21:16:06
584,RISE 삼성그룹Top3채권혼합,448630,KOSPI,4,0,36653.0,-19055.0,0,2,15285.0,,,,,,63.6,99.7,혼합,중립,False,False,84.8,-,2026-09-08 21:16:10
585,ACE 단기통안채,190620,KOSPI,0,0,0.0,-1141.0,0,2,102060.0,,,,,,74.5,100.1,완전정배열,중립,False,False,51.8,-,2026-09-08 21:16:14
586,수산인더스트리,126720,KOSPI,1,2,11757.0,1505.0,0,0,22500.0,0.54,,,,,106.4,98.7,완전역배열,중립,False,False,18.1,B,2026-09-08 21:16:18
587,덴티움,145720,KOSPI,0,0,-3495.0,-170.0,4,1,37200.0,0.52,,,,,60.3,97.7,완전역배열,중립,False,False,8.6,C,2026-09-08 21:16:23
588,LX하우시스,108670,KOSPI,0,8,-1820.0,74902.0,5,0,35350.0,0.38,,,,,123.4,101.2,완전정배열,중립,False,False,52.2,B,2026-09-08 21:16:28
589,KODEX 신재생에너지액티브,385510,KOSPI,2,1,7003.0,412.0,0,0,37665.0,,,,,,136.1,97.8,완전역배열,중립,False,False,35.3,-,2026-09-08 21:16:32
590,케이카,381970,KOSPI,1,9,58912.0,150431.0,0,0,6460.0,1.74,,,,,68.2,95.9,완전역배열,중립,False,False,4.3,D,2026-09-08 21:16:37
591,광동제약,009290,KOSPI,2,0,13644.0,-878.0,0,1,6320.0,0.49,,,,,66.8,100.0,혼합,중립,False,False,15.3,C,2026-09-08 21:16:40
592,DB,012030,KOSPI,0,0,-397385.0,-992.0,1,1,1563.0,0.59,,,,,152.3,101.4,혼합,중립,False,False,23.8,B,2026-09-08 21:16:45
593,퍼시스,016800,KOSPI,3,1,349.0,294.0,0,0,27200.0,0.39,,,,,104.2,98.5,완전역배열,중립,False,False,13.6,B,2026-09-08 21:16:49
594,한국자산신탁,123890,KOSPI,2,0,76229.0,-83313.0,0,3,2555.0,0.28,,,,,59.2,103.2,완전정배열,중립,False,False,36.0,B,2026-09-08 21:16:52
595,이수화학,005950,KOSPI,1,1,85667.0,42837.0,0,0,11880.0,1.66,,,,,66.7,91.1,하향전환,중립,False,False,52.7,B,2026-09-08 21:16:57
596,RISE 코스닥150,270810,KOSPI,2,0,14752.0,-4927.0,0,1,13635.0,,,,,,64.1,96.4,완전역배열,중립,False,False,29.2,-,2026-09-08 21:17:02
597,두산2우B,000157,KOSPI,3,0,158.0,0.0,0,0,348500.0,2.39,,,,,67.6,99.3,완전역배열,중립,False,False,23.9,D,2026-09-08 21:17:06
598,SIMPAC,009160,KOSPI,0,0,-6662.0,-493.0,7,4,4755.0,0.39,,,,,76.7,99.3,완전역배열,중립,False,False,32.4,C,2026-09-08 21:17:10
599,에이플러스에셋,244920,KOSPI,0,20,-7587.0,238608.0,1,0,13740.0,1.69,,,,,125.1,102.9,완전정배열,중립,False,False,86.7,C,2026-09-08 21:17:14
600,JW홀딩스,096760,KOSPI,2,2,28012.0,11284.0,0,0,4200.0,1.0,,,,,53.5,101.9,완전정배열,중립,False,False,67.0,B,2026-09-08 21:17:19
601,남해화학,025860,KOSPI,4,0,260833.0,-3370.0,0,4,6210.0,0.54,,,,,48.7,103.9,혼합,중립,False,False,12.7,D,2026-09-08 21:17:23
602,애경산업,018250,KOSPI,0,0,-1065.0,-436.0,2,5,11620.0,0.71,,,,,46.7,99.8,완전역배열,중립,False,False,16.7,C,2026-09-08 21:17:27
603,동국홀딩스,001230,KOSPI,0,1,-80540.0,7139.0,3,0,1971.0,0.15,,,,,65.0,101.2,혼합,중립,False,False,39.8,B,2026-09-08 21:17:32
604,서연이화,200880,KOSPI,0,0,-9597.0,-2789.0,2,4,11250.0,0.23,,,,,78.4,94.6,완전역배열,중립,False,False,20.9,B,2026-09-08 21:17:37
605,한국토지신탁,034830,KOSPI,4,0,138383.0,-73115.0,0,1,1200.0,0.25,,,,,81.6,102.0,혼합,중립,False,False,19.2,B,2026-09-08 21:17:41
606,넥센,005720,KOSPI,0,0,-4642.0,-149.0,6,1,5760.0,0.2,,,,,104.0,97.4,완전역배열,중립,False,False,25.4,B,2026-09-08 21:17:46
607,S-Oil우,010955,KOSPI,2,20,9215.0,75566.0,0,0,75000.0,0.87,,,,,145.9,103.5,완전정배열,중립,False,False,99.0,B,2026-09-08 21:17:49
608,KODEX 미국AI테크TOP10,485540,KOSPI,1,0,889.0,-21323.0,0,4,14850.0,,,,,,106.3,98.5,완전역배열,중립,False,False,44.8,-,2026-09-08 21:17:53
609,ACE 엔비디아밸류체인액티브,483320,KOSPI,0,0,-12386.0,-105024.0,1,2,24430.0,,,,,,116.0,97.4,완전역배열,중립,False,False,61.4,-,2026-09-08 21:17:57
610,KG케미칼,001390,KOSPI,2,0,27205.0,-4575.0,0,2,4475.0,0.28,,,,,54.0,100.7,혼합,중립,False,False,23.6,B,2026-09-08 21:18:02
611,대한제강,084010,KOSPI,0,0,-2657.0,-74.0,10,1,8610.0,0.31,,,,,110.0,103.0,혼합,중립,False,False,20.8,D,2026-09-08 21:18:06
612,한국화장품제조,003350,KOSPI,0,2,-83398.0,190100.0,3,0,13010.0,1.93,,,,,30.9,103.6,완전정배열,중립,False,False,70.0,B,2026-09-08 21:18:10
613,PLUS 고배당주위클리커버드콜,489030,KOSPI,0,0,-1866.0,-572410.0,1,3,6400.0,,,,,,111.2,101.4,혼합,중립,False,False,20.8,-,2026-09-08 21:18:14
614,한양증권,001750,KOSPI,1,0,600.0,-94.0,0,4,19460.0,0.38,,,,,117.1,99.6,완전역배열,중립,False,False,17.7,B,2026-09-08 21:18:18
616,KODEX 은행,091170,KOSPI,0,3,-15813.0,136621.0,1,0,16650.0,,,,,,150.1,103.3,완전정배열,중립,False,False,90.3,-,2026-09-08 21:18:23
617,RISE 중기우량회사채,136340,KOSPI,1,4,1.0,175.0,0,0,104195.0,,,,,,148.4,100.0,혼합,중립,False,False,49.1,-,2026-09-08 21:18:27
618,퍼스텍,010820,KOSPI,0,0,-15493.0,-1558.0,7,1,6000.0,3.31,,,,,96.4,95.1,완전역배열,중립,False,False,15.3,D,2026-09-08 21:18:32
619,한투 레버리지S&P500선물 ETN(H),570022,KOSPI,0,0,0.0,-20.0,0,2,58445.0,,,,,,126.4,99.6,혼합,중립,False,False,91.1,-,2026-09-08 21:18:36
620,유나이티드제약,033270,KOSPI,0,2,-2470.0,7333.0,3,0,18270.0,0.58,,,,,105.7,101.1,혼합,중립,False,False,38.1,B,2026-09-08 21:18:40
621,TYM,002900,KOSPI,1,0,14035.0,-18478.0,0,2,7010.0,0.59,,,,,102.1,100.9,완전정배열,중립,False,False,36.1,B,2026-09-08 21:18:45
622,KIWOOM 종합채권(AA-이상)액티브,454780,KOSPI,0,2,0.0,59.0,0,0,99535.0,,,,,,335.5,100.1,혼합,중립,False,False,10.0,-,2026-09-08 21:18:50
623,우진,105840,KOSPI,0,5,-140337.0,51190.0,1,0,14350.0,1.48,,,,,141.0,98.3,완전역배열,중립,False,False,18.8,D,2026-09-08 21:18:55
624,대상홀딩스,084690,KOSPI,2,0,23976.0,-413.0,0,4,7960.0,0.45,,,,,99.4,100.6,혼합,중립,False,False,32.5,D,2026-09-08 21:19:00
625,TCC스틸,002710,KOSPI,1,1,29096.0,275.0,0,0,10920.0,1.16,,,,,308.8,103.4,혼합,중립,False,False,27.7,D,2026-09-08 21:19:04
626,SOL CD금리&머니마켓액티브,497880,KOSPI,1,1,822.0,1709.0,0,0,50060.0,,,,,,95.2,100.1,완전정배열,중립,False,False,100.0,-,2026-09-08 21:19:08
627,TIGER 지주회사,307520,KOSPI,3,8,32297.0,128227.0,0,0,22860.0,,,,,,75.3,101.6,상향전환,중립,False,False,63.8,-,2026-09-08 21:19:12
628,SOL 미국테크TOP10,481190,KOSPI,1,1,513.0,599.0,0,0,16450.0,,,,,,81.0,98.8,완전역배열,중립,False,False,41.9,-,2026-09-08 21:19:16
629,포스코스틸리온,058430,KOSPI,0,3,-6995.0,5560.0,1,0,4725.0,0.72,,,,,156.8,99.4,완전역배열,중립,False,False,16.8,C,2026-09-08 21:19:20
630,KODEX 테슬라커버드콜채권혼합액티브,475080,KOSPI,2,1,689.0,24779.0,0,0,7785.0,,,,,,77.6,100.1,혼합,중립,False,False,30.4,-,2026-09-08 21:19:24
631,트리니티항공,091810,KOSPI,0,0,-1716.0,-955.0,7,1,2770.0,2.52,,,,,200.0,92.0,완전역배열,중립,False,False,4.5,D,2026-09-08 21:19:28
632,TIGER 레버리지,123320,KOSPI,4,2,102122.0,21889.0,0,0,113090.0,,,,,,79.3,99.4,완전역배열,중립,False,False,39.1,-,2026-09-08 21:19:32
633,대원강업,000430,KOSPI,0,0,-12338.0,-2533.0,2,6,4560.0,0.46,,,,,41.9,105.3,완전정배열,중립,False,False,46.4,B,2026-09-08 21:19:36
634,KODEX 단기변동금리부채권액티브,273140,KOSPI,0,0,0.0,-204.0,0,1,114765.0,,,,,,91.2,100.1,완전정배열,중립,False,False,99.8,-,2026-09-08 21:19:39
635,RISE 글로벌자산배분액티브,461490,KOSPI,1,2,772.0,3513.0,0,0,14505.0,,,,,,78.7,98.8,완전역배열,중립,False,False,54.3,-,2026-09-08 21:19:43
636,송원산업,004430,KOSPI,0,4,-55495.0,266981.0,3,0,11600.0,0.34,,,,,145.4,101.1,완전정배열,중립,False,False,37.9,B,2026-09-08 21:19:47
637,TIGER 코리아테크액티브,471780,KOSPI,1,4,4673.0,88878.0,0,0,35890.0,,,,,,91.4,100.7,혼합,중립,False,False,61.4,-,2026-09-08 21:19:51
638,롯데이노베이트,286940,KOSPI,0,0,-851.0,-667.0,1,3,18380.0,0.65,,,,,90.4,98.8,완전역배열,중립,False,False,30.8,C,2026-09-08 21:19:55
639,에이블씨엔씨,078520,KOSPI,0,0,-5894.0,-2963.0,1,2,10670.0,3.28,,,,,62.8,93.9,완전역배열,하단이탈,False,False,24.3,C,2026-09-08 21:20:00
640,SOL 반도체전공정,475300,KOSPI,1,8,25006.0,819214.0,0,0,21910.0,,,,,,78.7,101.0,혼합,중립,False,False,54.3,-,2026-09-08 21:20:04
641,서울가스,017390,KOSPI,0,0,-221.0,-1312.0,3,6,55800.0,0.2,,,,,98.3,100.5,혼합,중립,False,False,12.3,C,2026-09-08 21:20:09
642,일성아이에스,003120,KOSPI,2,1,1874.0,408.0,0,0,20750.0,0.39,,,,,29.9,100.0,혼합,중립,False,False,29.8,D,2026-09-08 21:20:13
643,TIGER 미국나스닥100커버드콜(합성),441680,KOSPI,1,0,2216.0,-6279.0,0,5,10485.0,,,,,,112.1,98.5,완전역배열,중립,False,False,52.4,-,2026-09-08 21:20:19
644,TIGER 인도니프티50,453870,KOSPI,1,0,421.0,-13175.0,0,3,11020.0,,,,,,95.7,97.0,완전역배열,중립,False,False,0.7,-,2026-09-08 21:20:24
645,광주신세계,037710,KOSPI,3,2,17414.0,528.0,0,0,35800.0,0.31,,,,,53.9,94.3,완전역배열,중립,False,False,21.1,B,2026-09-08 21:20:28
646,SOL 미국30년국채커버드콜(합성),473330,KOSPI,6,0,9231.0,-9429.0,0,3,7740.0,,,,,,72.8,97.7,완전역배열,중립,False,False,1.5,-,2026-09-08 21:20:33
647,아이마켓코리아,122900,KOSPI,0,1,-16106.0,1155.0,3,0,8110.0,0.65,,,,,49.1,100.2,완전정배열,중립,False,False,35.5,B,2026-09-08 21:20:37
648,TIGER 화장품,228790,KOSPI,2,0,1505419.0,-348683.0,0,2,4355.0,,,,,,87.9,98.0,혼합,중립,False,False,62.8,-,2026-09-08 21:20:42
649,KODEX 삼성그룹밸류,213610,KOSPI,1,4,1016.0,12326.0,0,0,22545.0,,,,,,70.3,99.6,혼합,중립,False,False,68.1,-,2026-09-08 21:20:46
650,화신,010690,KOSPI,0,0,-32416.0,-4609.0,2,4,7670.0,0.43,,,,,31.3,93.9,완전역배열,중립,False,False,12.2,B,2026-09-08 21:20:51
651,사조대림,003960,KOSPI,0,0,-954.0,-322.0,2,3,29200.0,0.46,,,,,22.0,98.0,하향전환,중립,False,False,28.9,D,2026-09-08 21:20:55
652,RISE 단기통안채,196230,KOSPI,0,0,0.0,-292.0,0,2,116970.0,,,,,,133.5,100.1,완전정배열,중립,False,False,99.0,-,2026-09-08 21:21:00
653,선진,136490,KOSPI,2,0,10991.0,-1192.0,0,2,10970.0,0.42,,,,,139.1,103.3,완전정배열,중립,False,False,46.6,B,2026-09-08 21:21:04
654,에어부산,298690,KOSPI,1,0,7314.0,-4216.0,0,3,1600.0,3.21,,,,,80.9,101.5,혼합,중립,False,False,23.8,D,2026-09-08 21:21:09
655,TIGER 200 중공업,139230,KOSPI,1,0,398.0,-4314.0,0,1,13225.0,,,,,,83.2,98.0,완전역배열,중립,False,False,28.2,-,2026-09-08 21:21:14
656,SOL 글로벌AI반도체탑픽액티브,423170,KOSPI,1,3,52.0,7643.0,0,0,57890.0,,,,,,90.0,98.8,완전역배열,중립,False,False,63.1,-,2026-09-08 21:21:19
657,세방,004360,KOSPI,3,1,1932.0,1786.0,0,0,13470.0,0.24,,,,,90.1,100.6,혼합,중립,False,False,32.7,B,2026-09-08 21:21:22
658,TIGER 바이오TOP10,364970,KOSPI,0,0,-8455.0,-139768.0,3,2,7010.0,,,,,,82.9,94.6,하향전환,중립,False,False,25.4,-,2026-09-08 21:21:27
659,KODEX 미국나스닥100레버리지(합성 H),409820,KOSPI,0,9,-75.0,111216.0,3,0,19985.0,,,,,,74.2,99.1,혼합,중립,False,False,78.9,-,2026-09-08 21:21:32
660,HK 종합채권(AA-이상)액티브,472920,KOSPI,0,0,0.0,-10.0,0,2,98090.0,,,,,,24.8,100.0,혼합,중립,False,False,9.8,-,2026-09-08 21:21:36
661,KoAct 글로벌AI&로봇액티브,471040,KOSPI,1,3,356.0,42831.0,0,0,27865.0,,,,,,92.8,96.7,완전역배열,중립,False,False,46.1,-,2026-09-08 21:21:40
662,한국공항,005430,KOSPI,0,2,-472.0,292.0,3,0,80000.0,0.57,,,,,62.9,96.1,혼합,중립,False,False,61.9,B,2026-09-08 21:21:44
663,티엠씨,217590,KOSPI,0,0,-76495.0,-14177.0,2,11,10490.0,2.2,,,,,79.2,87.3,완전역배열,하단이탈,False,False,5.6,D,2026-09-08 21:21:48
664,한미글로벌,053690,KOSPI,0,12,-62441.0,577496.0,4,0,22900.0,1.02,,,,,98.6,111.2,상향전환,상단돌파,True,True,43.6,C,2026-09-08 21:21:53
665,사조산업,007160,KOSPI,0,0,-60.0,-325.0,1,2,49950.0,0.51,,,,,29.0,99.3,혼합,중립,False,False,32.1,D,2026-09-08 21:21:57
666,삼진제약,005500,KOSPI,2,0,1684.0,-132.0,0,2,18710.0,0.79,,,,,74.2,101.9,상향전환,중립,True,False,22.9,C,2026-09-08 21:22:02
667,KoAct 코리아밸류업액티브,495230,KOSPI,5,20,1660.0,122605.0,0,0,31330.0,,,,,,99.5,99.5,완전역배열,중립,False,False,61.2,-,2026-09-08 21:22:06
668,이지스밸류플러스리츠,334890,KOSPI,0,1,-2121.0,21018.0,2,0,3565.0,,,,,,180.1,100.1,완전정배열,중립,False,False,33.0,-,2026-09-08 21:22:10
669,대한제당,001790,KOSPI,0,9,-85953.0,667144.0,2,0,2845.0,0.53,,,,,101.4,101.7,완전정배열,중립,False,False,62.6,D,2026-09-08 21:22:14
670,키다리스튜디오,020120,KOSPI,1,0,170401.0,-117661.0,0,4,6600.0,1.16,,,,,54.9,127.8,완전정배열,상단돌파,False,True,83.7,C,2026-09-08 21:22:18
671,KODEX 차이나CSI300,283580,KOSPI,1,0,1049.0,-3142.0,0,1,14765.0,,,,,,75.5,96.9,완전역배열,중립,False,False,26.5,-,2026-09-08 21:22:22
672,남양유업,003920,KOSPI,0,0,-790.0,-79.0,1,3,42950.0,0.35,,,,,59.8,99.8,완전역배열,중립,False,False,16.7,D,2026-09-08 21:22:27
673,PLUS 우주항공,421320,KOSPI,2,0,6660.0,-6751.0,0,1,26040.0,,,,,,53.9,92.6,완전역배열,중립,False,False,19.8,-,2026-09-08 21:22:31
674,서흥,008490,KOSPI,1,0,1295.0,-5041.0,0,3,21000.0,0.45,,,,,29.5,91.3,혼합,하단이탈,False,False,32.6,B,2026-09-08 21:22:36
675,삼영전자,005680,KOSPI,0,0,-4488.0,-591.0,1,1,12140.0,0.38,,,,,54.8,95.5,완전역배열,중립,False,False,26.1,D,2026-09-08 21:22:40
676,KODEX 200IT TR,363580,KOSPI,0,3,-5920.0,40315.0,1,0,56450.0,,,,,,86.9,100.3,완전정배열,중립,False,False,60.2,-,2026-09-08 21:22:44
677,ACE 구글밸류체인액티브,483340,KOSPI,1,1,2442.0,61225.0,0,0,21145.0,,,,,,86.3,95.0,완전역배열,중립,False,False,51.4,-,2026-09-08 21:22:48
678,ACE 엔비디아채권혼합,448540,KOSPI,1,2,809.0,1407.0,0,0,26635.0,,,,,,111.1,100.1,완전정배열,중립,False,False,66.2,-,2026-09-08 21:22:52
679,다올투자증권,030210,KOSPI,1,0,4342.0,-1229.0,0,1,3915.0,0.39,,,,,78.9,100.8,완전정배열,중립,False,False,33.3,B,2026-09-08 21:22:57
680,일신방직,003200,KOSPI,1,2,2399.0,2245.0,0,0,10360.0,0.24,,,,,76.8,97.2,완전역배열,중립,False,False,12.5,B,2026-09-08 21:23:01
681,흥국화재,000540,KOSPI,2,8,6441.0,31606.0,0,0,3700.0,0.22,,,,,253.0,106.3,혼합,중립,False,False,18.0,B,2026-09-08 21:23:05
682,RISE 비메모리반도체액티브,388420,KOSPI,1,0,8054.0,-5190.0,0,1,26800.0,,,,,,69.1,99.0,완전역배열,중립,False,False,52.3,-,2026-09-08 21:23:09
683,신한서부티엔디리츠,404990,KOSPI,1,0,1179.0,-9554.0,0,1,3840.0,,,,,,98.6,98.1,완전역배열,중립,False,False,35.5,-,2026-09-08 21:23:13
684,ACE 베트남VN30(합성),245710,KOSPI,2,2,356.0,26037.0,0,0,28100.0,,,,,,167.9,99.2,완전역배열,중립,False,False,26.9,-,2026-09-08 21:23:18
685,코오롱글로벌,003070,KOSPI,2,0,1397.0,-1967.0,0,5,9270.0,0.33,,,,,32.1,96.4,완전역배열,중립,False,False,24.2,D,2026-09-08 21:23:22
686,KPX케미칼,025000,KOSPI,0,0,-43.0,-332.0,1,2,53800.0,0.3,,,,,62.6,101.7,완전정배열,중립,False,False,74.0,B,2026-09-08 21:23:26
687,TIGER 미국AI빅테크10타겟데일리커버드콜,493810,KOSPI,7,0,7272.0,-25769.0,0,8,11170.0,,,,,,106.1,98.6,완전역배열,중립,False,False,50.7,-,2026-09-08 21:23:30
688,제이알글로벌리츠,348950,KOSPI,0,0,0.0,0.0,0,0,1182.0,,,,,,,100.0,혼합,중립,False,False,38.3,-,2026-09-08 21:23:34
689,에스엠벡셀,010580,KOSPI,0,0,-227758.0,-11905.0,4,3,2095.0,3.34,,,,,259.5,109.7,혼합,상단돌파,False,False,35.6,D,2026-09-08 21:23:38
690,KODEX 장기종합채권(AA-이상)액티브,363570,KOSPI,0,0,0.0,-143.0,0,8,86285.0,,,,,,11.3,100.1,혼합,중립,False,False,7.8,-,2026-09-08 21:23:43
691,SOL 미국배당다우존스(H),452360,KOSPI,0,2,-413.0,189188.0,2,0,13460.0,,,,,,117.3,100.1,완전정배열,중립,False,False,90.5,-,2026-09-08 21:23:47
692,TIME 글로벌우주테크&방산액티브,478150,KOSPI,1,7,1529.0,59241.0,0,0,18390.0,,,,,,187.8,92.8,완전역배열,중립,False,False,6.9,-,2026-09-08 21:23:51
693,더본코리아,475560,KOSPI,0,1,-3973.0,302.0,2,0,15680.0,0.99,,,,,39.7,93.9,완전역배열,중립,False,False,21.2,D,2026-09-08 21:23:55
694,엘브이엠씨홀딩스,900140,KOSPI,0,1,-4154.0,1066.0,1,0,1202.0,0.42,,,,,69.5,98.1,완전역배열,중립,False,False,16.8,C,2026-09-08 21:23:59
695,LS네트웍스,000680,KOSPI,1,0,6732.0,-309.0,0,3,2940.0,0.25,,,,,71.5,99.7,완전역배열,중립,False,False,15.8,D,2026-09-08 21:24:04
696,KODEX TRF3070,329650,KOSPI,1,0,550.0,-8696.0,0,1,13990.0,,,,,,90.3,99.3,완전역배열,중립,False,False,36.1,-,2026-09-08 21:24:07
697,대동,000490,KOSPI,1,0,13570.0,-2643.0,0,4,8000.0,0.35,,,,,37.0,102.2,혼합,중립,False,False,31.0,D,2026-09-08 21:24:12
698,BYC,001460,KOSPI,0,0,-924.0,-68.0,2,1,36800.0,0.53,,,,,101.6,99.8,완전역배열,중립,False,False,18.1,C,2026-09-08 21:24:16
699,RISE 글로벌원자력,442320,KOSPI,0,2,-437.0,1429.0,1,0,36500.0,,,,,,68.8,98.2,완전역배열,중립,False,False,26.8,-,2026-09-08 21:24:20
700,한진,002320,KOSPI,0,0,-8128.0,-296.0,1,1,14720.0,0.16,,,,,99.0,98.5,완전역배열,중립,False,False,10.3,D,2026-09-08 21:24:25
701,KB스타리츠,432320,KOSPI,1,2,25007.0,48103.0,0,0,1512.0,,,,,,105.7,102.3,혼합,중립,False,False,9.7,-,2026-09-08 21:24:29
702,삼부토건,001470,KOSPI,0,0,0.0,0.0,0,0,5820.0,0.03,,,,,,100.0,혼합,중립,False,False,100.0,B,2026-09-08 21:24:34
703,노루홀딩스,000320,KOSPI,2,0,2061.0,-433.0,0,1,17120.0,0.35,,,,,64.8,99.8,완전역배열,중립,False,False,13.7,B,2026-09-08 21:24:38
704,KODEX 미국종합채권ESG액티브(H),437080,KOSPI,2,0,13.0,-233.0,0,2,96565.0,,,,,,121.5,99.8,완전역배열,중립,False,False,8.4,-,2026-09-08 21:24:42
705,KSS해운,044450,KOSPI,1,0,9047.0,-5061.0,0,1,10070.0,0.35,,,,,91.6,100.4,혼합,중립,False,False,26.1,B,2026-09-08 21:24:46
706,KODEX 건설,117700,KOSPI,5,1,233660.0,150713.0,0,0,7230.0,,,,,,123.0,100.4,혼합,중립,False,False,55.8,-,2026-09-08 21:24:50
707,PKC,001340,KOSPI,1,1,6950.0,503.0,0,0,5030.0,0.99,,,,,78.7,99.5,완전역배열,중립,False,False,23.2,D,2026-09-08 21:24:54
708,TIGER 증권,157500,KOSPI,0,14,-14288.0,376214.0,1,0,12440.0,,,,,,62.3,97.6,완전역배열,중립,False,False,29.4,-,2026-09-08 21:25:00
709,미창석유,003650,KOSPI,0,0,-444.0,-205.0,5,1,129900.0,0.34,,,,,47.7,92.9,혼합,중립,False,False,39.8,B,2026-09-08 21:25:04
710,ACE 원자력TOP10,433500,KOSPI,2,0,9542.0,-12554.0,0,1,61030.0,,,,,,122.5,101.6,혼합,상단돌파,False,False,46.2,-,2026-09-08 21:25:08
711,TIGER 미국테크TOP10 INDXX(H),472160,KOSPI,1,0,7975.0,-5298.0,0,1,18925.0,,,,,,81.4,100.9,완전정배열,중립,False,False,78.0,-,2026-09-08 21:25:12
712,잇츠한불,226320,KOSPI,1,0,3549.0,-4499.0,0,1,10250.0,0.45,,,,,42.1,97.1,혼합,중립,False,False,34.2,B,2026-09-08 21:25:16
713,SBS,034120,KOSPI,0,1,0.0,738.0,0,0,12110.0,0.24,,,,,53.5,99.1,완전역배열,중립,False,False,14.0,D,2026-09-08 21:25:20
714,모토닉,009680,KOSPI,1,0,12.0,-260.0,0,3,10290.0,0.47,,,,,78.2,101.3,상향전환,중립,True,False,37.2,C,2026-09-08 21:25:25
716,코스맥스비티아이,044820,KOSPI,2,0,16347.0,-8670.0,0,2,23200.0,0.68,,,,,50.0,97.7,혼합,중립,False,False,65.7,B,2026-09-08 21:25:31
717,TIGER 미국투자등급회사채액티브(H),458260,KOSPI,1,1,15.0,946.0,0,0,46105.0,,,,,,65.9,99.7,완전역배열,중립,False,False,29.6,-,2026-09-08 21:25:35
718,미원화학,134380,KOSPI,7,0,13639.0,-1881.0,0,4,10100.0,1.0,,,,,139.6,96.9,완전역배열,중립,False,False,27.2,B,2026-09-08 21:25:40
719,LG생활건강우,051905,KOSPI,1,0,104.0,-253.0,0,1,105600.0,0.31,,,,,78.6,97.5,혼합,중립,False,False,45.8,D,2026-09-08 21:25:44
720,신한 레버리지 은 선물 ETN(H),500029,KOSPI,6,1,782.0,407.0,0,0,22030.0,,,,,,76.2,97.0,완전역배열,중립,False,False,7.8,-,2026-09-08 21:25:48
721,효성화학,298000,KOSPI,0,3,-5876.0,21429.0,4,0,58000.0,0.31,,,,,63.9,87.7,완전역배열,하단이탈,False,False,37.8,B,2026-09-08 21:25:52
722,무학,033920,KOSPI,0,0,-1490.0,-2307.0,1,1,7660.0,0.34,,,,,79.7,99.2,완전역배열,중립,False,False,17.0,B,2026-09-08 21:25:56
723,디아이씨,092200,KOSPI,0,0,-14727.0,-2512.0,1,3,5610.0,1.47,,,,,27.5,95.3,완전역배열,중립,False,False,16.0,D,2026-09-08 21:26:00
724,GS글로벌,001250,KOSPI,0,0,-32882.0,-4672.0,2,4,2635.0,0.39,,,,,79.8,98.0,완전역배열,중립,False,False,12.5,C,2026-09-08 21:26:04
725,휴스틸,005010,KOSPI,0,0,-30259.0,-3261.0,1,1,3865.0,0.2,,,,,189.5,100.3,혼합,중립,False,False,18.0,D,2026-09-08 21:26:09
726,TIGER 200선물레버리지,267770,KOSPI,0,4,-5685.0,31968.0,1,0,86055.0,,,,,,70.2,99.5,완전역배열,중립,False,False,38.8,-,2026-09-08 21:26:15
727,SOL 26-12 회사채(AA-이상)액티브,488980,KOSPI,0,3,0.0,409.0,0,0,52150.0,,,,,,40.1,100.1,완전정배열,중립,False,False,99.6,-,2026-09-08 21:26:20
728,백산,035150,KOSPI,0,0,-1756.0,-1233.0,6,2,10840.0,0.78,,,,,56.3,101.6,혼합,중립,False,False,29.4,B,2026-09-08 21:26:24
729,신세계 I&C,035510,KOSPI,0,1,-64375.0,1.0,4,0,15300.0,0.45,,,,,231.7,102.4,혼합,상단돌파,False,False,26.3,B,2026-09-08 21:26:28
730,LG우,003555,KOSPI,0,2,-1530.0,616.0,5,0,71000.0,0.35,,,,,83.7,101.5,완전정배열,중립,False,False,27.5,C,2026-09-08 21:26:34
731,SOL 미국AI전력인프라,486450,KOSPI,1,5,319.0,13122.0,0,0,19590.0,,,,,,49.2,96.2,완전역배열,중립,False,False,28.3,-,2026-09-08 21:26:40
732,RISE 2차전지액티브,422420,KOSPI,3,0,97862.0,-41489.0,0,3,6585.0,,,,,,98.8,100.1,혼합,중립,False,False,27.1,-,2026-09-08 21:26:45
733,RISE 고배당,266160,KOSPI,0,2,-761.0,10266.0,2,0,33585.0,,,,,,94.7,100.6,혼합,중립,False,False,65.4,-,2026-09-08 21:26:49
734,TIGER 미국채10년선물,305080,KOSPI,1,0,649.0,-1255.0,0,1,11890.0,,,,,,95.0,97.4,완전역배열,중립,False,False,3.6,-,2026-09-08 21:26:54
735,KODEX 바이오,244580,KOSPI,0,2,-20065.0,30904.0,3,0,8145.0,,,,,,59.6,95.3,완전역배열,중립,False,False,18.1,-,2026-09-08 21:26:58
736,HANARO 200TR,332930,KOSPI,0,1,0.0,34.0,0,0,145035.0,,,,,,25.7,100.1,혼합,중립,False,False,62.3,-,2026-09-08 21:27:03
737,CR홀딩스,000480,KOSPI,1,1,25.0,732.0,0,0,4475.0,0.33,,,,,65.5,98.7,완전역배열,중립,False,False,3.0,D,2026-09-08 21:27:08
738,DS단석,017860,KOSPI,0,1,-2261.0,508.0,1,0,11810.0,0.77,,,,,63.5,98.4,완전역배열,중립,False,False,13.3,D,2026-09-08 21:27:12
739,TIGER 미국AI빅테크10,490090,KOSPI,1,0,957.0,-5290.0,0,4,15575.0,,,,,,125.4,98.6,완전역배열,중립,False,False,55.3,-,2026-09-08 21:27:17
740,KIWOOM 미국양자컴퓨팅,498270,KOSPI,2,0,1354.0,-5496.0,0,5,13850.0,,,,,,78.5,93.6,완전역배열,중립,False,False,36.2,-,2026-09-08 21:27:21
741,삼성 레버리지 천연가스 선물 ETN D,530145,KOSPI,0,1,0.0,9858.0,0,0,12160.0,,,,,,108.3,103.6,-,중립,False,False,12.4,-,2026-09-08 21:27:26
742,성신양회,004980,KOSPI,3,1,54539.0,476.0,0,0,8410.0,0.35,,,,,131.5,101.3,혼합,중립,False,False,19.1,B,2026-09-08 21:27:30
743,천일고속,000650,KOSPI,2,0,845.0,-7.0,0,3,143800.0,31.89,,,,,62.9,95.1,완전역배열,중립,False,False,27.8,D,2026-09-08 21:27:35
744,삼영,003720,KOSPI,0,0,-64515.0,-4152.0,1,4,6030.0,2.07,,,,,54.9,91.8,완전역배열,중립,False,False,17.3,C,2026-09-08 21:27:40
745,미래에셋 CD금리 플러스 ETN,520094,KOSPI,0,4,0.0,1986.0,0,0,102330.0,,,,,,128.6,100.1,완전정배열,중립,False,False,100.0,-,2026-09-08 21:27:44
746,한농화성,011500,KOSPI,0,0,-3920.0,-4360.0,8,4,13050.0,1.12,,,,,74.2,97.9,완전역배열,중립,False,False,18.8,D,2026-09-08 21:27:49
747,진양홀딩스,100250,KOSPI,0,0,-8620.0,-2575.0,3,1,3165.0,0.42,,,,,63.5,100.9,완전정배열,중립,False,False,65.8,B,2026-09-08 21:27:52
748,TIGER 차이나과창판STAR50(합성),414780,KOSPI,0,1,-460.0,3978.0,1,0,12975.0,,,,,,65.3,94.6,완전역배열,중립,False,False,28.9,-,2026-09-08 21:27:56
749,YG PLUS,037270,KOSPI,3,0,39881.0,-4480.0,0,1,3155.0,1.03,,,,,70.7,95.6,완전역배열,중립,False,False,6.7,B,2026-09-08 21:28:00
750,이리츠코크렙,088260,KOSPI,0,2,-23493.0,34310.0,10,0,3165.0,,,,,,85.2,100.5,혼합,중립,False,False,15.5,-,2026-09-08 21:28:04
751,동아지질,028100,KOSPI,0,7,-11585.0,84332.0,1,0,17810.0,0.91,,,,,113.3,100.0,혼합,중립,False,False,76.3,C,2026-09-08 21:28:09
752,SOL 자동차TOP3플러스,466930,KOSPI,3,0,150438.0,-104233.0,0,1,24630.0,,,,,,88.3,94.8,완전역배열,중립,False,False,40.7,-,2026-09-08 21:28:13
753,TIME 코리아밸류업액티브,495060,KOSPI,3,0,31630.0,-2928.0,0,1,28450.0,,,,,,87.4,99.0,완전역배열,중립,False,False,53.2,-,2026-09-08 21:28:17
754,TIME K바이오액티브,463050,KOSPI,1,11,17135.0,191265.0,0,0,11935.0,,,,,,59.5,93.1,완전역배열,중립,False,False,12.9,-,2026-09-08 21:28:21
755,계룡건설,013580,KOSPI,2,1,22988.0,1002.0,0,0,22250.0,0.2,,,,,120.9,99.3,완전역배열,중립,False,False,35.0,B,2026-09-08 21:28:25
756,KODEX 미국달러선물인버스2X,261260,KOSPI,0,10,-11258.0,1185154.0,2,0,5635.0,,,,,,40.6,104.5,완전정배열,중립,False,False,95.3,-,2026-09-08 21:28:29
757,영진약품,003520,KOSPI,0,1,-78287.0,14435.0,1,0,1085.0,2.3,,,,,111.1,93.7,완전역배열,중립,False,False,1.0,D,2026-09-08 21:28:33
758,HDC랩스,039570,KOSPI,0,1,-1400.0,437.0,6,0,7560.0,0.64,,,,,55.8,99.2,완전역배열,중립,False,False,22.2,C,2026-09-08 21:28:37
759,대한제분,001130,KOSPI,1,5,5639.0,12828.0,0,0,11570.0,0.19,,,,,120.2,100.3,혼합,중립,False,False,18.1,D,2026-09-08 21:28:41
760,대성에너지,117580,KOSPI,2,0,52314.0,-1749.0,0,4,7100.0,0.53,,,,,169.7,101.6,혼합,중립,False,False,7.2,B,2026-09-08 21:28:45
761,종근당홀딩스,001630,KOSPI,0,1,-458.0,131.0,6,0,38800.0,0.28,,,,,56.8,98.8,완전역배열,중립,False,False,14.3,B,2026-09-08 21:28:49
762,TIGER 중장기국채,302190,KOSPI,0,0,0.0,-156.0,0,2,50025.0,,,,,,105.2,99.9,완전역배열,중립,False,False,16.5,-,2026-09-08 21:28:53
763,SOL 코리아밸류업TR,495550,KOSPI,3,4,255.0,14519.0,0,0,33255.0,,,,,,107.6,99.6,완전역배열,중립,False,False,66.6,-,2026-09-08 21:28:57
764,스카이라이프,053210,KOSPI,0,0,-16619.0,-260.0,11,1,4055.0,0.36,,,,,106.2,99.8,완전역배열,중립,False,False,9.9,D,2026-09-08 21:29:01
765,디앤디플랫폼리츠,377190,KOSPI,0,2,-54972.0,73943.0,6,0,2170.0,,,,,,104.5,100.5,혼합,중립,False,False,12.9,-,2026-09-08 21:29:05
766,ACE 미국반도체데일리타겟커버드콜(합성),480040,KOSPI,1,0,1003.0,-101887.0,0,8,14480.0,,,,,,96.3,96.0,완전역배열,중립,False,False,50.0,-,2026-09-08 21:29:09
767,환인제약,016580,KOSPI,0,0,-2641.0,-910.0,1,1,10250.0,0.45,,,,,121.9,101.8,상향전환,중립,True,False,36.6,B,2026-09-08 21:29:13
768,AJ네트웍스,095570,KOSPI,0,1,-13229.0,14751.0,3,0,4190.0,0.39,,,,,91.1,96.5,완전역배열,중립,False,False,20.9,B,2026-09-08 21:29:17
769,대성산업,128820,KOSPI,4,0,78436.0,-1090.0,0,4,4185.0,0.26,,,,,69.3,98.7,완전역배열,중립,False,False,6.3,D,2026-09-08 21:29:21
770,교촌에프앤비,339770,KOSPI,1,1,3972.0,119.0,0,0,3785.0,1.02,,,,,84.8,99.5,완전역배열,중립,False,False,18.6,C,2026-09-08 21:29:26
771,삼성 레버리지 코스피200 선물 ETN,530104,KOSPI,0,4,0.0,6175.0,0,0,189115.0,,,,,,68.9,99.5,완전역배열,중립,False,False,39.2,-,2026-09-08 21:29:30
772,KODEX TDF2040액티브 적격,433980,KOSPI,3,2,781.0,10238.0,0,0,15680.0,,,,,,82.8,98.5,완전역배열,중립,False,False,54.4,-,2026-09-08 21:29:35
773,대신증권2우B,003547,KOSPI,0,1,-14112.0,1.0,16,0,19600.0,0.31,,,,,100.9,99.7,완전역배열,중립,False,False,16.3,B,2026-09-08 21:29:40
774,신한 레버리지 코스피 200 선물 ETN,500069,KOSPI,0,3,0.0,41.0,0,0,187825.0,,,,,,41.2,99.5,완전역배열,중립,False,False,39.3,-,2026-09-08 21:29:45
775,PLUS 코스피50,122090,KOSPI,1,5,2204.0,54467.0,0,0,83195.0,,,,,,142.1,100.3,혼합,중립,False,False,61.3,-,2026-09-08 21:29:49
776,HANARO 머니마켓액티브,486830,KOSPI,0,2,0.0,138.0,0,0,53310.0,,,,,,52.4,100.1,완전정배열,중립,False,False,99.4,-,2026-09-08 21:29:54
777,하이트진로홀딩스,000140,KOSPI,1,1,1003.0,981.0,0,0,8000.0,0.3,,,,,63.7,98.4,완전역배열,중립,False,False,21.2,D,2026-09-08 21:29:58
778,TIGER 미국S&P500배당귀족,429000,KOSPI,1,0,602.0,-718.0,0,20,12960.0,,,,,,84.7,96.7,완전역배열,중립,False,False,28.8,-,2026-09-08 21:30:03
779,이연제약,102460,KOSPI,1,1,988.0,506.0,0,0,9930.0,0.93,,,,,76.4,99.2,완전역배열,중립,False,False,20.2,D,2026-09-08 21:30:08
780,우양피앤엘,002420,KOSPI,3,0,5703.0,-1745.0,0,2,5910.0,1.45,,,,,105.6,100.4,완전정배열,중립,False,False,37.6,D,2026-09-08 21:30:12
781,동성케미컬,102260,KOSPI,1,0,2099.0,-3191.0,0,2,3625.0,0.37,,,,,104.9,100.0,혼합,중립,False,False,29.3,B,2026-09-08 21:30:16
782,ACE 라이프자산주주가치액티브,494330,KOSPI,0,0,-996.0,-7888.0,1,2,33060.0,,,,,,134.0,100.0,완전정배열,중립,False,False,82.9,-,2026-09-08 21:30:20
783,TIGER 글로벌리튬&2차전지SOLACTIVE(합성),394670,KOSPI,1,20,877.0,190084.0,0,0,10815.0,,,,,,103.4,96.2,완전역배열,중립,False,False,48.8,-,2026-09-08 21:30:24
784,HS효성,487570,KOSPI,4,0,2294.0,-120.0,0,2,48850.0,0.31,,,,,74.7,102.3,혼합,중립,False,False,30.1,B,2026-09-08 21:30:28
785,신한 WTI원유 선물 ETN,500099,KOSPI,0,1,0.0,995.0,0,0,18165.0,,,,,,222.3,105.0,상향전환,중립,True,False,70.9,-,2026-09-08 21:30:32
786,대창단조,015230,KOSPI,2,2,43937.0,4541.0,0,0,6690.0,0.48,,,,,110.2,103.5,상향전환,중립,True,False,65.5,B,2026-09-08 21:30:36
787,도화엔지니어링,002150,KOSPI,0,1,-2282.0,1711.0,1,0,5380.0,0.72,,,,,74.0,101.3,혼합,중립,False,False,28.7,D,2026-09-08 21:30:40
788,사조씨푸드,014710,KOSPI,1,0,1126.0,-741.0,0,4,10520.0,0.92,,,,,31.2,103.6,완전정배열,중립,False,False,84.9,D,2026-09-08 21:30:44
789,SJG세종,033530,KOSPI,0,1,-15901.0,2087.0,5,0,6690.0,0.3,,,,,77.5,99.1,완전역배열,중립,False,False,19.6,B,2026-09-08 21:30:48
790,경농,002100,KOSPI,0,0,-5485.0,-6099.0,3,3,9220.0,0.58,,,,,36.3,100.1,혼합,중립,False,False,20.0,C,2026-09-08 21:30:52
791,한솔제지,213500,KOSPI,0,0,-3399.0,-2504.0,2,3,7530.0,0.25,,,,,70.1,99.6,혼합,중립,False,False,46.2,B,2026-09-08 21:30:56
792,대원제약,003220,KOSPI,4,0,35428.0,-2044.0,0,4,7990.0,0.64,,,,,223.5,101.2,혼합,중립,False,False,14.1,D,2026-09-08 21:31:00
793,동부건설,005960,KOSPI,2,0,3332.0,-391.0,0,3,7790.0,0.3,,,,,73.7,99.7,완전역배열,중립,False,False,48.1,B,2026-09-08 21:31:04
794,SP삼화,000390,KOSPI,2,1,27388.0,674.0,0,0,6560.0,0.51,,,,,100.2,101.6,혼합,중립,False,False,15.1,C,2026-09-08 21:31:09
795,서연,007860,KOSPI,0,0,-16671.0,-523.0,6,4,7590.0,0.17,,,,,80.3,97.0,완전역배열,중립,False,False,19.1,B,2026-09-08 21:31:13
796,ACE 200TR,332500,KOSPI,0,4,-128.0,11153.0,1,0,74205.0,,,,,,91.2,100.1,혼합,중립,False,False,61.9,-,2026-09-08 21:31:17
797,KODEX 미국배당다우존스타겟커버드콜,483290,KOSPI,1,2,1730.0,118509.0,0,0,9995.0,,,,,,133.0,97.9,하향전환,중립,False,False,67.6,-,2026-09-08 21:31:21
798,현대비앤지스틸,004560,KOSPI,2,0,8576.0,-518.0,0,1,11720.0,0.34,,,,,93.5,98.5,완전역배열,중립,False,False,15.2,B,2026-09-08 21:31:25
799,한세예스24홀딩스,016450,KOSPI,0,1,-3102.0,3429.0,1,0,4415.0,0.38,,,,,81.0,99.7,혼합,중립,False,False,51.6,D,2026-09-08 21:31:29
801,삼성 블룸버그 인버스2X WTI원유선물 ETN B,530134,KOSPI,3,0,7481.0,-1661431.0,0,9,1957.0,,,,,,177.1,84.0,완전역배열,하단이탈,False,False,0.1,-,2026-09-08 21:31:33
802,KODEX 미국서학개미,473460,KOSPI,1,4,426.0,11066.0,0,0,23000.0,,,,,,104.5,98.8,완전역배열,중립,False,False,36.4,-,2026-09-08 21:31:38
803,JW생명과학,234080,KOSPI,0,0,-1115.0,-492.0,2,2,11070.0,0.76,,,,,75.8,99.1,완전역배열,중립,False,False,10.3,B,2026-09-08 21:31:42
804,화승엔터프라이즈,241590,KOSPI,1,0,2049.0,-2082.0,0,1,2890.0,0.39,,,,,55.3,96.3,완전역배열,중립,False,False,2.1,D,2026-09-08 21:31:47
805,DH오토넥스,000300,KOSPI,0,0,0.0,0.0,0,0,4200.0,5.61,,,,,,100.0,혼합,중립,False,False,100.0,B,2026-09-08 21:31:51
806,유화증권,003460,KOSPI,1,0,1271.0,-3079.0,0,3,3055.0,0.35,,,,,57.2,98.2,완전역배열,중립,False,False,18.4,C,2026-09-08 21:31:55
807,TIGER 2차전지TOP10레버리지,412570,KOSPI,0,0,-356606.0,-1003167.0,1,1,1191.0,,,,,,116.7,101.4,혼합,중립,False,False,19.2,-,2026-09-08 21:32:00
808,KODEX 2차전지핵심소재10,461950,KOSPI,5,0,875352.0,-172658.0,0,3,4885.0,,,,,,86.4,100.2,혼합,중립,False,False,24.7,-,2026-09-08 21:32:05
809,MIDAS 코스피액티브,403790,KOSPI,2,0,97.0,-74.0,0,2,58500.0,,,,,,102.9,99.9,완전역배열,중립,False,False,63.0,-,2026-09-08 21:32:09
810,ACE 미국빅테크7+데일리타겟커버드콜(합성),480020,KOSPI,1,0,3184.0,-160284.0,0,9,10200.0,,,,,,99.1,98.5,완전역배열,중립,False,False,26.0,-,2026-09-08 21:32:13
811,유수홀딩스,000700,KOSPI,1,0,457.0,-392.0,0,1,6500.0,0.5,,,,,44.4,101.0,완전정배열,중립,False,False,68.2,C,2026-09-08 21:32:17
812,지누스,013890,KOSPI,0,0,-717.0,-95.0,1,4,7710.0,0.26,,,,,33.7,100.8,혼합,중립,False,False,5.6,D,2026-09-08 21:32:22
813,UNICORN SK하이닉스밸류체인액티브,494220,KOSPI,1,7,2695.0,69795.0,0,0,47420.0,,,,,,85.9,100.8,혼합,중립,False,False,60.9,-,2026-09-08 21:32:26
814,RISE 미국30년국채엔화노출(합성 H),472870,KOSPI,2,2,6053.0,20224.0,0,0,6930.0,,,,,,91.7,99.0,완전역배열,중립,False,False,12.2,-,2026-09-08 21:32:30
815,강남제비스코,000860,KOSPI,0,0,-2625.0,-1222.0,1,1,12900.0,0.27,,,,,72.2,103.0,혼합,중립,False,False,23.0,D,2026-09-08 21:32:34
816,삼익THK,004380,KOSPI,1,0,2354.0,-83.0,0,4,8090.0,1.1,,,,,84.7,95.9,완전역배열,중립,False,False,16.9,D,2026-09-08 21:32:38
817,미래산업,025560,KOSPI,0,1,-52469.0,3714.0,2,0,6010.0,1.04,,,,,47.5,82.6,혼합,하단이탈,False,False,34.9,B,2026-09-08 21:32:42
818,KODEX 200ESG,337160,KOSPI,1,0,2590.0,-2358.0,0,1,48635.0,,,,,,63.5,100.1,완전정배열,중립,True,False,64.4,-,2026-09-08 21:32:47
819,RISE 미국배당100데일리고정커버드콜,490600,KOSPI,1,1,2740.0,8650.0,0,0,8830.0,,,,,,116.6,97.7,하향전환,중립,False,False,57.1,-,2026-09-08 21:32:51
820,TIGER 구리실물,160580,KOSPI,2,1,1373.0,2546.0,0,0,16185.0,,,,,,75.3,97.8,하향전환,중립,False,False,72.4,-,2026-09-08 21:32:56
821,KODEX 코리아배당성장채권혼합,237370,KOSPI,0,0,-952.0,-3117.0,1,3,15770.0,,,,,,76.3,100.2,혼합,중립,False,False,75.7,-,2026-09-08 21:33:00
822,KIWOOM 인도Nifty50(합성),200250,KOSPI,1,0,288.0,-1839.0,0,2,20680.0,,,,,,149.1,97.3,완전역배열,중립,False,False,0.9,-,2026-09-08 21:33:05
823,미래에셋증권우,006805,KOSPI,3,0,21944.0,-346.0,0,1,12140.0,0.43,,,,,112.1,95.1,완전역배열,중립,False,False,19.0,B,2026-09-08 21:33:09
824,TIGER 코스닥150 레버리지,233160,KOSPI,12,0,4733871.0,-238651.0,0,13,7270.0,,,,,,85.7,92.2,완전역배열,중립,False,False,14.6,-,2026-09-08 21:33:13
825,해태제과식품,101530,KOSPI,0,0,-1726.0,-128.0,4,5,5560.0,0.47,,,,,17.0,98.9,완전역배열,중립,False,False,10.3,B,2026-09-08 21:33:17
826,미래에셋 레버리지 반도체 ETN,520098,KOSPI,0,4,-270.0,18515.0,1,0,26875.0,,,,,,109.0,101.9,-,상단돌파,False,False,24.5,-,2026-09-08 21:33:20
827,노루페인트,090350,KOSPI,0,0,-4168.0,-233.0,3,1,8050.0,0.38,,,,,62.2,99.7,하향전환,중립,False,False,29.4,B,2026-09-08 21:33:24
828,CJ제일제당 우,097955,KOSPI,0,0,-988.0,-12.0,12,2,121100.0,0.26,,,,,69.1,98.4,완전역배열,중립,False,False,18.0,D,2026-09-08 21:33:28
829,SYTS,002170,KOSPI,0,0,-201.0,-258.0,15,1,52900.0,0.3,,,,,58.8,96.7,완전역배열,중립,False,False,28.2,B,2026-09-08 21:33:32
830,RISE 단기국공채액티브,272560,KOSPI,0,0,0.0,-181.0,0,2,114925.0,,,,,,86.2,100.1,완전정배열,중립,False,False,99.9,-,2026-09-08 21:33:36
831,일양약품,007570,KOSPI,0,0,-2813.0,-77.0,5,4,8240.0,0.6,,,,,56.0,98.3,완전역배열,중립,False,False,10.6,B,2026-09-08 21:33:41
832,금호석유화학우,011785,KOSPI,0,0,-525.0,-149.0,6,1,51900.0,0.2,,,,,115.2,100.5,혼합,중립,False,False,17.5,B,2026-09-08 21:33:45
833,CJ우,001045,KOSPI,8,0,8028.0,-1568.0,0,13,69300.0,0.43,,,,,97.6,97.6,완전역배열,중립,False,False,12.6,D,2026-09-08 21:33:50
834,파워 200,152870,KOSPI,0,0,-3.0,-9.0,1,2,111515.0,,,,,,84.0,100.1,혼합,중립,False,False,62.3,-,2026-09-08 21:33:54
835,1Q CD금리액티브(합성),491610,KOSPI,0,2,0.0,18520.0,0,0,104920.0,,,,,,133.1,100.1,완전정배열,중립,False,False,100.0,-,2026-09-08 21:33:58
836,ACE 미국500데일리타겟커버드콜(합성),480030,KOSPI,1,0,1385.0,-73866.0,0,9,9720.0,,,,,,104.2,97.9,완전역배열,중립,False,False,45.5,-,2026-09-08 21:34:02
837,알루코,001780,KOSPI,1,0,3905.0,-3251.0,0,4,1601.0,0.45,,,,,65.7,94.0,완전역배열,중립,False,False,10.4,B,2026-09-08 21:34:06
838,동국씨엠,460850,KOSPI,2,1,12552.0,940.0,0,0,5130.0,0.16,,,,,71.4,99.1,완전역배열,중립,False,False,25.3,D,2026-09-08 21:34:11
839,NH올원리츠,400760,KOSPI,2,0,50440.0,-21459.0,0,3,2790.0,,,,,,136.3,97.6,완전역배열,중립,False,False,4.6,-,2026-09-08 21:34:16
840,웅진,016880,KOSPI,0,0,-52683.0,-75335.0,1,2,1916.0,0.83,,,,,100.6,94.6,완전역배열,중립,False,False,6.4,B,2026-09-08 21:34:21
841,조선내화,462520,KOSPI,0,0,-26.0,-2383.0,1,2,12900.0,0.71,,,,,75.1,98.0,완전역배열,중립,False,False,1.3,D,2026-09-08 21:34:25
842,유니퀘스트,077500,KOSPI,0,0,-2955.0,-276.0,2,4,7080.0,0.56,,,,,42.4,101.3,완전정배열,중립,False,False,55.2,B,2026-09-08 21:34:30
843,제일약품,271980,KOSPI,0,0,-118.0,-60.0,1,4,10370.0,0.74,,,,,73.8,102.6,혼합,중립,False,False,14.9,C,2026-09-08 21:34:34
844,KIWOOM 26-09회사채(AA-이상)액티브,464240,KOSPI,0,0,0.0,-2.0,0,1,52015.0,,,,,,6.6,100.1,완전정배열,중립,False,False,100.0,-,2026-09-08 21:34:38
845,금호전기,001210,KOSPI,0,3,-5504.0,483.0,2,0,12310.0,5.62,,,,,52.2,137.7,완전정배열,상단돌파,False,True,83.0,D,2026-09-08 21:34:42
846,HANARO 전력설비투자,491820,KOSPI,0,0,-408.0,-6025.0,1,1,42305.0,,,,,,79.2,98.0,완전역배열,중립,False,False,39.6,-,2026-09-08 21:34:46
847,한국주철관,000970,KOSPI,0,0,-2759.0,-9096.0,1,2,6660.0,0.4,,,,,81.4,99.2,완전역배열,중립,False,False,30.3,B,2026-09-08 21:34:50
848,대한화섬,003830,KOSPI,0,0,-3.0,-7.0,2,4,114300.0,0.17,,,,,45.5,98.5,하향전환,중립,False,False,27.5,B,2026-09-08 21:34:54
849,이구산업,025820,KOSPI,0,0,-21864.0,-132.0,5,4,4520.0,0.91,,,,,130.8,96.9,완전역배열,중립,False,False,31.4,B,2026-09-08 21:34:59
850,삼화전기,009470,KOSPI,1,0,3265.0,-589.0,0,4,22800.0,1.28,,,,,58.2,96.7,완전역배열,중립,False,False,12.0,D,2026-09-08 21:35:07
851,한투 나스닥100 ETN,570051,KOSPI,0,1,0.0,42.0,0,0,30000.0,,,,,,22.1,97.6,완전역배열,중립,False,False,50.0,-,2026-09-08 21:35:12
852,TIGER 삼성그룹,138520,KOSPI,1,0,11683.0,-1260.0,0,1,37105.0,,,,,,68.0,100.2,완전정배열,중립,False,False,67.6,-,2026-09-08 21:35:17
853,하나제약,293480,KOSPI,0,0,-7866.0,-250.0,11,3,8430.0,0.45,,,,,51.2,99.1,완전역배열,중립,False,False,7.3,B,2026-09-08 21:35:21
854,삼양패키징,272550,KOSPI,0,0,-3577.0,-68.0,7,2,9910.0,0.38,,,,,54.0,99.2,완전역배열,중립,False,False,20.9,B,2026-09-08 21:35:26
855,KODEX 미국S&P500선물(H),219480,KOSPI,0,6,0.0,8222.0,0,0,33160.0,,,,,,63.3,99.8,혼합,중립,False,False,91.9,-,2026-09-08 21:35:30
856,롯데하이마트,071840,KOSPI,3,0,1446.0,-525.0,0,1,6320.0,0.16,,,,,67.9,99.0,완전역배열,중립,False,False,11.4,D,2026-09-08 21:35:34
857,ACE 코스닥150,354500,KOSPI,1,0,13649.0,-2379.0,0,1,13805.0,,,,,,86.1,96.4,완전역배열,중립,False,False,28.4,-,2026-09-08 21:35:38
858,KIWOOM CD금리액티브(합성),458210,KOSPI,0,0,0.0,-45.0,0,4,110655.0,,,,,,39.8,100.1,완전정배열,중립,False,False,99.7,-,2026-09-08 21:35:42
859,신라교역,004970,KOSPI,3,1,16786.0,300.0,0,0,9270.0,0.23,,,,,104.8,99.5,완전역배열,중립,False,False,35.4,B,2026-09-08 21:35:46
860,KODEX WTI원유선물인버스(H),271050,KOSPI,1,0,36523.0,-4113271.0,0,9,1800.0,,,,,,221.7,93.1,완전역배열,중립,False,False,0.4,-,2026-09-08 21:35:50
861,미원홀딩스,107590,KOSPI,0,0,-16.0,-12.0,1,4,63400.0,0.44,,,,,103.1,106.3,완전정배열,중립,False,False,51.9,B,2026-09-08 21:35:54
862,WON 종합채권(AA-이상)액티브,488720,KOSPI,0,0,0.0,0.0,0,0,48665.0,,,,,,10.7,100.1,혼합,중립,False,False,12.7,-,2026-09-08 21:35:59
863,TIGER 헬스케어,143860,KOSPI,0,1,-2090.0,1944.0,1,0,36430.0,,,,,,59.7,95.0,완전역배열,중립,False,False,17.5,-,2026-09-08 21:36:04
864,한국석유,004090,KOSPI,0,0,-38961.0,-1726.0,1,1,11530.0,0.68,,,,,221.7,102.0,혼합,중립,False,False,7.7,B,2026-09-08 21:36:08
865,동화약품,000020,KOSPI,0,0,-1120.0,-14.0,1,3,5220.0,0.37,,,,,72.9,100.2,혼합,중립,False,False,24.8,B,2026-09-08 21:36:13
866,N2 월간 레버리지 코스피 200 선물 ETN,550089,KOSPI,0,1,0.0,130.0,0,0,145330.0,,,,,,54.8,100.2,혼합,중립,False,False,50.2,-,2026-09-08 21:36:17
867,한솔홀딩스,004150,KOSPI,0,2,-21389.0,11804.0,1,0,3510.0,0.24,,,,,106.7,102.9,완전정배열,중립,False,False,42.2,B,2026-09-08 21:36:23
868,TIGER 국고채30년스트립액티브,451530,KOSPI,0,2,-8.0,5648.0,1,0,34485.0,,,,,,29.8,100.5,혼합,중립,False,False,5.7,-,2026-09-08 21:36:27
869,동성제약,002210,KOSPI,0,0,-22268.0,-49.0,6,1,1487.0,1.6,,,,,37.0,94.6,완전역배열,중립,False,False,7.7,D,2026-09-08 21:36:33
870,한신공영,004960,KOSPI,1,0,12525.0,-62.0,0,2,12290.0,0.16,,,,,87.0,105.2,혼합,중립,False,False,41.0,B,2026-09-08 21:36:38
871,TIGER 200 건설,139220,KOSPI,5,0,174277.0,-6999.0,0,5,8270.0,,,,,,112.3,101.3,혼합,중립,False,False,61.0,-,2026-09-08 21:36:42
872,하나 Solactive 2X US Tech Top 10 ETN(H),700023,KOSPI,0,0,0.0,0.0,0,0,140985.0,,,,,,400.0,101.8,완전정배열,중립,False,False,75.1,-,2026-09-08 21:36:47
873,TIGER 미국다우존스30,245340,KOSPI,2,2,351.0,1387.0,0,0,34670.0,,,,,,87.4,97.3,완전역배열,중립,False,False,41.7,-,2026-09-08 21:36:51
874,한진중공업홀딩스,003480,KOSPI,2,0,996.0,-23.0,0,4,4735.0,0.26,,,,,27.5,99.5,완전역배열,중립,False,False,19.7,B,2026-09-08 21:36:57
875,신한 레버리지 금 선물 ETN,500037,KOSPI,0,0,0.0,-194.0,0,2,69870.0,,,,,,114.9,94.8,완전역배열,중립,False,False,14.6,-,2026-09-08 21:37:00
876,SOL 미국AI소프트웨어,481180,KOSPI,0,2,-2137.0,16323.0,2,0,15785.0,,,,,,104.5,98.6,혼합,중립,False,False,73.4,-,2026-09-08 21:37:05
877,1Q 코리아밸류업,495330,KOSPI,0,4,-159.0,2537.0,1,0,32410.0,,,,,,78.3,99.8,완전역배열,중립,False,False,66.5,-,2026-09-08 21:37:09
878,일진다이아,081000,KOSPI,0,0,-5176.0,-566.0,1,2,9800.0,0.33,,,,,36.3,99.8,완전역배열,중립,False,False,24.2,B,2026-09-08 21:37:13
879,효성ITX,094280,KOSPI,0,0,-238.0,-203.0,2,4,12030.0,1.91,,,,,84.7,99.9,완전역배열,중립,False,False,30.7,C,2026-09-08 21:37:17
880,태경산업,015890,KOSPI,0,1,-8950.0,56.0,7,0,4745.0,0.43,,,,,39.6,100.1,혼합,중립,False,False,32.0,B,2026-09-08 21:37:21
881,만호제강,001080,KOSPI,0,0,-3303.0,-16581.0,1,3,3945.0,0.32,,,,,101.1,99.0,완전역배열,중립,False,False,37.3,D,2026-09-08 21:37:25
882,파워 종합채권(AA-이상)액티브,498180,KOSPI,0,0,0.0,0.0,0,0,93255.0,,,,,,339.0,100.0,혼합,중립,False,False,9.8,-,2026-09-08 21:37:30
883,PLUS 태양광&ESS,457990,KOSPI,0,1,-15408.0,30868.0,2,0,34900.0,,,,,,74.2,94.7,완전역배열,중립,False,False,46.0,-,2026-09-08 21:37:34
884,남선알미늄,008350,KOSPI,0,0,-36279.0,-2179.0,3,4,1050.0,0.47,,,,,75.9,102.1,혼합,중립,False,False,6.5,D,2026-09-08 21:37:38
885,삼일제약,000520,KOSPI,3,0,13093.0,-65.0,0,4,6210.0,1.06,,,,,46.6,97.2,완전역배열,중립,False,False,9.6,D,2026-09-08 21:37:42
886,삼성 인버스 2X 천연가스 선물 ETN D,530136,KOSPI,0,0,-1000.0,-4554.0,1,2,13465.0,,,,,,121.0,91.5,하향전환,중립,False,False,20.7,-,2026-09-08 21:37:47
887,키움 코스피 200 TR ETN,760007,KOSPI,0,3,0.0,412.0,0,0,33620.0,,,,,,105.6,100.1,혼합,중립,False,False,61.6,-,2026-09-08 21:37:51
888,디씨엠,024090,KOSPI,0,0,-215.0,-41.0,1,1,11780.0,0.38,,,,,261.1,102.1,상향전환,중립,True,False,50.3,C,2026-09-08 21:37:55
889,KIWOOM 머니마켓액티브,476450,KOSPI,0,3,0.0,7104.0,0,0,52795.0,,,,,,93.1,100.1,완전정배열,중립,False,False,79.7,-,2026-09-08 21:37:59
890,화승인더,006060,KOSPI,0,1,-15388.0,2490.0,2,0,2420.0,0.35,,,,,55.6,98.6,완전역배열,중립,False,False,5.2,B,2026-09-08 21:38:03
891,미래에셋 KRX금현물 Auto-KO-C 2810-01 ETN,520066,KOSPI,0,1,0.0,296.0,0,0,22225.0,,,,,,103.7,96.5,완전역배열,중립,False,False,32.9,-,2026-09-08 21:38:08
892,KODEX 미국30년국채울트라선물(H),304660,KOSPI,1,15,504.0,214127.0,0,0,7235.0,,,,,,125.5,99.8,완전역배열,중립,False,False,10.6,-,2026-09-08 21:38:12
893,SOL 미국나스닥100,476030,KOSPI,1,0,755.0,-2269.0,0,5,16685.0,,,,,,78.3,97.5,완전역배열,중립,False,False,50.5,-,2026-09-08 21:38:17
894,경인양행,012610,KOSPI,0,1,-1764.0,2276.0,7,0,3145.0,0.51,,,,,60.1,98.3,완전역배열,중립,False,False,15.0,B,2026-09-08 21:38:21
895,경동도시가스,267290,KOSPI,0,1,-1632.0,146.0,6,0,22200.0,0.27,,,,,73.4,101.8,완전정배열,중립,False,False,64.6,B,2026-09-08 21:38:25
896,WON 200,448100,KOSPI,2,0,1874.0,-1751.0,0,1,113585.0,,,,,,112.1,100.0,완전역배열,중립,False,False,61.9,-,2026-09-08 21:38:29
897,신흥,004080,KOSPI,0,1,-261.0,18.0,5,0,14000.0,1.11,,,,,22.1,99.9,혼합,중립,False,False,52.8,D,2026-09-08 21:38:34
898,TIGER AI반도체핵심공정,471760,KOSPI,2,0,21086.0,-4138.0,0,1,14075.0,,,,,,70.1,100.2,혼합,중립,False,False,36.6,-,2026-09-08 21:38:38
899,한투 S&P500선물 ETN,570050,KOSPI,0,0,0.0,0.0,0,0,25995.0,,,,,,1.1,97.4,완전역배열,중립,False,False,49.4,-,2026-09-08 21:38:42
900,한독,002390,KOSPI,0,0,-1643.0,-54.0,1,3,9420.0,0.48,,,,,103.1,100.4,완전정배열,중립,False,False,46.0,D,2026-09-08 21:38:47
901,1Q 단기금융채액티브,463290,KOSPI,0,0,0.0,-31.0,0,1,109320.0,,,,,,38.5,100.1,완전정배열,중립,False,False,89.3,-,2026-09-08 21:38:52
902,경보제약,214390,KOSPI,2,0,1120.0,-4502.0,0,2,5390.0,0.88,,,,,149.6,102.9,혼합,중립,False,False,15.0,D,2026-09-08 21:38:57
903,HANARO 종합채권(AA-이상)액티브,461500,KOSPI,0,0,0.0,-2.0,0,1,105080.0,,,,,,5.1,100.1,혼합,중립,False,False,12.5,-,2026-09-08 21:39:01
904,한투 레버리지일본니케이225선물 ETN(H),570106,KOSPI,0,0,0.0,0.0,0,0,50975.0,,,,,,25.8,96.9,혼합,중립,False,False,71.0,-,2026-09-08 21:39:05
905,금강공업,014280,KOSPI,1,0,4887.0,-112.0,0,3,4345.0,0.33,,,,,39.1,98.7,완전역배열,중립,False,False,18.3,D,2026-09-08 21:39:09
906,LG헬로비전,037560,KOSPI,0,0,-4092.0,-300.0,1,4,1644.0,0.28,,,,,69.3,99.2,완전역배열,중립,False,False,9.4,D,2026-09-08 21:39:13
907,신원,009270,KOSPI,1,0,4940.0,-384.0,0,2,1107.0,0.43,,,,,54.5,102.3,혼합,중립,False,False,21.1,D,2026-09-08 21:39:17
908,키움 레버리지 2차전지산업 ETN,760011,KOSPI,0,0,0.0,-412.0,0,1,8175.0,,,,,,89.5,100.3,혼합,중립,False,False,17.1,-,2026-09-08 21:39:22
909,KODEX 성장주,325010,KOSPI,0,3,-115.0,544.0,1,0,43615.0,,,,,,82.9,99.6,완전역배열,중립,False,False,60.9,-,2026-09-08 21:39:26
910,디와이파워,210540,KOSPI,0,0,-450.0,-1907.0,2,3,11430.0,0.38,,,,,82.2,99.3,완전역배열,중립,False,False,23.5,B,2026-09-08 21:39:31
911,화승코퍼레이션,013520,KOSPI,0,0,-30249.0,-9018.0,7,3,2520.0,0.39,,,,,71.4,99.4,완전역배열,중립,False,False,29.5,B,2026-09-08 21:39:35
912,삼성제약,001360,KOSPI,2,0,85960.0,-292.0,0,2,1339.0,1.74,,,,,82.6,101.9,혼합,중립,False,False,16.9,D,2026-09-08 21:39:39
913,텔코웨어,078000,KOSPI,0,0,-344.0,-35.0,10,4,13590.0,0.6,,,,,48.8,102.0,혼합,중립,False,False,12.4,B,2026-09-08 21:39:43
914,KODEX 미국S&P500테크놀로지,463680,KOSPI,1,2,271.0,1691.0,0,0,21720.0,,,,,,122.1,97.5,하향전환,중립,False,False,54.9,-,2026-09-08 21:39:48
915,TIGER 차이나CSI300,192090,KOSPI,0,2,-10448.0,15077.0,1,0,12005.0,,,,,,80.7,96.8,완전역배열,중립,False,False,26.4,-,2026-09-08 21:39:53
916,토니모리,214420,KOSPI,0,0,-56.0,-11325.0,7,1,5150.0,1.02,,,,,32.9,95.1,완전역배열,중립,False,False,13.5,C,2026-09-08 21:39:58
917,TIGER 국채3년,114820,KOSPI,0,0,-20.0,-60.0,1,7,105115.0,,,,,,64.4,100.0,혼합,중립,False,False,49.7,-,2026-09-08 21:40:03
918,HDC현대EP,089470,KOSPI,0,0,-2912.0,-3578.0,6,2,3875.0,0.27,,,,,60.8,99.9,완전역배열,중립,False,False,14.8,B,2026-09-08 21:40:08
919,KBI동양철관,008970,KOSPI,0,0,-133007.0,-257.0,1,3,1191.0,0.88,,,,,287.4,102.9,혼합,중립,False,False,12.6,D,2026-09-08 21:40:12
920,샘표,007540,KOSPI,0,1,-57.0,52.0,7,0,42950.0,0.39,,,,,61.4,97.4,완전역배열,중립,False,False,9.6,C,2026-09-08 21:40:17
921,이지스레지던스리츠,350520,KOSPI,2,1,9139.0,13685.0,0,0,3350.0,,,,,,97.7,100.1,혼합,중립,False,False,21.7,-,2026-09-08 21:40:22
922,PLUS 국공채머니마켓액티브,491230,KOSPI,0,0,0.0,-23.0,0,4,52530.0,,,,,,27.4,100.1,완전정배열,중립,False,False,100.0,-,2026-09-08 21:40:26
923,TIGER 미국MSCI리츠(합성 H),182480,KOSPI,1,9,1.0,24086.0,0,0,13490.0,,,,,,85.9,98.3,하향전환,중립,False,False,59.1,-,2026-09-08 21:40:30
924,조일알미늄,018470,KOSPI,0,0,0.0,0.0,0,0,973.0,0.54,,,,,0.0,98.3,완전역배열,중립,False,False,43.5,B,2026-09-08 21:40:34
925,KODEX 미국나스닥AI테크액티브,411420,KOSPI,0,3,-2855.0,10886.0,3,0,25840.0,,,,,,39.0,97.6,완전역배열,중립,False,False,60.7,-,2026-09-08 21:40:38
926,신영와코루,005800,KOSPI,0,1,-453.0,116.0,4,0,13570.0,0.32,,,,,121.5,100.2,혼합,중립,False,False,19.6,D,2026-09-08 21:40:42
927,SOL 미국TOP5채권혼합50,447620,KOSPI,2,1,587.0,127.0,0,0,15645.0,,,,,,53.2,99.3,혼합,중립,False,False,58.8,-,2026-09-08 21:40:47
928,제일파마홀딩스,002620,KOSPI,0,0,-277.0,-34.0,2,2,7620.0,0.37,,,,,38.5,100.9,혼합,중립,False,False,41.3,C,2026-09-08 21:40:52
929,KCTC,009070,KOSPI,1,1,5550.0,2065.0,0,0,4050.0,0.36,,,,,88.5,100.5,혼합,중립,False,False,13.5,B,2026-09-08 21:40:55
930,SOL 국고채3년,438560,KOSPI,0,1,0.0,50.0,0,0,100435.0,,,,,,69.9,99.9,혼합,중립,False,False,11.7,-,2026-09-08 21:41:00
931,PLUS 코스피TR,328370,KOSPI,0,1,-374.0,368.0,1,0,39095.0,,,,,,32.3,100.1,혼합,중립,False,False,60.6,-,2026-09-08 21:41:04
932,현대리바트,079430,KOSPI,3,0,8434.0,-4712.0,0,2,5940.0,0.28,,,,,78.8,99.5,완전역배열,중립,False,False,20.0,D,2026-09-08 21:41:08
933,TIGER Fn신재생에너지,377990,KOSPI,0,2,-3854.0,3163.0,1,0,24080.0,,,,,,80.9,96.6,완전역배열,중립,False,False,41.9,-,2026-09-08 21:41:13
934,SOL 국고채10년,438570,KOSPI,0,1,0.0,13.0,0,0,97955.0,,,,,,138.6,99.8,완전역배열,중립,False,False,10.8,-,2026-09-08 21:41:18
935,HANARO MSCI Korea TR,332940,KOSPI,0,0,0.0,-40.0,0,1,49425.0,,,,,,249.1,100.1,혼합,중립,False,False,62.8,-,2026-09-08 21:41:22
936,ACE 포스코그룹포커스,469170,KOSPI,1,0,6310.0,-3224.0,0,5,5900.0,,,,,,97.7,102.6,혼합,중립,False,False,28.5,-,2026-09-08 21:41:27
937,현대코퍼레이션홀딩스,227840,KOSPI,0,6,-1366.0,8304.0,3,0,12950.0,0.32,,,,,89.5,100.5,완전정배열,중립,False,False,54.8,B,2026-09-08 21:41:31
938,사조동아원,008040,KOSPI,0,0,-8885.0,-34.0,1,5,8310.0,1.05,,,,,400.0,118.1,혼합,상단돌파,False,False,22.7,D,2026-09-08 21:41:35
939,RISE 수소경제테마,367770,KOSPI,3,0,70550.0,-19986.0,0,3,22540.0,,,,,,85.8,96.9,완전역배열,중립,False,False,42.6,-,2026-09-08 21:41:39
941,수산세보틱스,017550,KOSPI,1,0,19946.0,-269.0,0,4,1872.0,0.56,,,,,67.0,100.4,혼합,중립,False,False,20.0,B,2026-09-08 21:41:45
942,인천도시가스,034590,KOSPI,0,0,-10.0,-17.0,4,4,26650.0,0.45,,,,,53.3,100.1,완전정배열,중립,False,False,53.5,B,2026-09-08 21:41:49
943,와이투솔루션,011690,KOSPI,0,0,-1419.0,-1259.0,1,1,3175.0,1.17,,,,,71.0,95.5,완전역배열,중립,False,False,10.3,D,2026-09-08 21:41:54
944,TIGER 골드선물(H),319640,KOSPI,1,2,33.0,15445.0,0,0,25880.0,,,,,,89.9,98.5,하향전환,중립,False,False,38.1,-,2026-09-08 21:41:58
945,동양,001520,KOSPI,3,0,74105.0,-1155.0,0,1,1074.0,0.14,,,,,88.2,96.9,완전역배열,중립,False,False,6.2,C,2026-09-08 21:42:02
946,디와이,013570,KOSPI,1,0,3428.0,-5343.0,0,2,4370.0,0.27,,,,,74.8,100.2,혼합,중립,False,False,37.3,B,2026-09-08 21:42:07
947,그린케미칼,083420,KOSPI,1,0,1702.0,-97.0,0,4,4730.0,0.8,,,,,19.3,99.2,완전역배열,중립,False,False,17.2,B,2026-09-08 21:42:11
948,극동유화,014530,KOSPI,0,0,-15436.0,-142.0,2,4,3250.0,0.54,,,,,247.6,100.0,혼합,중립,False,False,8.5,C,2026-09-08 21:42:16
949,대성홀딩스,016710,KOSPI,4,0,15202.0,-577.0,0,1,6960.0,0.24,,,,,87.3,99.1,완전역배열,중립,False,False,14.0,B,2026-09-08 21:42:20
950,N2 월간 레버리지 방위산업 Top5 ETN,550092,KOSPI,0,0,0.0,-52.0,0,2,111910.0,,,,,,141.7,85.1,완전역배열,하단이탈,False,False,13.4,-,2026-09-08 21:42:24
951,TIGER 미국S&P500동일가중,488500,KOSPI,3,4,1944.0,32993.0,0,0,12365.0,,,,,,53.1,97.0,완전역배열,중립,False,False,44.5,-,2026-09-08 21:42:27
952,삼성 레버리지 금 선물 ETN(H),530055,KOSPI,0,3,0.0,460.0,0,0,111700.0,,,,,,58.0,97.0,완전역배열,중립,False,False,29.3,-,2026-09-08 21:42:31
953,삼성 인버스 2X 코스닥150 선물 ETN,530107,KOSPI,0,1,-743626.0,1047927.0,1,0,1858.0,,,,,,84.3,106.3,상향전환,중립,True,False,14.6,-,2026-09-08 21:42:35
954,GS우,078935,KOSPI,0,13,-818.0,11409.0,3,0,62600.0,0.36,,,,,80.9,98.7,혼합,중립,False,False,83.7,B,2026-09-08 21:42:39
955,경동인베스트,012320,KOSPI,0,0,-813.0,-13.0,1,4,47100.0,0.21,,,,,62.4,99.2,완전역배열,중립,False,False,12.5,B,2026-09-08 21:42:43
956,태림포장,011280,KOSPI,0,0,-10447.0,-279.0,6,4,1573.0,0.36,,,,,79.8,96.1,완전역배열,중립,False,False,5.5,D,2026-09-08 21:42:47
957,동남합성,023450,KOSPI,0,0,-3.0,-15.0,2,2,31800.0,1.8,,,,,71.6,102.0,완전정배열,중립,False,False,63.3,B,2026-09-08 21:42:52
958,RISE IT플러스,326240,KOSPI,1,0,335.0,-385.0,0,1,43765.0,,,,,,117.7,99.5,완전역배열,중립,False,False,60.1,-,2026-09-08 21:42:55
959,ACE 미국WideMoat동일가중,309230,KOSPI,1,0,149.0,-1273.0,0,7,30115.0,,,,,,89.9,96.9,하향전환,중립,False,False,51.7,-,2026-09-08 21:43:00
960,삼성 레버리지 은 선물 ETN(H),530061,KOSPI,0,0,-1.0,-2527.0,1,3,36745.0,,,,,,80.9,96.8,완전역배열,중립,False,False,7.9,-,2026-09-08 21:43:05
961,혜인,003010,KOSPI,1,1,30898.0,646.0,0,0,8660.0,0.62,,,,,76.4,93.8,혼합,하단이탈,False,False,50.6,B,2026-09-08 21:43:09
962,KODEX IT,266370,KOSPI,0,3,-673.0,24853.0,3,0,68655.0,,,,,,125.3,100.7,혼합,중립,False,False,60.1,-,2026-09-08 21:43:13
963,KODEX 코스닥150선물인버스,251340,KOSPI,0,2,-1246742.0,4234886.0,1,0,2485.0,,,,,,72.9,103.4,완전정배열,중립,False,False,36.9,-,2026-09-08 21:43:18
964,KODEX 차이나항셍테크,372330,KOSPI,1,0,23104.0,-27047.0,0,1,6530.0,,,,,,156.9,94.9,완전역배열,중립,False,False,0.3,-,2026-09-08 21:43:22
965,HS화성,002460,KOSPI,2,0,636.0,-3.0,0,3,10790.0,0.24,,,,,61.7,98.8,완전역배열,중립,False,False,19.5,B,2026-09-08 21:43:26
966,STX,011810,KOSPI,0,0,0.0,0.0,0,0,3530.0,0.52,,,,,,100.0,혼합,중립,False,False,50.0,D,2026-09-08 21:43:30
967,상상인증권,001290,KOSPI,0,0,0.0,0.0,0,0,1010.0,0.52,,,,,0.0,99.6,혼합,중립,True,False,56.7,B,2026-09-08 21:43:34
968,NPC,004250,KOSPI,0,0,-6766.0,-444.0,5,1,2970.0,0.25,,,,,48.6,100.7,혼합,중립,False,False,27.5,B,2026-09-08 21:43:38
969,KODEX 미국나스닥100선물(H),304940,KOSPI,0,20,0.0,62509.0,0,0,32495.0,,,,,,45.6,99.6,혼합,중립,False,False,85.2,-,2026-09-08 21:43:43
970,한국무브넥스,010100,KOSPI,0,1,-56822.0,1814.0,1,0,3545.0,0.25,,,,,91.9,98.1,완전역배열,중립,False,False,8.9,B,2026-09-08 21:43:48
971,대창,012800,KOSPI,1,0,110017.0,-277.0,0,7,1183.0,0.31,,,,,94.5,98.2,완전역배열,중립,False,False,20.3,B,2026-09-08 21:43:52
972,KIWOOM 코리아밸류업,496090,KOSPI,0,3,0.0,303.0,0,0,32360.0,,,,,,45.3,99.5,완전역배열,중립,False,False,66.0,-,2026-09-08 21:43:56
973,SOL 2차전지소부장Fn,455860,KOSPI,3,0,190917.0,-6009.0,0,3,4455.0,,,,,,107.2,99.8,완전역배열,중립,False,False,22.5,-,2026-09-08 21:44:01
974,TIGER 미국나스닥바이오,203780,KOSPI,4,0,1083.0,-444.0,0,2,35380.0,,,,,,86.5,99.2,혼합,중립,False,False,69.3,-,2026-09-08 21:44:05
975,TIGER 글로벌혁신블루칩TOP10,464930,KOSPI,1,0,57.0,-291.0,0,1,20380.0,,,,,,75.1,97.1,완전역배열,중립,False,False,58.6,-,2026-09-08 21:44:09
976,두올,016740,KOSPI,0,10,-1948.0,84351.0,3,0,3680.0,0.36,,,,,65.4,107.3,혼합,중립,False,False,26.9,B,2026-09-08 21:44:13
977,조선선재,120030,KOSPI,0,0,-11.0,-7.0,1,2,83800.0,0.46,,,,,49.1,99.5,완전역배열,중립,False,False,11.9,B,2026-09-08 21:44:18
978,삼익악기,002450,KOSPI,0,10,-30350.0,401055.0,5,0,1163.0,0.27,,,,,96.7,102.0,혼합,중립,False,False,37.3,B,2026-09-08 21:44:23
979,태경비케이,014580,KOSPI,0,0,-17503.0,-138.0,7,2,3805.0,0.43,,,,,60.9,97.2,완전역배열,중립,False,False,13.3,B,2026-09-08 21:44:28
980,TIGER 글로벌AI&로보틱스 INDXX,464310,KOSPI,0,1,-438.0,1791.0,6,0,13440.0,,,,,,44.9,95.9,완전역배열,중립,False,False,9.7,-,2026-09-08 21:44:32
981,ACE KPOP포커스,475050,KOSPI,0,1,-43381.0,69748.0,1,0,7120.0,,,,,,113.1,101.3,혼합,중립,False,False,11.9,-,2026-09-08 21:44:36
982,한투 레버리지WTI원유선물 ETN B,570116,KOSPI,0,1,0.0,367.0,0,0,52315.0,,,,,,166.1,111.6,상향전환,상단돌파,True,True,56.4,-,2026-09-08 21:44:41
983,샘표식품,248170,KOSPI,0,0,-642.0,-20.0,2,2,22900.0,0.38,,,,,84.0,98.4,완전역배열,중립,False,False,17.1,B,2026-09-08 21:44:46
984,KEC,092220,KOSPI,0,0,-15065.0,-1945.0,6,1,2605.0,0.32,,,,,93.5,99.0,완전역배열,중립,False,False,5.6,D,2026-09-08 21:44:51
985,ACE 중국본토CSI300,168580,KOSPI,0,1,-40.0,244.0,2,0,33340.0,,,,,,171.9,96.9,완전역배열,중립,False,False,25.5,-,2026-09-08 21:44:56
986,한국제지,027970,KOSPI,0,1,-959.0,1427.0,1,0,2735.0,0.29,,,,,171.9,99.8,완전역배열,중립,False,False,11.9,D,2026-09-08 21:45:01
987,세원정공,021820,KOSPI,0,0,-3922.0,-936.0,1,3,10400.0,0.15,,,,,134.0,102.6,혼합,중립,False,False,15.6,B,2026-09-08 21:45:05
988,태양금속,004100,KOSPI,1,3,17886.0,7390.0,0,0,2830.0,0.64,,,,,136.1,105.8,혼합,상단돌파,False,False,47.8,B,2026-09-08 21:45:09
989,삼성공조,006660,KOSPI,0,2,-42021.0,2174.0,3,0,12770.0,0.34,,,,,28.8,96.4,혼합,중립,False,False,35.5,B,2026-09-08 21:45:13
990,한투 코스피양매도5%OTM ETN,570019,KOSPI,0,0,0.0,0.0,0,0,6900.0,,,,,,13.5,104.1,완전정배열,중립,False,False,50.5,-,2026-09-08 21:45:17
991,KoAct 배당성장액티브,476850,KOSPI,0,0,-1993.0,-2250.0,1,1,21700.0,,,,,,76.0,100.0,완전역배열,중립,False,False,67.0,-,2026-09-08 21:45:21
992,신한 레버리지 S&P500 선물 ETN,500050,KOSPI,0,0,0.0,-14.0,0,1,51465.0,,,,,,37.4,97.4,하향전환,중립,False,False,66.8,-,2026-09-08 21:45:26
993,아시아나IDT,267850,KOSPI,0,0,-1640.0,-41.0,5,3,9270.0,0.58,,,,,58.5,99.1,완전역배열,중립,False,False,15.5,B,2026-09-08 21:45:30
994,AK홀딩스,006840,KOSPI,0,0,-122.0,-722.0,3,3,7740.0,0.19,,,,,141.4,102.0,완전정배열,중립,False,False,36.6,B,2026-09-08 21:45:35
995,진흥기업,002780,KOSPI,0,2,-92654.0,481.0,2,0,7040.0,0.41,,,,,183.8,97.5,완전역배열,하단이탈,False,False,8.1,D,2026-09-08 21:45:39
996,메리츠 미국채30년 ETN(H),610037,KOSPI,0,0,0.0,-2.0,0,1,7285.0,,,,,,4.9,99.9,완전역배열,중립,False,False,12.6,-,2026-09-08 21:45:44
997,한국화장품,123690,KOSPI,0,0,-8676.0,-64.0,2,4,6320.0,2.91,,,,,19.7,97.2,완전역배열,중립,False,False,17.3,D,2026-09-08 21:45:48
998,HS애드,035000,KOSPI,0,0,-148476.0,-813.0,2,4,6260.0,0.51,,,,,110.1,98.0,완전역배열,중립,False,False,14.0,B,2026-09-08 21:45:52
999,마이티 26-09 특수채(AAA)액티브,465780,KOSPI,0,2,0.0,11.0,0,0,106440.0,,,,,,60.9,100.1,완전정배열,중립,False,False,100.0,-,2026-09-08 21:45:57
1000,ACE 8월만기자동연장회사채AA-이상액티브,475280,KOSPI,0,0,0.0,-234.0,0,1,10750.0,,,,,,140.4,100.1,완전정배열,중립,False,False,64.1,-,2026-09-08 21:46:01
1001,크라운제과,264900,KOSPI,0,1,-986.0,100.0,5,0,8060.0,0.45,,,,,48.2,99.4,완전역배열,중립,False,False,19.2,C,2026-09-08 21:46:05
1002,TIGER 글로벌자율주행&전기차SOLACTIVE,394660,KOSPI,0,1,-107.0,146.0,1,0,15375.0,,,,,,135.3,96.1,완전역배열,중립,False,False,35.9,-,2026-09-08 21:46:10
1003,KC코트렐,119650,KOSPI,0,0,0.0,0.0,0,0,918.0,1.76,,,,,,100.0,혼합,중립,False,False,50.0,B,2026-09-08 21:46:14
1004,RISE 국고채3년,114100,KOSPI,0,0,0.0,-2.0,0,3,106055.0,,,,,,43.1,100.0,혼합,중립,False,False,45.7,-,2026-09-08 21:46:19
1005,KODEX 미국달러선물인버스,261270,KOSPI,0,0,-2665.0,-8094.0,2,2,8315.0,,,,,,153.9,102.3,완전정배열,중립,False,False,94.7,-,2026-09-08 21:46:24
1006,팜스코,036580,KOSPI,1,0,5442.0,-1139.0,0,1,2695.0,0.49,,,,,126.8,101.0,혼합,중립,False,False,19.0,D,2026-09-08 21:46:28
1008,세이브존I&C,067830,KOSPI,1,0,243.0,-3627.0,0,1,2405.0,0.17,,,,,96.9,98.6,완전역배열,중립,False,False,17.0,B,2026-09-08 21:46:33
1009,ACE 미국빅테크TOP7 Plus레버리지(합성),465610,KOSPI,1,1,372.0,1009.0,0,0,40875.0,,,,,,88.6,96.9,완전역배열,중립,False,False,45.3,-,2026-09-08 21:46:38
1010,계양전기,012200,KOSPI,3,0,71980.0,-27896.0,0,6,3600.0,6.58,,,,,64.0,91.2,완전역배열,중립,False,False,19.2,D,2026-09-08 21:46:42
1011,NI스틸,008260,KOSPI,0,0,-4111.0,-114.0,1,2,3415.0,0.35,,,,,70.1,101.2,완전정배열,중립,False,False,33.2,B,2026-09-08 21:46:46
1012,까뮤이앤씨,013700,KOSPI,5,0,235557.0,-143.0,0,4,1629.0,0.76,,,,,51.6,100.9,완전정배열,중립,False,False,62.7,B,2026-09-08 21:46:50
1013,아남전자,008700,KOSPI,0,20,-15920.0,867280.0,2,0,1261.0,0.68,,,,,129.0,101.8,혼합,중립,False,False,25.9,D,2026-09-08 21:46:55
1014,HL D&I,014790,KOSPI,0,0,-2368.0,-506.0,1,2,2560.0,0.2,,,,,57.9,100.2,혼합,중립,False,False,22.4,B,2026-09-08 21:47:00
1015,모나용평,070960,KOSPI,0,0,-12355.0,-476.0,2,1,1990.0,0.26,,,,,59.2,94.1,완전역배열,중립,False,False,0.5,D,2026-09-08 21:47:04
1016,코람코더원리츠,417310,KOSPI,0,4,-37791.0,277140.0,1,0,2365.0,,,,,,28.2,102.2,완전정배열,중립,False,False,99.6,-,2026-09-08 21:47:09
1017,황금에스티,032560,KOSPI,0,0,-6381.0,-60.0,3,3,5610.0,0.24,,,,,77.9,99.6,하향전환,중립,False,False,41.7,B,2026-09-08 21:47:13
1018,영보화학,014440,KOSPI,0,0,-1062.0,-63.0,4,4,4755.0,0.47,,,,,105.6,101.8,완전정배열,중립,False,False,45.9,B,2026-09-08 21:47:17
1019,티와이홀딩스,363280,KOSPI,16,0,33426.0,-3.0,0,4,2090.0,0.11,,,,,93.8,102.9,혼합,중립,False,False,26.6,D,2026-09-08 21:47:21
1020,PLUS 신흥국MSCI(합성 H),195980,KOSPI,0,2,-355.0,11822.0,2,0,15490.0,,,,,,130.6,100.9,완전정배열,중립,False,False,75.8,-,2026-09-08 21:47:25
1021,KB 레버리지 KOSPI 200 선물 ETN,580039,KOSPI,0,4,0.0,495.0,0,0,189180.0,,,,,,78.8,99.9,완전역배열,중립,False,False,39.9,-,2026-09-08 21:47:29
1022,ACE 11월만기자동연장회사채AA-이상액티브,473440,KOSPI,0,0,0.0,-43.0,0,4,10860.0,,,,,,50.6,100.1,완전정배열,중립,False,False,100.0,-,2026-09-08 21:47:33
1023,KODEX TDF2030액티브 적격,433970,KOSPI,1,1,74.0,1585.0,0,0,13850.0,,,,,,101.8,98.8,완전역배열,중립,False,False,47.4,-,2026-09-08 21:47:37
1024,벽산,007210,KOSPI,0,0,-62956.0,-314.0,1,2,1427.0,0.26,,,,,104.9,97.9,완전역배열,중립,False,False,12.7,B,2026-09-08 21:47:42
1025,HANARO CAPEX설비투자iSelect,454320,KOSPI,0,0,-75.0,-68.0,2,1,43065.0,,,,,,95.9,99.3,완전역배열,중립,False,False,44.7,-,2026-09-08 21:47:47
1026,KODEX 코리아배당성장,211900,KOSPI,2,1,590.0,57.0,0,0,28410.0,,,,,,94.3,100.8,혼합,중립,False,False,67.0,-,2026-09-08 21:47:51
1027,티에이치엔,019180,KOSPI,0,0,-10852.0,-704.0,10,1,5120.0,0.34,,,,,55.6,92.9,완전역배열,중립,False,False,8.4,B,2026-09-08 21:47:56
1028,KODEX 배당가치,325020,KOSPI,1,0,670.0,-341.0,0,1,29685.0,,,,,,75.5,100.4,완전정배열,중립,False,False,75.7,-,2026-09-08 21:48:00
1029,KODEX 미국10년국채선물,308620,KOSPI,1,0,685.0,-2389.0,0,1,11175.0,,,,,,93.3,97.3,완전역배열,중립,False,False,3.3,-,2026-09-08 21:48:04
1030,부국증권우,001275,KOSPI,0,0,0.0,0.0,0,0,30250.0,0.3,,,,,64.3,99.9,완전역배열,중립,False,False,31.8,B,2026-09-08 21:48:08
1031,KTcs,058850,KOSPI,0,0,-28597.0,-166.0,7,4,2185.0,0.37,,,,,85.0,98.4,완전역배열,중립,False,False,12.6,B,2026-09-08 21:48:13
1032,KODEX 한국대만IT프리미어,298770,KOSPI,1,0,120.0,-360.0,0,1,82200.0,,,,,,130.6,99.9,혼합,중립,False,False,67.2,-,2026-09-08 21:48:18
1034,KTis,058860,KOSPI,0,17,-8664.0,81767.0,7,0,2580.0,0.32,,,,,85.2,100.8,혼합,중립,False,False,25.0,B,2026-09-08 21:48:24
1035,한국수출포장,002200,KOSPI,0,0,-9238.0,-3017.0,5,1,2680.0,0.33,,,,,59.1,103.6,완전정배열,중립,False,False,32.4,D,2026-09-08 21:48:28
1036,KIWOOM 미국나스닥100(H),453080,KOSPI,0,2,0.0,853.0,0,0,22900.0,,,,,,56.7,99.6,혼합,중립,False,False,82.6,-,2026-09-08 21:48:32
1037,DAISHIN AI반도체&인프라액티브,486240,KOSPI,1,0,220.0,-511.0,0,1,28800.0,,,,,,31.7,98.5,완전역배열,중립,False,False,63.9,-,2026-09-08 21:48:37
1038,TIGER 미국S&P500선물(H),143850,KOSPI,0,1,0.0,755.0,0,0,77415.0,,,,,,161.1,99.7,혼합,중립,False,False,90.6,-,2026-09-08 21:48:42
1039,페이퍼코리아,001020,KOSPI,0,0,-1097.0,-592.0,4,1,2500.0,0.33,,,,,74.2,110.6,혼합,상단돌파,False,False,22.8,D,2026-09-08 21:48:47
1040,KODEX iShares미국하이일드액티브,468380,KOSPI,1,1,1144.0,172.0,0,0,10625.0,,,,,,79.2,97.6,완전역배열,중립,False,False,7.6,-,2026-09-08 21:48:51
1042,메리츠 KAP 통안채 6개월 ETN,610064,KOSPI,0,0,0.0,0.0,0,0,55095.0,,,,,,0.0,100.1,완전정배열,중립,False,False,100.0,-,2026-09-08 21:48:56
1043,DKME,015590,KOSPI,0,2,-33585.0,299.0,2,0,1644.0,0.63,,,,,269.8,97.5,완전역배열,중립,False,False,38.6,D,2026-09-08 21:49:00
1044,ACE 삼성그룹섹터가중,108450,KOSPI,0,1,-482.0,92.0,1,0,39845.0,,,,,,134.5,99.7,혼합,중립,False,False,65.9,-,2026-09-08 21:49:04
1045,동일산업,004890,KOSPI,0,0,-52.0,-97.0,3,1,36000.0,0.18,,,,,220.7,100.8,혼합,중립,False,False,39.4,D,2026-09-08 21:49:09
1046,PLUS 코리아밸류업,495040,KOSPI,1,0,344.0,-254.0,0,1,32210.0,,,,,,49.9,99.7,완전역배열,중립,False,False,66.4,-,2026-09-08 21:49:14
1047,KODEX TRF7030,329670,KOSPI,1,3,349.0,14916.0,0,0,21720.0,,,,,,154.9,98.3,완전역배열,중립,False,False,53.0,-,2026-09-08 21:49:18
1048,동방,004140,KOSPI,2,0,17192.0,-190.0,0,5,1806.0,0.49,,,,,78.0,98.0,완전역배열,중립,False,False,9.7,C,2026-09-08 21:49:22
1050,삼원강재,023000,KOSPI,1,0,7370.0,-7447.0,0,3,2180.0,0.33,,,,,65.5,99.0,완전역배열,중립,False,False,25.5,B,2026-09-08 21:49:27
1051,SK이노베이션우,096775,KOSPI,0,0,-539.0,-72.0,4,1,68500.0,0.44,,,,,104.0,102.9,상향전환,중립,True,False,44.3,D,2026-09-08 21:49:31
1052,한신기계,011700,KOSPI,0,0,-300937.0,-126.0,1,5,2630.0,0.97,,,,,228.1,97.7,완전역배열,중립,False,False,20.8,D,2026-09-08 21:49:35
1053,차AI헬스케어,025620,KOSPI,0,0,-2429.0,-28.0,2,4,4645.0,1.04,,,,,76.8,96.0,완전역배열,중립,False,False,5.3,B,2026-09-08 21:49:40
1054,ACE 글로벌인컴TOP10,460960,KOSPI,1,0,581.0,-990.0,0,2,10810.0,,,,,,228.4,97.6,완전역배열,중립,False,False,32.2,-,2026-09-08 21:49:45
1055,아주스틸,139990,KOSPI,0,0,-1728.0,-123.0,1,3,2175.0,0.63,,,,,145.1,97.4,완전역배열,중립,False,False,8.5,D,2026-09-08 21:49:49
1056,TIGER 차이나CSI300레버리지(합성),204480,KOSPI,1,0,51.0,-58.0,0,1,22570.0,,,,,,69.4,93.0,완전역배열,중립,False,False,7.2,-,2026-09-08 21:49:53
1057,크라운해태홀딩스,005740,KOSPI,1,0,3442.0,-14736.0,0,5,5650.0,0.23,,,,,83.5,98.1,완전역배열,중립,False,False,16.4,B,2026-09-08 21:49:58
1058,조흥,002600,KOSPI,1,0,2.0,0.0,0,0,139800.0,0.57,,,,,155.6,100.7,혼합,중립,False,False,23.4,D,2026-09-08 21:50:02
1060,SOL 미국AI반도체칩메이커,479620,KOSPI,1,9,39.0,23553.0,0,0,24235.0,,,,,,49.7,96.4,완전역배열,중립,False,False,55.1,-,2026-09-08 21:50:07
1061,한일철강,002220,KOSPI,3,0,96992.0,-107.0,0,4,3130.0,0.46,,,,,51.9,98.4,완전역배열,중립,False,False,19.3,D,2026-09-08 21:50:11
1062,HLB글로벌,003580,KOSPI,0,2,-29569.0,15081.0,2,0,1649.0,1.19,,,,,109.1,104.7,혼합,중립,False,False,29.1,D,2026-09-08 21:50:16
1063,사조오양,006090,KOSPI,0,0,-695.0,-58.0,7,1,8860.0,0.33,,,,,6.0,101.3,완전정배열,중립,False,False,44.0,B,2026-09-08 21:50:19
1064,KODEX 코스피TR,359210,KOSPI,0,4,-346.0,6116.0,2,0,36155.0,,,,,,20.6,100.0,혼합,중립,False,False,61.8,-,2026-09-08 21:50:24
1065,PLUS 국고채10년액티브,461460,KOSPI,0,4,0.0,451.0,0,0,51265.0,,,,,,6.5,99.8,완전역배열,중립,False,False,11.6,-,2026-09-08 21:50:28
1066,KODEX TRF5050,329660,KOSPI,1,0,320.0,-1420.0,0,2,17675.0,,,,,,134.1,98.9,완전역배열,중립,False,False,55.6,-,2026-09-08 21:50:32
1067,주성코퍼레이션,109070,KOSPI,0,0,0.0,0.0,0,0,1550.0,2.66,,,,,0.0,96.8,혼합,중립,False,False,54.4,D,2026-09-08 21:50:36
1068,인지컨트롤스,023800,KOSPI,0,0,-30643.0,-60.0,2,4,5160.0,0.31,,,,,76.5,99.2,완전역배열,중립,False,False,10.6,B,2026-09-08 21:50:41
1069,KODEX 코스피대형주,337140,KOSPI,2,4,1623.0,21661.0,0,0,37005.0,,,,,,65.3,100.1,혼합,중립,False,False,61.9,-,2026-09-08 21:50:46
1070,TIGER LG그룹플러스,138530,KOSPI,0,3,-8599.0,41885.0,3,0,12405.0,,,,,,71.0,99.6,혼합,중립,False,False,35.1,-,2026-09-08 21:50:50
1071,RISE 미국AI밸류체인TOP3Plus,485690,KOSPI,5,0,462.0,-296.0,0,2,21625.0,,,,,,46.0,97.6,완전역배열,중립,False,False,58.5,-,2026-09-08 21:50:56
1072,RISE 국고채10년액티브,481430,KOSPI,0,0,0.0,-10.0,0,2,97965.0,,,,,,38.9,99.7,완전역배열,중립,False,False,16.8,-,2026-09-08 21:51:00
1073,대교,019680,KOSPI,0,0,0.0,0.0,0,0,1000.0,0.31,,,,,0.0,99.1,완전역배열,중립,False,False,42.8,D,2026-09-08 21:51:03
1074,일성건설,013360,KOSPI,0,0,-34220.0,-172.0,2,4,1486.0,1.08,,,,,46.6,98.7,완전역배열,중립,False,False,22.1,D,2026-09-08 21:51:08
1075,동인기연,111380,KOSPI,0,0,-529.0,-78.0,4,1,13100.0,0.46,,,,,44.3,98.7,혼합,중립,False,False,34.1,B,2026-09-08 21:51:12
1076,TP,007980,KOSPI,0,0,-39402.0,-154.0,10,4,1709.0,0.25,,,,,51.8,96.7,완전역배열,중립,False,False,26.4,B,2026-09-08 21:51:16
1077,HANARO 코리아밸류업,495750,KOSPI,0,3,-1.0,563.0,1,0,32555.0,,,,,,142.7,99.8,완전역배열,중립,False,False,67.0,-,2026-09-08 21:51:20
1078,유한양행우,000105,KOSPI,0,0,-164.0,0.0,19,0,69100.0,2.16,,,,,42.5,99.7,완전역배열,중립,False,False,23.3,D,2026-09-08 21:51:24
1079,화천기공,000850,KOSPI,0,1,-798.0,31.0,1,0,36050.0,0.23,,,,,99.4,100.3,완전정배열,중립,False,False,42.9,B,2026-09-08 21:51:28
1080,WON 국공채머니마켓액티브,458030,KOSPI,0,0,0.0,-129.0,0,4,55065.0,,,,,,40.7,100.1,완전정배열,중립,False,False,98.0,-,2026-09-08 21:51:32
1081,한솔로지스틱스,009180,KOSPI,0,0,-3748.0,-87.0,2,4,2775.0,0.52,,,,,75.8,100.1,혼합,중립,False,False,23.8,B,2026-09-08 21:51:36
1082,TIGER 코스피고배당,210780,KOSPI,0,1,-1463.0,2783.0,1,0,23630.0,,,,,,68.6,100.9,혼합,중립,False,False,60.9,-,2026-09-08 21:51:40
1083,DRB동일,004840,KOSPI,0,0,-1404.0,-966.0,2,1,4045.0,0.18,,,,,114.9,95.1,완전역배열,중립,False,False,5.6,B,2026-09-08 21:51:45
1084,DAISHIN K200,434960,KOSPI,3,0,273.0,-107.0,0,3,111305.0,,,,,,102.3,100.1,혼합,중립,False,False,62.2,-,2026-09-08 21:51:50
1085,동일고무벨트,163560,KOSPI,0,0,-5305.0,-43.0,3,4,5590.0,0.31,,,,,25.0,97.8,완전역배열,중립,False,False,11.1,B,2026-09-08 21:51:55
1086,TIGER AI코리아그로스액티브,365040,KOSPI,1,4,131.0,6503.0,0,0,36890.0,,,,,,90.7,99.8,완전역배열,중립,False,False,63.5,-,2026-09-08 21:52:00
1087,TIGER 소프트웨어,157490,KOSPI,0,6,-6617.0,46500.0,3,0,8320.0,,,,,,54.0,97.7,완전역배열,중립,False,False,16.8,-,2026-09-08 21:52:06
1088,CS홀딩스,000590,KOSPI,1,0,74.0,-5.0,0,3,66700.0,0.2,,,,,49.4,99.0,완전역배열,중립,False,False,16.0,B,2026-09-08 21:52:10
1089,남광토건,001260,KOSPI,3,0,7169.0,-29.0,0,4,7810.0,0.59,,,,,55.9,100.7,혼합,중립,False,False,19.9,C,2026-09-08 21:52:14
1090,DSR제강,069730,KOSPI,0,0,-4527.0,-48.0,5,3,5330.0,0.38,,,,,66.2,97.9,혼합,중립,False,False,71.0,B,2026-09-08 21:52:19
1091,한투 레버리지천연가스선물 ETN C,570120,KOSPI,0,0,0.0,-330.0,0,3,15340.0,,,,,,45.6,103.5,-,중립,False,False,18.0,-,2026-09-08 21:52:23
1092,써니전자,004770,KOSPI,0,0,-96128.0,-111.0,2,4,2160.0,0.9,,,,,184.8,109.2,완전정배열,상단돌파,False,True,63.3,D,2026-09-08 21:52:27
1093,대림바스,005750,KOSPI,2,0,4082.0,-2998.0,0,1,4620.0,0.44,,,,,64.8,101.0,혼합,중립,False,False,29.8,B,2026-09-08 21:52:31
1094,N2 전력인프라 Top5 ETN,550093,KOSPI,0,3,0.0,424.0,0,0,38100.0,,,,,,161.9,97.1,완전역배열,중립,False,False,40.9,-,2026-09-08 21:52:34
1095,TIGER BBIG,364960,KOSPI,3,0,3816.0,-1829.0,0,2,6370.0,,,,,,48.6,97.3,완전역배열,중립,False,False,26.2,-,2026-09-08 21:52:39
1096,동방아그로,007590,KOSPI,0,1,-16.0,702.0,1,0,5580.0,0.38,,,,,62.9,99.9,완전역배열,중립,False,False,30.7,B,2026-09-08 21:52:43
1097,테이팩스,055490,KOSPI,0,1,-1618.0,1515.0,7,0,15860.0,0.47,,,,,88.5,110.7,상향전환,중립,True,False,43.4,B,2026-09-08 21:52:48
1098,TIGER 미디어컨텐츠,228810,KOSPI,1,1,3440.0,27284.0,0,0,3130.0,,,,,,85.4,98.7,완전역배열,중립,False,False,4.6,-,2026-09-08 21:52:52
1099,SOL K방산,490480,KOSPI,1,6,362.0,10299.0,0,0,27825.0,,,,,,68.7,94.0,완전역배열,중립,False,False,24.3,-,2026-09-08 21:52:56
1100,신한 인버스2X 천연가스 선물 ETN B,500096,KOSPI,0,0,0.0,-13.0,0,2,14970.0,,,,,,36.3,91.8,하향전환,중립,False,False,20.8,-,2026-09-08 21:53:00
1101,대영포장,014160,KOSPI,3,0,56881.0,-7.0,0,4,690.0,0.37,,,,,17.5,96.4,완전역배열,중립,False,False,42.2,D,2026-09-08 21:53:03
1102,웅진씽크빅,095720,KOSPI,0,0,-1080.0,-305.0,8,1,1316.0,0.3,,,,,110.7,101.9,혼합,중립,False,False,10.1,D,2026-09-08 21:53:07
1103,RISE 미국반도체NYSE,469060,KOSPI,0,0,0.0,-484.0,0,1,33910.0,,,,,,40.9,95.4,완전역배열,중립,False,False,46.1,-,2026-09-08 21:53:12
1104,HANARO 글로벌금채굴기업,473640,KOSPI,2,1,7010.0,3914.0,0,0,34560.0,,,,,,65.3,98.9,혼합,중립,False,False,56.7,-,2026-09-08 21:53:15
1105,ACE 중장기국공채액티브,272910,KOSPI,0,0,0.0,-6.0,0,2,106125.0,,,,,,74.3,100.0,혼합,중립,False,False,33.0,-,2026-09-08 21:53:20
1106,삼호개발,010960,KOSPI,1,0,4385.0,-394.0,0,1,3070.0,0.29,,,,,82.5,99.3,완전역배열,중립,False,False,13.2,B,2026-09-08 21:53:24
1107,종근당바이오,063160,KOSPI,0,0,-1272.0,-24.0,2,4,13470.0,0.62,,,,,101.4,97.5,완전역배열,중립,False,False,12.9,D,2026-09-08 21:53:28
1108,지엠비코리아,013870,KOSPI,0,0,-1922.0,-15.0,9,4,3850.0,0.24,,,,,65.7,98.6,완전역배열,중립,False,False,9.4,B,2026-09-08 21:53:32
1109,이월드,084680,KOSPI,0,0,-114524.0,-450.0,1,3,516.0,0.34,,,,,67.8,103.4,혼합,중립,False,False,24.6,D,2026-09-08 21:53:36
1110,SOL 반도체후공정,475310,KOSPI,0,0,-8316.0,-14715.0,1,5,27050.0,,,,,,96.3,101.4,혼합,중립,False,False,57.6,-,2026-09-08 21:53:40
1111,KODEX KRX300,292190,KOSPI,1,2,369.0,1921.0,0,0,48675.0,,,,,,80.0,100.0,완전역배열,중립,False,False,61.6,-,2026-09-08 21:53:44
1112,성창기업지주,000180,KOSPI,0,0,-821.0,-43.0,1,2,5170.0,0.11,,,,,97.6,98.0,완전역배열,중립,False,False,16.0,D,2026-09-08 21:53:48
1113,CJ씨푸드,011150,KOSPI,0,0,-15109.0,-116.0,6,4,1999.0,0.82,,,,,75.8,98.9,완전역배열,중립,False,False,17.6,D,2026-09-08 21:53:52
1114,선도전기,007610,KOSPI,1,0,18414.0,-29.0,0,4,3980.0,2.02,,,,,36.2,94.7,완전역배열,중립,False,False,24.0,D,2026-09-08 21:53:57
1115,SK디앤디,210980,KOSPI,0,0,-11429.0,-1926.0,1,1,3845.0,0.14,,,,,295.2,119.0,혼합,상단돌파,False,False,19.4,D,2026-09-08 21:54:01
1116,TIGER 배당성장,211560,KOSPI,0,2,-416.0,1658.0,1,0,35610.0,,,,,,55.0,100.7,혼합,중립,False,False,67.6,-,2026-09-08 21:54:05
1117,일동홀딩스,000230,KOSPI,0,0,-2024.0,-1.0,2,5,6200.0,0.41,,,,,270.6,97.8,완전역배열,중립,False,False,6.4,B,2026-09-08 21:54:09
1118,HANARO Fn조선해운,441540,KOSPI,1,0,445.0,-2057.0,0,1,26460.0,,,,,,120.6,97.4,완전역배열,중립,False,False,20.1,-,2026-09-08 21:54:13
1119,제일연마,001560,KOSPI,5,0,5386.0,-90.0,0,1,9360.0,0.57,,,,,306.6,101.5,혼합,중립,False,False,27.3,C,2026-09-08 21:54:17
1120,NH프라임리츠,338100,KOSPI,0,0,-7369.0,-10628.0,5,1,3810.0,,,,,,85.5,100.9,혼합,중립,False,False,26.5,-,2026-09-08 21:54:21
1121,다스코,058730,KOSPI,0,0,-157023.0,-63.0,3,4,3510.0,0.49,,,,,128.2,104.6,완전정배열,중립,True,False,35.1,D,2026-09-08 21:54:25
1122,PLUS 국채선물3년,298340,KOSPI,0,0,0.0,0.0,0,0,56545.0,,,,,,52.4,100.0,혼합,중립,False,False,62.8,-,2026-09-08 21:54:29
1123,국제약품,002720,KOSPI,0,0,-5760.0,-67.0,1,4,3355.0,0.71,,,,,34.4,101.2,혼합,중립,False,False,20.5,C,2026-09-08 21:54:33
1124,삼정펄프,009770,KOSPI,1,0,143.0,-99.0,0,1,28350.0,0.25,,,,,29.1,99.9,완전역배열,중립,False,False,30.8,B,2026-09-08 21:54:37
1125,TIGER 여행레저,228800,KOSPI,6,1,45283.0,1991.0,0,0,2730.0,,,,,,88.5,102.6,혼합,중립,False,False,25.1,-,2026-09-08 21:54:40
1126,아모레퍼시픽홀딩스우,002795,KOSPI,1,0,1341.0,-647.0,0,2,11050.0,0.28,,,,,96.8,100.7,상향전환,중립,True,False,32.2,B,2026-09-08 21:54:44
1127,화천기계,010660,KOSPI,0,0,-5843.0,-88.0,1,4,3185.0,0.48,,,,,122.5,104.6,혼합,상단돌파,False,False,17.1,C,2026-09-08 21:54:48
1128,DSR,155660,KOSPI,0,0,-3537.0,-321.0,6,2,4365.0,0.26,,,,,45.7,98.8,혼합,중립,False,False,62.8,B,2026-09-08 21:54:53
1129,코오롱인더우,120115,KOSPI,0,0,-1637.0,-66.0,6,1,25200.0,0.19,,,,,74.8,99.9,완전역배열,중립,False,False,32.2,B,2026-09-08 21:54:57
1130,TIGER 글로벌AI플랫폼액티브,412770,KOSPI,3,1,41732.0,8168.0,0,0,11920.0,,,,,,126.9,95.5,완전역배열,중립,False,False,18.1,-,2026-09-08 21:55:01
1131,N2 방위산업 Top5 ETN,550091,KOSPI,0,0,0.0,-3.0,0,1,34635.0,,,,,,108.6,93.6,완전역배열,중립,False,False,21.5,-,2026-09-08 21:55:05
1132,RISE 버크셔포트폴리오TOP10,475350,KOSPI,1,0,929.0,-7669.0,0,5,14075.0,,,,,,166.6,98.1,완전역배열,중립,False,False,41.2,-,2026-09-08 21:55:10
1133,동양고속,084670,KOSPI,3,0,4116.0,-10.0,0,4,23750.0,1.19,,,,,42.5,95.2,완전역배열,중립,False,False,13.7,D,2026-09-08 21:55:15
1134,HK 200,491700,KOSPI,2,0,156.0,-99.0,0,2,114560.0,,,,,,18.1,100.7,혼합,중립,False,False,65.1,-,2026-09-08 21:55:20
1135,금호에이치티,214330,KOSPI,3,0,61348.0,-7588.0,0,1,6570.0,0.21,,,,,78.4,98.9,완전역배열,중립,False,False,15.6,D,2026-09-08 21:55:24
1136,TIGER 코스피대형주,277640,KOSPI,1,3,305.0,20121.0,0,0,38105.0,,,,,,97.6,99.9,완전역배열,중립,False,False,61.4,-,2026-09-08 21:55:29
1137,ACE 단기채권알파액티브,440640,KOSPI,0,0,0.0,-43.0,0,9,112755.0,,,,,,71.7,100.1,완전정배열,중립,False,False,99.2,-,2026-09-08 21:55:34
1138,삼성 코리아 밸류업 TR ETN,530126,KOSPI,0,0,0.0,0.0,0,0,34230.0,,,,,,1.6,100.0,혼합,중립,False,False,67.6,-,2026-09-08 21:55:38
1139,삼일씨엔에스,004440,KOSPI,0,17,-2888.0,88422.0,3,0,5350.0,0.25,,,,,74.7,102.4,혼합,중립,False,False,19.2,C,2026-09-08 21:55:42
1140,KIWOOM 단기자금,130730,KOSPI,0,2,0.0,180.0,0,0,103060.0,,,,,,162.0,100.1,완전정배열,중립,False,False,84.5,-,2026-09-08 21:55:47
1141,KIWOOM KRX100,100910,KOSPI,4,5,111.0,4842.0,0,0,17425.0,,,,,,90.5,100.0,혼합,중립,False,False,61.9,-,2026-09-08 21:55:51
1142,1Q 현대차그룹채권(A+이상)&국고통안,492500,KOSPI,0,0,0.0,-14.0,0,1,51390.0,,,,,,50.1,100.1,완전정배열,중립,False,False,21.8,-,2026-09-08 21:55:54
1143,팜젠사이언스,004720,KOSPI,0,0,-5773.0,-49.0,1,4,2995.0,0.48,,,,,96.2,96.2,완전역배열,중립,False,False,19.9,D,2026-09-08 21:55:59
1144,엔케이,085310,KOSPI,0,1,-958.0,8107.0,2,0,9120.0,0.38,,,,,84.6,96.7,완전역배열,중립,False,False,20.4,C,2026-09-08 21:56:03
1145,RISE 2차전지TOP10,465330,KOSPI,5,0,144838.0,-25725.0,0,5,11225.0,,,,,,89.9,100.8,혼합,중립,False,False,36.1,-,2026-09-08 21:56:07
1146,신일전자,002700,KOSPI,1,0,68071.0,-227.0,0,4,986.0,0.77,,,,,58.4,99.1,완전역배열,중립,False,False,7.0,C,2026-09-08 21:56:11
1147,N2 코스피 200 TR ETN,550084,KOSPI,0,0,0.0,-9.0,0,1,33790.0,,,,,,155.4,100.1,혼합,중립,False,False,62.4,-,2026-09-08 21:56:16
1148,아이티센씨티에스,031820,KOSPI,0,0,-5965.0,-1852.0,2,1,5580.0,0.27,,,,,70.8,96.0,완전역배열,중립,False,False,18.7,B,2026-09-08 21:56:21
1149,한국특강,007280,KOSPI,0,0,-1875.0,-2045.0,2,2,2350.0,0.33,,,,,34.1,101.1,혼합,중립,False,False,33.7,D,2026-09-08 21:56:24
1150,한투 일본종합상사TOP5 ETN,570100,KOSPI,0,0,0.0,-152.0,0,1,22335.0,,,,,,246.9,102.4,혼합,중립,False,False,61.8,-,2026-09-08 21:56:28
1151,휴비스,079980,KOSPI,0,1,-18608.0,5984.0,4,0,1940.0,0.25,,,,,71.5,98.4,완전역배열,중립,False,False,12.7,D,2026-09-08 21:56:32
1152,PLUS 단기채권액티브,278620,KOSPI,0,0,0.0,-4.0,0,1,119140.0,,,,,,116.3,100.1,완전정배열,중립,False,False,62.0,-,2026-09-08 21:56:36
1153,동원모빌리티,018500,KOSPI,0,0,-4476.0,-1.0,2,2,1424.0,0.34,,,,,85.7,98.4,완전역배열,중립,False,False,27.4,B,2026-09-08 21:56:39
1154,삼성 인버스0.5X S&P500 VIX S/T선물 ETN B,530131,KOSPI,0,1,0.0,82.0,0,0,22150.0,,,,,,55.8,100.0,완전정배열,중립,False,False,82.9,-,2026-09-08 21:56:43
1155,KODEX 헬스케어,266420,KOSPI,0,0,-894.0,-1290.0,2,1,16555.0,,,,,,44.1,95.0,완전역배열,중립,False,False,17.6,-,2026-09-08 21:56:47
1156,메리츠 KAP 통안채 3개월 ETN,610066,KOSPI,0,0,0.0,0.0,0,0,55110.0,,,,,,0.0,100.1,완전정배열,중립,False,False,100.0,-,2026-09-08 21:56:51
1157,한국내화,010040,KOSPI,0,1,-1790.0,5189.0,4,0,1602.0,0.37,,,,,187.5,98.8,완전역배열,중립,False,False,23.3,B,2026-09-08 21:56:55
1158,TIGER 미국배당다우존스타겟커버드콜1호,458750,KOSPI,2,0,10917.0,-9351.0,0,3,12710.0,,,,,,76.1,97.9,하향전환,중립,False,False,68.9,-,2026-09-08 21:56:59
1159,KODEX 보험,140700,KOSPI,0,1,-2378.0,19601.0,1,0,21110.0,,,,,,166.7,103.1,완전정배열,중립,False,False,87.1,-,2026-09-08 21:57:03
1160,PLUS TDF2060액티브 적격,433880,KOSPI,1,0,718.0,-1225.0,0,1,18210.0,,,,,,72.0,97.8,완전역배열,중립,False,False,43.4,-,2026-09-08 21:57:07
1161,삼성 레버리지 나스닥 100 TR ETN,530115,KOSPI,0,0,0.0,-55.0,0,3,65270.0,,,,,,87.2,97.2,하향전환,중립,False,False,57.2,-,2026-09-08 21:57:11
1162,삼성 KRX 금현물 ETN,530067,KOSPI,0,0,0.0,-427.0,0,2,32605.0,,,,,,56.0,96.6,완전역배열,중립,False,False,32.1,-,2026-09-08 21:57:15
1163,유엔젤,072130,KOSPI,2,0,22149.0,-43.0,0,4,5120.0,0.96,,,,,111.9,99.9,완전역배열,중립,False,False,37.8,C,2026-09-08 21:57:19
1164,인디에프,014990,KOSPI,0,0,-1446.0,-1.0,3,1,4305.0,1.64,,,,,142.7,136.4,완전정배열,상단돌파,False,True,58.0,D,2026-09-08 21:57:23
1165,TIGER TSMC파운드리밸류체인,453950,KOSPI,1,0,100.0,-1190.0,0,1,32335.0,,,,,,101.3,95.6,완전역배열,중립,False,False,50.3,-,2026-09-08 21:57:26
1166,우신시스템,017370,KOSPI,1,0,1753.0,-69.0,0,4,3495.0,0.34,,,,,132.0,95.7,완전역배열,중립,False,False,3.9,B,2026-09-08 21:57:30
1167,하이스틸,071090,KOSPI,1,0,4613.0,-61.0,0,2,3165.0,0.43,,,,,314.3,101.1,혼합,중립,False,False,24.4,D,2026-09-08 21:57:34
1168,비상교육,100220,KOSPI,0,0,-10828.0,-2829.0,2,4,4900.0,0.27,,,,,36.5,99.5,완전역배열,중립,False,False,14.6,B,2026-09-08 21:57:38
1169,대현,016090,KOSPI,0,0,-26315.0,-24122.0,2,3,1435.0,0.23,,,,,102.4,98.4,완전역배열,중립,False,False,12.4,B,2026-09-08 21:57:42
1170,KODEX KRX300레버리지,306950,KOSPI,0,3,-38.0,4130.0,2,0,79110.0,,,,,,106.4,99.5,완전역배열,중립,False,False,38.4,-,2026-09-08 21:57:46
1171,하나 Solactive US Tech Top 10 ETN(H),700022,KOSPI,0,0,0.0,0.0,0,0,31605.0,,,,,,,101.1,완전정배열,중립,False,False,83.7,-,2026-09-08 21:57:49
1172,KB Wise 분할매매 ETN,580010,KOSPI,0,0,0.0,-10.0,0,1,10515.0,,,,,,109.8,100.6,혼합,중립,False,False,55.7,-,2026-09-08 21:57:53
1173,미래에셋 레버리지 WTI원유 선물 ETN,520095,KOSPI,0,0,0.0,-5.0,0,1,25115.0,,,,,,,,-,중립,False,False,99.9,-,2026-09-08 21:57:57
1174,미래에셋 2X 미국 테크&반도체 TOP3 ETN,520081,KOSPI,0,1,0.0,20.0,0,0,62660.0,,,,,,50.4,99.0,완전역배열,중립,False,False,49.2,-,2026-09-08 21:58:01
1175,RISE 200선물레버리지,252400,KOSPI,0,3,-8.0,3847.0,2,0,104250.0,,,,,,107.6,99.5,완전역배열,중립,False,False,39.1,-,2026-09-08 21:58:05
1176,KIWOOM 단기채권ESG액티브,419890,KOSPI,0,0,0.0,-22.0,0,2,107610.0,,,,,,108.5,100.0,완전정배열,중립,False,False,45.4,-,2026-09-08 21:58:09
1177,무림페이퍼,009200,KOSPI,0,0,-1795.0,-131.0,1,4,1499.0,0.16,,,,,57.1,98.6,완전역배열,중립,False,False,17.0,D,2026-09-08 21:58:13
1178,휴니드,005870,KOSPI,3,0,12628.0,-53.0,0,3,4410.0,0.36,,,,,111.3,96.8,완전역배열,중립,False,False,10.4,D,2026-09-08 21:58:17
1179,ACE 미국하이일드액티브(H),455660,KOSPI,1,0,48.0,-603.0,0,9,9410.0,,,,,,69.2,99.9,혼합,중립,False,False,76.9,-,2026-09-08 21:58:21
1180,미래에셋 레버리지 KRX 금현물 ETN,520087,KOSPI,0,1,0.0,2478.0,0,0,31050.0,,,,,,165.7,92.8,완전역배열,중립,False,False,19.1,-,2026-09-08 21:58:25
1181,삼성출판사,068290,KOSPI,0,1,-3417.0,2967.0,9,0,6210.0,0.43,,,,,105.9,99.3,완전역배열,중립,False,False,5.4,B,2026-09-08 21:58:29
1182,미래에셋 레버리지 은 선물 ETN B,520092,KOSPI,0,0,0.0,-1991.0,0,1,31045.0,,,,,,51.6,94.7,완전역배열,중립,False,False,6.7,-,2026-09-08 21:58:32
1183,KODEX 국채선물3년인버스,292770,KOSPI,0,1,0.0,2.0,0,0,57730.0,,,,,,0.1,100.2,완전정배열,중립,False,False,92.5,-,2026-09-08 21:58:36
1184,미래에셋 미국 테크&반도체 TOP3 ETN,520080,KOSPI,0,0,0.0,-3.0,0,5,20565.0,,,,,,43.2,98.4,완전역배열,중립,False,False,49.7,-,2026-09-08 21:58:40
1185,유유제약,000220,KOSPI,2,1,127369.0,701.0,0,0,3880.0,0.49,,,,,336.2,101.5,혼합,중립,False,False,31.5,B,2026-09-08 21:58:44
1186,미래에셋-0.5X S&P500 VIX S/T선물 ETN(H)B,520086,KOSPI,0,4,0.0,816.0,0,0,24420.0,,,,,,89.2,102.3,완전정배열,중립,False,False,99.6,-,2026-09-08 21:58:48
1187,키움 레버리지 조선TOP10 ETN,760016,KOSPI,0,1,0.0,160.0,0,0,60665.0,,,,,,84.7,93.4,완전역배열,중립,False,False,11.0,-,2026-09-08 21:58:51
1188,삼화왕관,004450,KOSPI,0,1,-280.0,371.0,1,0,28050.0,0.45,,,,,218.3,103.9,완전정배열,중립,True,False,31.9,C,2026-09-08 21:58:55
1189,ACE 미국30년국채엔화노출액티브(H),476750,KOSPI,1,0,2761.0,-5479.0,0,3,7455.0,,,,,,107.4,99.1,완전역배열,중립,False,False,11.9,-,2026-09-08 21:58:59
1190,보락,002760,KOSPI,0,20,-22086.0,405493.0,6,0,1006.0,1.21,,,,,78.5,100.1,혼합,중립,False,False,26.9,D,2026-09-08 21:59:03
1191,TIGER 글로벌4차산업혁신기술(합성 H),275980,KOSPI,0,4,0.0,3594.0,0,0,23595.0,,,,,,135.2,99.1,혼합,중립,False,False,74.8,-,2026-09-08 21:59:07
1192,KODEX 미국달러선물,261240,KOSPI,1,0,2048.0,-21316.0,0,5,13905.0,,,,,,130.4,97.9,완전역배열,중립,False,False,3.2,-,2026-09-08 21:59:11
1193,태경케미컬,006890,KOSPI,0,0,-11685.0,-117.0,2,4,5150.0,0.35,,,,,77.2,97.6,완전역배열,중립,False,False,2.6,B,2026-09-08 21:59:15
1194,미래에셋 레버리지 삼성전자 단일종목 ETN,520100,KOSPI,0,0,0.0,-3366.0,0,1,11945.0,,,,,,131.9,97.1,-,중립,False,False,23.1,-,2026-09-08 21:59:19
1195,KODEX 미국S&P500헬스케어,453640,KOSPI,2,1,760.0,832.0,0,0,13880.0,,,,,,82.0,98.2,혼합,중립,False,False,64.1,-,2026-09-08 21:59:24
1196,RISE 미국AI테크액티브,495940,KOSPI,0,0,-6.0,-509.0,2,4,18865.0,,,,,,155.8,97.5,완전역배열,중립,False,False,56.1,-,2026-09-08 21:59:27
1197,키움 미국달러선물 ETN B,760018,KOSPI,0,0,0.0,-24.0,0,1,9900.0,,,,,,389.8,97.9,완전역배열,중립,False,False,6.1,-,2026-09-08 21:59:31
1198,미래에셋 인버스 2X 코스닥150 선물 ETN,520057,KOSPI,0,2,-35000.0,704821.0,1,0,1875.0,,,,,,95.0,106.2,상향전환,중립,True,False,14.8,-,2026-09-08 21:59:35
1199,PLUS 200TR,491220,KOSPI,0,1,-42.0,105.0,1,0,131070.0,,,,,,66.6,100.2,혼합,중립,False,False,62.1,-,2026-09-08 21:59:39
1200,현대건설우,000725,KOSPI,0,0,-319.0,0.0,1,0,55500.0,0.67,,,,,70.5,99.6,완전역배열,중립,False,False,29.6,C,2026-09-08 21:59:42
1201,BYC우,001465,KOSPI,0,20,-520.0,17977.0,4,0,27000.0,0.39,,,,,123.9,101.2,혼합,중립,False,False,46.9,B,2026-09-08 21:59:46
1202,호전실업,111110,KOSPI,1,0,283.0,-281.0,0,2,6380.0,0.29,,,,,49.1,98.1,완전역배열,중립,False,False,10.2,B,2026-09-08 21:59:50
1203,기신정기,092440,KOSPI,0,0,-72.0,-5418.0,2,1,1979.0,0.24,,,,,58.3,100.1,혼합,중립,False,False,21.1,D,2026-09-08 21:59:53
1204,HANARO 200선물레버리지,304780,KOSPI,0,4,-240.0,2536.0,2,0,127095.0,,,,,,91.3,99.5,완전역배열,중립,False,False,38.8,-,2026-09-08 21:59:57
1205,미래에셋글로벌리츠,396690,KOSPI,0,0,-61044.0,-76067.0,2,13,1443.0,,,,,,130.6,97.4,완전역배열,중립,False,False,9.8,-,2026-09-08 22:00:01
1206,대양금속,009190,KOSPI,0,0,-33145.0,-1660.0,1,1,1299.0,0.73,,,,,138.1,85.6,완전역배열,하단이탈,False,False,14.1,C,2026-09-08 22:00:06
1207,TIGER 중국소비테마,150460,KOSPI,4,1,11759.0,68893.0,0,0,7560.0,,,,,,123.9,99.5,혼합,중립,False,False,51.1,-,2026-09-08 22:00:10
1208,TIGER 미국S&P500레버리지(합성 H),225040,KOSPI,0,0,-10.0,-156.0,2,2,67755.0,,,,,,99.5,99.5,혼합,중립,False,False,90.4,-,2026-09-08 22:00:15
1209,인터지스,129260,KOSPI,0,0,-1370.0,-97.0,4,4,1913.0,0.18,,,,,102.8,98.8,완전역배열,중립,False,False,11.5,B,2026-09-08 22:00:19
1210,TIGER 인도빌리언컨슈머,479730,KOSPI,0,0,0.0,-6191.0,0,2,9630.0,,,,,,64.6,96.1,완전역배열,중립,False,False,10.2,-,2026-09-08 22:00:23
1211,ACE ESG액티브,385590,KOSPI,0,0,0.0,-363.0,0,1,24700.0,,,,,,80.2,100.9,완전정배열,중립,False,False,68.4,-,2026-09-08 22:00:27
1212,조비,001550,KOSPI,4,0,51431.0,-14.0,0,4,10830.0,0.91,,,,,35.6,102.9,혼합,중립,False,False,17.8,D,2026-09-08 22:00:32
1213,KODEX 메타버스액티브,401470,KOSPI,0,3,-866.0,13796.0,2,0,9605.0,,,,,,45.2,98.9,하향전환,중립,False,False,48.0,-,2026-09-08 22:00:37
1214,유화증권우,003465,KOSPI,0,0,0.0,0.0,0,0,3200.0,0.36,,,,,53.9,103.2,상향전환,중립,True,False,45.6,C,2026-09-08 22:00:42
1215,새론오토모티브,075180,KOSPI,1,0,438.0,-2785.0,0,1,2910.0,0.22,,,,,97.0,99.4,완전역배열,중립,False,False,33.5,B,2026-09-08 22:00:46
1216,화승알앤에이,378850,KOSPI,0,0,-6226.0,-63.0,2,4,2940.0,0.3,,,,,57.5,99.2,완전역배열,중립,False,False,26.6,B,2026-09-08 22:00:50
1217,유안타증권우,003475,KOSPI,0,0,-991.0,-22.0,10,3,4355.0,0.45,,,,,85.5,101.0,상향전환,중립,True,False,36.6,B,2026-09-08 22:00:54
1218,남양유업우,003925,KOSPI,3,0,2106.0,0.0,0,0,29500.0,0.24,,,,,115.7,98.2,완전역배열,중립,False,False,3.2,C,2026-09-08 22:00:58
1219,KB 레버리지 반도체 TOP10 TR ETN,580082,KOSPI,1,4,4.0,6343.0,0,0,22310.0,,,,,,91.5,98.2,-,중립,False,False,20.1,-,2026-09-08 22:01:04
1220,신한 레버리지 코스닥 150 선물 ETN,500071,KOSPI,0,0,0.0,0.0,0,0,22285.0,,,,,,50.2,92.1,완전역배열,하단이탈,False,False,12.9,-,2026-09-08 22:01:08
1221,미래에셋 CAPE 실러 US Core Sector ETN,520089,KOSPI,0,0,0.0,0.0,0,0,11125.0,,,,,,0.0,97.4,완전역배열,중립,False,False,30.4,-,2026-09-08 22:01:12
1222,미래에셋 레버리지 SK하이닉스 단일종목ETN,520101,KOSPI,0,5,-30.0,81596.0,2,0,11120.0,,,,,,151.4,103.2,-,상단돌파,False,False,14.0,-,2026-09-08 22:01:16
1223,일진디스플,020760,KOSPI,0,0,0.0,0.0,0,0,902.0,1.53,,,,,,100.0,혼합,중립,False,False,92.4,D,2026-09-08 22:01:21
1224,미래에셋 코스피200 선물 ETN,520037,KOSPI,0,4,-5.0,6142.0,2,0,27630.0,,,,,,175.1,100.3,혼합,중립,False,False,61.2,-,2026-09-08 22:01:25
1225,우성,006980,KOSPI,4,0,12024.0,-9.0,0,1,17880.0,0.23,,,,,346.3,104.1,혼합,상단돌파,False,False,30.9,D,2026-09-08 22:01:30
1226,인바이오젠,101140,KOSPI,0,0,-489.0,-1.0,1,4,5490.0,0.39,,,,,50.5,101.8,혼합,중립,False,False,7.2,D,2026-09-08 22:01:34
1227,디와이덕양,024900,KOSPI,0,0,-3695.0,-582.0,1,1,1680.0,0.47,,,,,48.7,98.0,완전역배열,중립,False,False,3.2,D,2026-09-08 22:01:38
1228,코리아써우,007815,KOSPI,0,0,-239.0,0.0,1,0,18400.0,1.03,,,,,76.3,99.8,완전역배열,중립,False,False,48.7,B,2026-09-08 22:01:42
1229,모나리자,012690,KOSPI,1,0,3628.0,-1448.0,0,1,1491.0,0.63,,,,,31.7,100.6,혼합,중립,False,False,15.2,D,2026-09-08 22:01:47
1230,부산산업,011390,KOSPI,0,0,-1240.0,-5.0,2,4,51600.0,0.43,,,,,49.5,107.4,혼합,중립,False,False,29.5,D,2026-09-08 22:01:51
1231,메리츠 레버리지 WTI원유 선물 ETN(H),610088,KOSPI,0,0,0.0,-1944.0,0,3,54220.0,,,,,,55.8,114.1,상향전환,상단돌파,True,True,66.0,-,2026-09-08 22:01:55
1232,오리엔트바이오,002630,KOSPI,0,0,0.0,0.0,0,0,913.0,0.75,,,,,104.9,97.3,완전역배열,중립,False,False,55.9,D,2026-09-08 22:01:59
1233,평화산업,090080,KOSPI,0,0,-11656.0,-172.0,3,4,985.0,0.69,,,,,20.1,96.4,혼합,중립,False,False,66.4,B,2026-09-08 22:02:04
1234,TIGER 코스닥150바이오테크,261070,KOSPI,0,0,-3550.0,-14269.0,2,1,11750.0,,,,,,76.3,92.3,완전역배열,하단이탈,False,False,15.0,-,2026-09-08 22:02:08
1235,RISE 미국달러SOFR금리액티브(합성),455960,KOSPI,0,0,0.0,-3635.0,0,1,11790.0,,,,,,120.7,98.0,완전역배열,중립,False,False,9.7,-,2026-09-08 22:02:12
1236,RISE 코스닥150선물레버리지,278240,KOSPI,1,0,101.0,-519.0,0,1,7395.0,,,,,,63.5,92.3,완전역배열,중립,False,False,14.6,-,2026-09-08 22:02:17
1237,SJM,123700,KOSPI,0,0,-852.0,-326.0,2,2,3435.0,0.22,,,,,43.5,99.8,완전역배열,중립,False,False,39.0,B,2026-09-08 22:02:21
1238,RISE TDF2040액티브 적격,442560,KOSPI,1,0,296.0,-266.0,0,9,16220.0,,,,,,84.1,98.5,완전역배열,중립,False,False,56.1,-,2026-09-08 22:02:25
1239,서원,021050,KOSPI,0,1,-48237.0,649.0,6,0,1127.0,0.33,,,,,50.5,100.2,혼합,중립,False,False,21.9,B,2026-09-08 22:02:29
1240,SJM홀딩스,025530,KOSPI,4,0,2407.0,-15.0,0,1,3575.0,0.26,,,,,92.8,100.8,완전정배열,중립,False,False,47.9,B,2026-09-08 22:02:33
1241,범양건영,002410,KOSPI,0,0,0.0,0.0,0,0,1935.0,0.77,,,,,,100.0,혼합,중립,False,False,50.0,D,2026-09-08 22:02:37
1242,KODEX 일본TOPIX100,101280,KOSPI,2,0,89.0,-1067.0,0,3,30530.0,,,,,,89.4,99.0,하향전환,중립,False,False,72.0,-,2026-09-08 22:02:41
1243,덕성,004830,KOSPI,0,0,-3711.0,-48.0,2,4,3345.0,0.52,,,,,37.2,99.5,완전역배열,중립,False,False,15.8,C,2026-09-08 22:02:45
1244,전방,000950,KOSPI,0,0,-294.0,-7.0,6,3,31200.0,0.16,,,,,44.6,97.6,혼합,중립,False,False,37.1,D,2026-09-08 22:02:49
1245,한투 일본니케이225선물 ETN(H),570104,KOSPI,0,0,0.0,0.0,0,0,17440.0,,,,,,36.8,98.1,혼합,중립,False,False,78.2,-,2026-09-08 22:02:53
1246,KB S&P 레버리지 WTI원유 선물 ETN B,580068,KOSPI,0,5,0.0,2788.0,0,0,52300.0,,,,,,118.4,111.7,상향전환,상단돌파,True,True,56.2,-,2026-09-08 22:02:57
1247,KB 레버리지 FANG 플러스 ETN(H),580034,KOSPI,0,0,0.0,0.0,0,0,104270.0,,,,,,73.0,101.5,완전정배열,중립,False,False,67.1,-,2026-09-08 22:03:01
1248,삼성 레버리지 S&P500 선물 ETN,530113,KOSPI,0,0,0.0,-4.0,0,2,52075.0,,,,,,14.0,97.5,하향전환,중립,False,False,66.6,-,2026-09-08 22:03:05
1249,PLUS 200선물레버리지,253150,KOSPI,2,0,1595.0,-895.0,0,2,208275.0,,,,,,22.9,99.4,완전역배열,중립,False,False,38.4,-,2026-09-08 22:03:09
1250,KODEX 우량주,275300,KOSPI,1,2,264.0,2754.0,0,0,30535.0,,,,,,122.1,99.6,완전역배열,중립,False,False,64.1,-,2026-09-08 22:03:12
1251,KODEX 200롱코스닥150숏선물,360140,KOSPI,4,10,1541.0,51891.0,0,0,23585.0,,,,,,45.1,103.5,완전정배열,중립,False,False,75.1,-,2026-09-08 22:03:16
1252,KODEX 친환경조선해운액티브,445150,KOSPI,0,9,-418.0,10458.0,2,0,28000.0,,,,,,91.3,97.6,완전역배열,중립,False,False,19.6,-,2026-09-08 22:03:20
1253,하나 S&P 레버리지 WTI원유 선물 ETN B,700029,KOSPI,0,0,0.0,-91.0,0,1,51765.0,,,,,,353.8,111.7,상향전환,상단돌파,True,True,55.7,-,2026-09-08 22:03:24
1254,삼성 블룸버그 레버리지 WTI원유선물 ETN B,530133,KOSPI,0,0,0.0,-367.0,0,1,51750.0,,,,,,52.3,111.7,상향전환,상단돌파,True,True,56.0,-,2026-09-08 22:03:27
1255,신한 블룸버그 레버리지 WTI원유선물 ETN B,500093,KOSPI,0,2,0.0,108.0,0,0,51630.0,,,,,,163.3,111.6,상향전환,상단돌파,True,True,61.8,-,2026-09-08 22:03:31
1256,평화홀딩스,010770,KOSPI,0,0,-4324.0,-4925.0,6,4,3530.0,0.35,,,,,94.1,96.4,완전역배열,중립,False,False,3.4,B,2026-09-08 22:03:35
1257,KIWOOM 국고채3년,114470,KOSPI,1,0,1.0,-11.0,0,3,107480.0,,,,,,65.4,100.0,혼합,중립,False,False,58.4,-,2026-09-08 22:03:39
1258,씨케이솔루션,480370,KOSPI,0,0,-4169.0,0.0,1,0,1588.0,0.85,,,,,67.3,104.0,혼합,상단돌파,False,False,17.5,D,2026-09-08 22:03:44
1259,한컴라이프케어,372910,KOSPI,1,0,5648.0,0.0,0,0,1860.0,0.39,,,,,9.4,100.3,혼합,중립,False,False,14.9,D,2026-09-08 22:03:48
1260,KODEX WTI원유선물(H),261220,KOSPI,2,0,81671.0,-29493.0,0,2,26340.0,,,,,,112.2,107.0,완전정배열,상단돌파,False,True,84.0,-,2026-09-08 22:03:52
1261,SK디스커버리우,006125,KOSPI,0,0,-63.0,0.0,1,0,41700.0,0.21,,,,,151.1,104.5,완전정배열,중립,False,False,78.7,B,2026-09-08 22:03:56
1262,삼성 레버리지 일본니케이225선물 ETN(H),530124,KOSPI,0,0,0.0,-138.0,0,2,51345.0,,,,,,14.6,96.6,혼합,중립,False,False,68.0,-,2026-09-08 22:04:00
1263,롯데칠성우,005305,KOSPI,0,1,-16.0,126.0,6,0,66100.0,0.43,,,,,84.9,98.6,완전역배열,중립,False,False,2.2,C,2026-09-08 22:04:03
1264,WON 미국우주항공방산,440910,KOSPI,1,0,449.0,-1093.0,0,1,23255.0,,,,,,76.5,91.3,완전역배열,하단이탈,False,False,27.9,-,2026-09-08 22:04:07
1265,인팩,023810,KOSPI,2,0,7494.0,-1685.0,0,2,5090.0,0.38,,,,,112.0,97.3,완전역배열,중립,False,False,7.2,B,2026-09-08 22:04:11
1266,고려산업,002140,KOSPI,1,0,169.0,-77.0,0,4,2040.0,0.42,,,,,57.9,97.6,완전역배열,중립,False,False,23.4,B,2026-09-08 22:04:15
1267,KB 레버리지 미국 나스닥 100 TR ETN B,580076,KOSPI,0,1,0.0,1.0,0,0,25420.0,,,,,,50.7,97.2,완전역배열,중립,False,False,55.5,-,2026-09-08 22:04:19
1268,TIGER 글로벌온디바이스AI,480310,KOSPI,0,5,-24411.0,91106.0,1,0,19175.0,,,,,,110.8,98.5,완전역배열,중립,False,False,50.7,-,2026-09-08 22:04:23
1269,ACE 레버리지,152500,KOSPI,0,4,-2668.0,44867.0,2,0,46110.0,,,,,,114.0,99.5,완전역배열,중립,False,False,39.0,-,2026-09-08 22:04:27
1270,ACE 2월만기자동연장회사채AA-이상액티브,475260,KOSPI,0,1,0.0,190.0,0,0,10750.0,,,,,,224.5,100.1,완전정배열,중립,False,False,59.5,-,2026-09-08 22:04:31
1271,에이프로젠,007460,KOSPI,0,1,-39617.0,18.0,1,0,2025.0,0.09,,,,,115.4,88.5,하향전환,하단이탈,False,False,26.0,D,2026-09-08 22:04:35
1272,진양산업,003780,KOSPI,0,0,-1057.0,-43.0,2,4,3865.0,0.76,,,,,31.9,100.2,혼합,중립,False,False,4.6,B,2026-09-08 22:04:40
1273,신송홀딩스,006880,KOSPI,0,0,-8056.0,-2039.0,10,15,4235.0,0.42,,,,,112.1,96.7,완전역배열,중립,False,False,5.3,B,2026-09-08 22:04:44
1274,미래에셋 미국 AI TOP3 ETN,520072,KOSPI,0,0,0.0,-5.0,0,3,16570.0,,,,,,41.9,98.4,혼합,중립,False,False,64.9,-,2026-09-08 22:04:48
1275,KODEX 미국S&P500에너지(합성),218420,KOSPI,0,0,-561.0,-36.0,3,2,20160.0,,,,,,66.5,100.2,완전정배열,중립,False,False,69.9,-,2026-09-08 22:04:52
1276,삼화전자,011230,KOSPI,3,0,6265.0,-47.0,0,3,2560.0,2.9,,,,,26.5,95.6,완전역배열,중립,False,False,18.9,D,2026-09-08 22:04:56
1277,ACE 주주환원가치주액티브,447430,KOSPI,0,0,-15.0,-1899.0,3,2,16540.0,,,,,,80.5,100.6,혼합,중립,False,False,49.5,-,2026-09-08 22:05:01
1278,파워 코스피100,140950,KOSPI,1,3,27.0,798.0,0,0,86890.0,,,,,,70.8,100.1,혼합,중립,False,False,62.3,-,2026-09-08 22:05:05
1279,진원생명과학,011000,KOSPI,0,0,0.0,0.0,0,0,2670.0,1.34,,,,,,100.0,혼합,중립,False,False,19.9,D,2026-09-08 22:05:10
1280,케이비아이동국실업,001620,KOSPI,0,0,-1533.0,-532.0,1,1,2180.0,0.17,,,,,102.9,100.9,혼합,중립,False,False,9.9,B,2026-09-08 22:05:14
1281,TIGER 일본엔선물,292560,KOSPI,6,1,8888.0,31159.0,0,0,8080.0,,,,,,133.5,99.0,완전역배열,중립,False,False,15.6,-,2026-09-08 22:05:18
1282,TIGER 글로벌AI사이버보안,418670,KOSPI,1,1,737.0,6370.0,0,0,16765.0,,,,,,77.1,96.7,혼합,중립,False,False,68.1,-,2026-09-08 22:05:22
1283,마니커,027740,KOSPI,0,0,-40615.0,-3.0,2,2,1516.0,1.27,,,,,42.7,109.0,완전정배열,중립,False,False,63.1,D,2026-09-08 22:05:26
1284,PLUS 미국나스닥테크,287180,KOSPI,1,1,157.0,246.0,0,0,53350.0,,,,,,187.4,96.3,하향전환,중립,False,False,36.4,-,2026-09-08 22:05:29
1285,마이티 다이나믹퀀트액티브,442260,KOSPI,0,0,-32.0,-3.0,2,1,38690.0,,,,,,54.2,100.1,혼합,중립,False,False,61.6,-,2026-09-08 22:05:33
1286,KB 일본 로보틱스 TOP 10 ETN,580056,KOSPI,0,0,0.0,-38.0,0,1,23850.0,,,,,,232.8,94.8,완전역배열,중립,False,False,42.3,-,2026-09-08 22:05:37
1287,상신브레이크,041650,KOSPI,15,0,12240.0,-2419.0,0,1,2220.0,0.2,,,,,97.3,99.5,완전역배열,중립,False,False,29.8,C,2026-09-08 22:05:42
1288,미래에셋맵스리츠,357250,KOSPI,0,0,-6834.0,-7719.0,2,2,1905.0,,,,,,95.1,100.1,혼합,중립,False,False,14.0,-,2026-09-08 22:05:46
1289,씨아이테크,004920,KOSPI,1,0,24258.0,0.0,0,0,907.0,0.62,,,,,114.4,98.9,완전역배열,중립,False,False,5.8,B,2026-09-08 22:05:50
1290,ACE 코스피,305050,KOSPI,2,3,88.0,5205.0,0,0,72315.0,,,,,,87.9,100.0,완전역배열,중립,False,False,61.6,-,2026-09-08 22:05:54
1291,RISE 금융채액티브,336160,KOSPI,1,0,5.0,-5.0,0,1,100190.0,,,,,,33.4,100.0,혼합,중립,False,False,69.9,-,2026-09-08 22:05:58
1292,서울식품,004410,KOSPI,1,0,23452.0,-116.0,0,4,1190.0,1.77,,,,,69.0,101.7,혼합,중립,False,False,16.3,D,2026-09-08 22:06:02
1293,유성기업,002920,KOSPI,1,2,265.0,6441.0,0,0,1809.0,0.18,,,,,226.0,100.4,혼합,중립,False,False,21.1,D,2026-09-08 22:06:06
1294,일신석재,007110,KOSPI,0,0,0.0,0.0,0,0,603.0,0.79,,,,,43.1,97.9,완전역배열,중립,False,False,25.8,D,2026-09-08 22:06:10
1295,조광페인트,004910,KOSPI,0,0,-1186.0,-121.0,6,4,3625.0,0.18,,,,,52.5,98.9,완전역배열,중립,False,False,12.4,D,2026-09-08 22:06:14
1296,미래에셋 인버스 2X 코스피200 선물 ETN B,520102,KOSPI,2,0,2548.0,-28612.0,0,2,23165.0,,,,,,105.9,98.1,-,하단이탈,False,False,15.8,-,2026-09-08 22:06:17
1297,대호에이엘,069460,KOSPI,0,0,0.0,0.0,0,0,2660.0,0.6,,,,,,100.0,혼합,중립,False,False,26.9,D,2026-09-08 22:06:21
1298,KIWOOM 코스닥150,316670,KOSPI,1,0,1768.0,-2642.0,0,1,6840.0,,,,,,74.0,96.4,완전역배열,중립,False,False,24.3,-,2026-09-08 22:06:25
1299,TIGER 인버스,123310,KOSPI,2,0,808.0,-111672.0,0,3,1105.0,,,,,,86.9,99.4,완전역배열,중립,False,False,5.7,-,2026-09-08 22:06:29
1300,깨끗한나라,004540,KOSPI,3,0,18163.0,-119.0,0,4,1240.0,0.29,,,,,74.0,101.1,혼합,중립,False,False,13.4,D,2026-09-08 22:06:33
1301,메리츠 3X 레버리지 국채30년 ETN,610061,KOSPI,0,3,0.0,4659.0,0,0,23070.0,,,,,,56.4,100.3,혼합,중립,False,False,3.6,-,2026-09-08 22:06:37
1302,아진전자부품,009320,KOSPI,0,0,-3075.0,-296.0,4,1,935.0,1.34,,,,,57.5,96.1,완전역배열,중립,False,False,24.1,D,2026-09-08 22:06:41
1303,문배철강,008420,KOSPI,0,0,-22162.0,-67.0,2,4,2240.0,0.23,,,,,302.3,101.1,혼합,중립,False,False,21.2,B,2026-09-08 22:06:45
1304,KODEX 미국S&P500금융,453650,KOSPI,3,2,298.0,2567.0,0,0,19125.0,,,,,,247.0,98.1,하향전환,중립,False,False,46.8,-,2026-09-08 22:06:49
1305,SG세계물산,004060,KOSPI,0,0,-11328.0,-706.0,7,1,2260.0,0.17,,,,,30.4,97.6,완전역배열,중립,False,False,1.6,C,2026-09-08 22:06:53
1306,성문전자,014910,KOSPI,1,0,12235.0,-72.0,0,3,2090.0,0.92,,,,,197.4,106.6,상향전환,중립,True,False,33.8,C,2026-09-08 22:06:57
1307,KODEX 미국S&P500산업재(합성),200030,KOSPI,1,0,49.0,-706.0,0,1,40510.0,,,,,,123.4,94.7,완전역배열,중립,False,False,33.3,-,2026-09-08 22:07:01
1308,유니온,000910,KOSPI,0,0,-7652.0,-48.0,8,3,2920.0,0.31,,,,,66.3,99.3,완전역배열,중립,False,False,13.6,B,2026-09-08 22:07:05
1309,HANARO 글로벌생성형AI액티브,461340,KOSPI,1,7,75.0,2688.0,0,0,41230.0,,,,,,67.4,97.3,완전역배열,중립,False,False,62.8,-,2026-09-08 22:07:10
1310,KODEX 탄소효율그린뉴딜,375770,KOSPI,0,2,0.0,60.0,0,0,25115.0,,,,,,56.5,100.0,혼합,중립,False,False,64.1,-,2026-09-08 22:07:13
1311,에셋플러스 코리아대장장이액티브,442090,KOSPI,0,2,0.0,1002.0,0,0,30115.0,,,,,,90.5,99.4,완전역배열,중립,False,False,65.7,-,2026-09-08 22:07:17
1312,KODEX 차이나심천ChiNext(합성),256750,KOSPI,0,1,-4313.0,3849.0,1,0,14750.0,,,,,,223.3,94.3,완전역배열,중립,False,False,28.9,-,2026-09-08 22:07:20
1313,부산주공,005030,KOSPI,0,0,0.0,0.0,0,0,486.0,2.07,,,,,,100.0,혼합,중립,False,False,50.0,D,2026-09-08 22:07:25
1314,미래에셋 레버리지 코스닥150 선물 ETN,520056,KOSPI,0,0,0.0,-2339.0,0,1,22490.0,,,,,,57.7,92.3,완전역배열,중립,False,False,15.2,-,2026-09-08 22:07:28
1315,한국종합기술,023350,KOSPI,0,0,-1732.0,-33.0,3,4,4105.0,0.24,,,,,124.5,102.2,혼합,중립,False,False,26.5,B,2026-09-08 22:07:32
1316,TIGER 차이나바이오테크SOLACTIVE,371470,KOSPI,0,2,-30605.0,35936.0,2,0,8310.0,,,,,,69.5,96.5,하향전환,중립,False,False,41.8,-,2026-09-08 22:07:36
1317,SB성보,003080,KOSPI,0,0,-1621.0,-3314.0,3,3,2240.0,0.29,,,,,29.0,99.5,완전역배열,중립,False,False,21.2,D,2026-09-08 22:07:39
1318,명문제약,017180,KOSPI,1,0,33404.0,-106.0,0,5,1320.0,0.46,,,,,224.6,102.5,혼합,중립,False,False,30.3,D,2026-09-08 22:07:43
1319,이엔플러스,074610,KOSPI,0,0,0.0,0.0,0,0,5110.0,2.58,,,,,,100.0,혼합,중립,False,False,100.0,D,2026-09-08 22:07:47
1320,부국철강,026940,KOSPI,0,0,-1766.0,-63.0,4,5,2240.0,0.33,,,,,218.2,103.1,혼합,중립,False,False,17.4,D,2026-09-08 22:07:50
1321,ACE 5월만기자동연장회사채AA-이상액티브,475270,KOSPI,0,0,0.0,0.0,0,0,10730.0,,,,,,174.5,100.1,완전정배열,중립,False,False,98.2,-,2026-09-08 22:07:54
1322,TBH글로벌,084870,KOSPI,0,0,-2871.0,-67.0,4,1,2170.0,0.74,,,,,27.1,98.6,혼합,중립,False,False,79.1,D,2026-09-08 22:07:58
1323,KODEX 글로벌로봇(합성),276990,KOSPI,2,0,206.0,-126.0,0,4,24960.0,,,,,,104.9,95.7,완전역배열,중립,False,False,43.1,-,2026-09-08 22:08:02
1324,KIWOOM 글로벌AI반도체,473490,KOSPI,1,0,364.0,-254.0,0,2,29350.0,,,,,,52.6,97.3,완전역배열,중립,False,False,53.4,-,2026-09-08 22:08:07
1325,ACE 일본TOPIX레버리지(H),196030,KOSPI,1,1,38.0,4.0,0,0,88005.0,,,,,,135.7,99.0,혼합,중립,False,False,83.4,-,2026-09-08 22:08:10
1327,유니켐,011330,KOSPI,1,0,2624.0,-7355.0,0,1,4370.0,0.32,,,,,19.2,93.7,완전역배열,중립,False,False,9.1,D,2026-09-08 22:08:16
1328,ACE 미국주식베스트셀러,473590,KOSPI,0,2,-66.0,5388.0,1,0,18550.0,,,,,,72.7,98.0,완전역배열,중립,False,False,28.5,-,2026-09-08 22:08:20
1329,한투 인버스2XWTI원유선물 ETN B,570117,KOSPI,3,0,1644.0,-545163.0,0,10,1972.0,,,,,,213.2,84.2,완전역배열,하단이탈,False,False,0.1,-,2026-09-08 22:08:24
1330,메리츠 3X 레버리지 미국채30년 ETN,610078,KOSPI,0,0,0.0,-2.0,0,6,36085.0,,,,,,105.9,97.3,완전역배열,중립,False,False,0.5,-,2026-09-08 22:08:27
1331,미래에셋 미국 제약 TOP3 ETN,520078,KOSPI,0,0,0.0,-194.0,0,4,14355.0,,,,,,220.5,98.5,혼합,중립,False,False,75.2,-,2026-09-08 22:08:31
1332,KoAct AI인프라액티브,487130,KOSPI,1,0,1234.0,-2843.0,0,1,28615.0,,,,,,89.4,100.8,혼합,중립,False,False,59.8,-,2026-09-08 22:08:35
1333,ACE 미국달러단기채권액티브,440650,KOSPI,2,0,293.0,-4918.0,0,1,11295.0,,,,,,110.5,97.8,완전역배열,중립,False,False,4.7,-,2026-09-08 22:08:39
1334,한화솔루션우,009835,KOSPI,1,0,238.0,0.0,0,0,16840.0,0.33,,,,,57.6,96.5,완전역배열,중립,False,False,12.9,D,2026-09-08 22:08:43
1335,RISE 메타버스,401170,KOSPI,0,3,-3121.0,1070.0,2,0,10810.0,,,,,,42.1,97.7,혼합,중립,False,False,42.9,-,2026-09-08 22:08:47
1336,신한글로벌액티브리츠,481850,KOSPI,0,5,-2329.0,17409.0,4,0,982.0,,,,,,40.2,98.8,완전역배열,중립,False,False,64.7,-,2026-09-08 22:08:51
1337,ACE 일본Nikkei225(H),238720,KOSPI,0,0,-112.0,-325.0,1,2,47305.0,,,,,,88.3,98.1,혼합,중립,False,False,74.0,-,2026-09-08 22:08:56
1338,RISE 미국30년국채커버드콜(합성),472830,KOSPI,2,0,1238.0,-1761.0,0,1,7670.0,,,,,,94.6,97.5,완전역배열,중립,False,False,2.0,-,2026-09-08 22:08:59
1339,DYP,092780,KOSPI,0,0,-7544.0,-1730.0,7,1,3220.0,0.27,,,,,129.9,96.1,완전역배열,중립,False,False,4.7,B,2026-09-08 22:09:03
1341,DL우,000215,KOSPI,0,1,-293.0,20.0,3,0,25000.0,0.13,,,,,117.4,103.2,상향전환,중립,True,False,43.8,B,2026-09-08 22:09:08
1342,하나 반도체 ETN,700027,KOSPI,0,0,0.0,-79.0,0,3,42145.0,,,,,,157.3,101.7,혼합,중립,False,False,63.3,-,2026-09-08 22:09:12
1343,메리츠 레버리지 미국채30년 ETN(H),610038,KOSPI,0,4,0.0,6402.0,0,0,4205.0,,,,,,19.3,99.6,완전역배열,중립,False,False,9.4,-,2026-09-08 22:09:16
1344,미래에셋 레버리지 미국 AI TOP3 ETN,520073,KOSPI,0,0,0.0,-3.0,0,2,41975.0,,,,,,6.6,98.9,혼합,중립,False,False,79.4,-,2026-09-08 22:09:19
1345,미래에셋 미국 방위산업 TOP3 ETN,520074,KOSPI,0,1,0.0,40494.0,0,0,13960.0,,,,,,391.0,92.4,완전역배열,하단이탈,False,False,16.6,-,2026-09-08 22:09:23
1346,TIGER 미국달러선물인버스2X,261120,KOSPI,0,5,-1.0,28804.0,6,0,5595.0,,,,,,193.4,104.4,완전정배열,중립,False,False,95.0,-,2026-09-08 22:09:27
1347,우성머티리얼스,011300,KOSPI,1,0,15487.0,0.0,0,0,2400.0,1.18,,,,,43.2,80.6,하향전환,하단이탈,False,False,12.1,D,2026-09-08 22:09:31
1348,엑시큐어하이트론,019490,KOSPI,0,0,0.0,0.0,0,0,541.0,5.52,,,,,,100.0,혼합,중립,False,False,60.0,D,2026-09-08 22:09:36
1349,IBK 200,472840,KOSPI,0,3,0.0,409.0,0,0,110250.0,,,,,,88.1,100.2,혼합,중립,False,False,62.6,-,2026-09-08 22:09:40
1350,TIGER 금은선물(H),139320,KOSPI,1,1,5.0,2357.0,0,0,18345.0,,,,,,80.9,98.5,완전역배열,중립,False,False,35.9,-,2026-09-08 22:09:44
1351,FOCUS AI코리아액티브,448570,KOSPI,0,1,0.0,689.0,0,0,30560.0,,,,,,123.0,99.2,완전역배열,중립,False,False,65.8,-,2026-09-08 22:09:48
1352,미래에셋 인버스 천연가스 선물 ETN B,520091,KOSPI,2,0,6.0,-45.0,0,2,10285.0,,,,,,178.2,94.8,완전역배열,중립,False,False,34.6,-,2026-09-08 22:09:52
1353,신한 블룸버그 인버스2X WTI원유선물 ETN B,500094,KOSPI,3,0,651.0,-184468.0,0,9,1950.0,,,,,,205.7,83.7,완전역배열,하단이탈,False,False,0.1,-,2026-09-08 22:09:56
1354,RISE 200채권혼합50,183700,KOSPI,1,0,25.0,-39.0,0,1,97205.0,,,,,,129.9,100.3,혼합,중립,False,False,66.4,-,2026-09-08 22:10:00
1355,에쓰씨엔지니어링,023960,KOSPI,0,0,-6928.0,-1.0,2,3,1062.0,1.01,,,,,83.6,103.3,혼합,중립,False,False,16.9,D,2026-09-08 22:10:04
1356,광명전기,017040,KOSPI,0,0,0.0,0.0,0,0,932.0,4.57,,,,,,100.0,혼합,중립,False,False,46.6,D,2026-09-08 22:10:08
1357,HANARO 반도체핵심공정주도주,476260,KOSPI,0,3,-39303.0,86218.0,3,0,12420.0,,,,,,79.1,98.9,완전역배열,중립,False,False,49.4,-,2026-09-08 22:10:12
1358,TIGER 경기방어,139280,KOSPI,0,3,-63.0,4812.0,2,0,12590.0,,,,,,59.2,98.1,하향전환,중립,False,False,39.0,-,2026-09-08 22:10:17
1359,금비,008870,KOSPI,0,0,-94.0,-55.0,5,1,40250.0,0.46,,,,,89.4,101.1,혼합,중립,False,False,12.5,D,2026-09-08 22:10:20
1360,온타이드,005320,KOSPI,0,0,-25799.0,0.0,1,0,1175.0,0.42,,,,,170.7,130.9,상향전환,상단돌파,True,True,80.6,D,2026-09-08 22:10:24
1361,갤럭시아에스엠,011420,KOSPI,0,0,-15194.0,-28.0,2,2,1456.0,0.69,,,,,44.4,98.7,완전역배열,중립,False,False,21.5,C,2026-09-08 22:10:28
1362,유니드비티플러스,446070,KOSPI,0,20,-24134.0,396024.0,2,0,3780.0,0.2,,,,,156.2,102.8,완전정배열,중립,False,False,82.4,D,2026-09-08 22:10:31
1363,메리츠 인버스 2X 은 선물 ETN(H),610101,KOSPI,0,4,0.0,439.0,0,0,39930.0,,,,,,117.2,100.8,혼합,중립,False,False,39.5,-,2026-09-08 22:10:35
1364,TIGER 미국방산TOP10,494840,KOSPI,0,0,-179.0,-647.0,2,3,12050.0,,,,,,108.7,93.1,완전역배열,중립,False,False,16.0,-,2026-09-08 22:10:39
1365,이화산업,000760,KOSPI,0,0,-306.0,-9.0,4,1,14190.0,0.29,,,,,82.9,102.6,상향전환,중립,True,False,25.6,D,2026-09-08 22:10:43
1366,HANARO K고배당,322410,KOSPI,1,0,185.0,-578.0,0,1,23300.0,,,,,,131.3,101.6,완전정배열,중립,False,False,75.6,-,2026-09-08 22:10:47
1367,신한 S&P500 VIX S/T 선물 ETN E,500095,KOSPI,0,0,0.0,-60.0,0,4,6595.0,,,,,,7.2,93.1,완전역배열,중립,False,False,0.3,-,2026-09-08 22:10:51
1368,한투 인버스2X천연가스선물 ETN B,570118,KOSPI,0,0,0.0,-393.0,0,2,9825.0,,,,,,86.2,91.4,하향전환,하단이탈,False,False,20.8,-,2026-09-08 22:10:55
1369,KODEX 모멘텀주,275280,KOSPI,1,2,672.0,1961.0,0,0,43445.0,,,,,,217.7,100.0,혼합,중립,False,False,57.4,-,2026-09-08 22:10:59
1370,한투 인버스2X나스닥100 ETN B,570103,KOSPI,0,0,0.0,-203.0,0,1,3895.0,,,,,,67.6,98.3,완전역배열,중립,False,False,1.4,-,2026-09-08 22:11:03
1371,삼성 인버스 2X 은 선물 ETN,530143,KOSPI,0,3,0.0,2749.0,0,0,38850.0,,,,,,66.5,99.2,완전역배열,중립,False,False,29.2,-,2026-09-08 22:11:07
1372,KODEX 차이나AI테크액티브,428510,KOSPI,0,7,-779.0,18055.0,1,0,22805.0,,,,,,92.4,94.8,완전역배열,중립,False,False,37.5,-,2026-09-08 22:11:11
1373,TIGER 모멘텀,147970,KOSPI,1,4,82.0,5553.0,0,0,80600.0,,,,,,61.9,98.8,완전역배열,중립,False,False,56.4,-,2026-09-08 22:11:15
1374,영화금속,012280,KOSPI,0,0,-879.0,-35.0,3,4,3895.0,0.44,,,,,73.9,98.9,완전역배열,중립,False,False,21.5,B,2026-09-08 22:11:19
1375,시디즈,134790,KOSPI,0,0,-95.0,-6.0,5,2,19210.0,0.49,,,,,50.7,99.0,혼합,중립,False,False,31.8,B,2026-09-08 22:11:23
1376,보해양조,000890,KOSPI,1,1,5594.0,23.0,0,0,1389.0,0.41,,,,,223.9,101.7,혼합,중립,False,False,5.0,C,2026-09-08 22:11:27
1377,케이탑리츠,145270,KOSPI,0,0,-264.0,-521.0,6,4,792.0,,,,,,77.7,99.9,완전역배열,중립,False,False,26.6,-,2026-09-08 22:11:31
1378,미래에셋 미국 자율주행대표기업 ETN,520082,KOSPI,0,1,0.0,30.0,0,0,12670.0,,,,,,169.0,99.1,완전역배열,중립,False,False,42.3,-,2026-09-08 22:11:35
1379,한투 인버스2X은선물 ETN,570119,KOSPI,0,0,0.0,0.0,0,0,37990.0,,,,,,75.4,99.0,완전역배열,중립,False,False,22.2,-,2026-09-08 22:11:38
1380,한투 인버스2X코스닥150선물 ETN,570082,KOSPI,0,2,0.0,15879.0,0,0,1893.0,,,,,,96.3,105.8,상향전환,중립,True,False,14.8,-,2026-09-08 22:11:42
1381,유니온머티리얼,047400,KOSPI,0,0,-18383.0,-135.0,3,4,901.0,2.08,,,,,37.7,97.2,완전역배열,중립,False,False,4.9,B,2026-09-08 22:11:46
1382,KB 인버스 2X 은 선물 ETN,580081,KOSPI,0,0,0.0,-2.0,0,1,37810.0,,,,,,49.8,98.8,완전역배열,중립,False,False,26.6,-,2026-09-08 22:11:50
1383,KODEX 일본부동산리츠(H),352540,KOSPI,0,0,-83.0,-1258.0,1,4,11100.0,,,,,,92.8,99.3,완전역배열,중립,False,False,23.5,-,2026-09-08 22:11:54
1384,TIGER 유로스탁스50(합성 H),195930,KOSPI,0,0,-377.0,-39979.0,1,1,23475.0,,,,,,193.5,98.4,혼합,중립,False,False,83.1,-,2026-09-08 22:11:58
1385,신풍,002870,KOSPI,0,1,-16576.0,1696.0,3,0,1070.0,0.36,,,,,143.2,105.9,상향전환,중립,True,False,50.3,B,2026-09-08 22:12:02
1386,영흥,012160,KOSPI,3,0,16904.0,-20067.0,0,7,2390.0,0.24,,,,,58.9,96.0,혼합,중립,False,False,40.2,D,2026-09-08 22:12:06
1387,우진플라임,049800,KOSPI,1,0,1077.0,-3177.0,0,1,1865.0,0.35,,,,,111.1,102.5,혼합,중립,False,False,13.4,C,2026-09-08 22:12:10
1388,대구백화점,006370,KOSPI,2,1,15546.0,543.0,0,0,3445.0,0.25,,,,,57.9,85.8,완전역배열,하단이탈,False,False,8.5,D,2026-09-08 22:12:14
1389,KODEX 미국S&P500배당귀족커버드콜(합성 H),276970,KOSPI,0,0,-754.0,-1342.0,1,3,7930.0,,,,,,98.5,99.7,혼합,중립,False,False,87.1,-,2026-09-08 22:12:17
1390,화인베스틸,133820,KOSPI,0,0,-2451.0,-2.0,7,4,998.0,0.73,,,,,62.4,103.4,혼합,중립,False,False,5.9,D,2026-09-08 22:12:21
1391,KB S&P 인버스 2X WTI원유 선물 ETN B,580069,KOSPI,1,0,1500.0,-126754.0,0,9,1996.0,,,,,,201.7,84.0,완전역배열,하단이탈,False,False,0.1,-,2026-09-08 22:12:25
1392,TIGER Fn메타버스,400970,KOSPI,0,3,-558.0,1688.0,2,0,7380.0,,,,,,38.0,98.1,완전역배열,중립,False,False,10.3,-,2026-09-08 22:12:29
1393,키움 인버스 2X K방산 TOP5 ETN,760024,KOSPI,0,3,0.0,4793.0,0,0,8185.0,,,,,,52.9,110.3,완전정배열,상단돌파,False,True,10.7,-,2026-09-08 22:12:33
1394,ACE 미국30년국채선물레버리지(합성 H),452250,KOSPI,1,1,625.0,4723.0,0,0,4720.0,,,,,,23.7,99.4,완전역배열,중립,False,False,9.0,-,2026-09-08 22:12:37
1395,TIGER 미국AI반도체팹리스,491830,KOSPI,0,2,0.0,5585.0,0,0,20855.0,,,,,,87.0,96.4,완전역배열,중립,False,False,49.3,-,2026-09-08 22:12:40
1396,TIGER 인터넷TOP10,365000,KOSPI,0,0,-12480.0,-37471.0,1,1,3575.0,,,,,,82.8,95.8,완전역배열,중립,False,False,13.9,-,2026-09-08 22:12:44
1397,KIWOOM 코리아고배당,104530,KOSPI,1,0,112.0,-4092.0,0,2,17700.0,,,,,,112.0,100.2,혼합,중립,False,False,44.9,-,2026-09-08 22:12:48
1398,대신 인버스 2X 미국달러 선물 ETN,510045,KOSPI,0,0,0.0,0.0,0,0,23955.0,,,,,,,104.5,-,중립,False,False,100.0,-,2026-09-08 22:12:52
1399,TIGER 한중반도체(합성),449690,KOSPI,0,0,0.0,-385.0,0,1,47820.0,,,,,,52.4,97.8,완전역배열,중립,False,False,52.7,-,2026-09-08 22:12:56
1400,KIWOOM 코스피100,153270,KOSPI,2,4,151.0,7179.0,0,0,84980.0,,,,,,100.8,99.9,완전역배열,중립,False,False,61.5,-,2026-09-08 22:12:59
1401,PLUS 미국채30년액티브,464470,KOSPI,1,0,248.0,-79.0,0,4,46575.0,,,,,,89.8,97.7,완전역배열,중립,False,False,1.9,-,2026-09-08 22:13:03
1402,디와이에이,002880,KOSPI,0,0,0.0,0.0,0,0,753.0,0.54,,,,,0.0,96.1,완전역배열,중립,False,False,49.2,B,2026-09-08 22:13:07
1403,신한 코스피 200 TR ETN,500085,KOSPI,0,0,0.0,-15.0,0,1,35205.0,,,,,,9.7,100.9,혼합,중립,False,False,64.6,-,2026-09-08 22:13:11
1404,KB 인버스 2X 미국 나스닥 100 TR ETN B,580077,KOSPI,0,1,0.0,356.0,0,0,11725.0,,,,,,12.8,98.3,완전역배열,중립,False,False,0.0,-,2026-09-08 22:13:15
1405,RISE 글로벌테크놀로지(합성 H),276650,KOSPI,0,1,0.0,11.0,0,0,46875.0,,,,,,107.7,100.3,완전정배열,중립,False,False,84.8,-,2026-09-08 22:13:19
1406,RISE V&S셀렉트밸류채권혼합,241390,KOSPI,0,3,-23.0,67.0,2,0,15935.0,,,,,,103.8,100.4,혼합,중립,False,False,72.1,-,2026-09-08 22:13:23
1407,한투 레버리지나스닥100 ETN B,570102,KOSPI,0,0,0.0,-73.0,0,1,17525.0,,,,,,41.3,97.1,하향전환,중립,False,False,55.5,-,2026-09-08 22:13:27
1408,HANARO Fn전기&수소차,381560,KOSPI,1,0,6253.0,-6469.0,0,1,17440.0,,,,,,378.2,98.6,완전역배열,중립,False,False,52.9,-,2026-09-08 22:13:31
1409,경인전자,009140,KOSPI,0,0,-181.0,-5.0,2,3,22150.0,0.33,,,,,49.6,100.3,혼합,중립,False,False,21.6,B,2026-09-08 22:13:34
1410,미래에셋 인버스 2X WTI원유 선물 ETN,520096,KOSPI,0,0,0.0,-17916.0,0,15,13905.0,,,,,,,,-,중립,False,False,2.7,-,2026-09-08 22:13:38
1411,세방우,004365,KOSPI,2,0,609.0,-4.0,0,3,9400.0,0.17,,,,,46.8,100.6,혼합,중립,False,False,45.9,B,2026-09-08 22:13:42
1412,SOL 코스닥150,450910,KOSPI,1,0,1946.0,-4267.0,0,1,13400.0,,,,,,41.7,96.4,완전역배열,중립,False,False,28.7,-,2026-09-08 22:13:47
1413,미래에셋 레버리지 미국 제약 TOP3 ETN,520079,KOSPI,0,0,0.0,-2.0,0,1,34490.0,,,,,,36.1,98.9,혼합,중립,False,False,81.2,-,2026-09-08 22:13:50
1414,세우글로벌,013000,KOSPI,0,0,-7345.0,-91.0,6,4,1197.0,0.6,,,,,56.7,98.8,완전역배열,중립,False,False,26.7,B,2026-09-08 22:13:54
1415,메타랩스,090370,KOSPI,1,2,1593.0,15937.0,0,0,1257.0,0.4,,,,,163.5,105.9,혼합,상단돌파,False,False,20.1,D,2026-09-08 22:13:58
1416,삼성 코스피 200 TR ETN,530117,KOSPI,0,3,0.0,4891.0,0,0,34290.0,,,,,,70.0,100.1,혼합,중립,False,False,62.4,-,2026-09-08 22:14:03
1417,키움 INDXX 미국테크탑10 ETN,760005,KOSPI,0,1,0.0,7.0,0,0,34200.0,,,,,,66.7,99.0,완전역배열,중립,False,False,41.5,-,2026-09-08 22:14:06
1418,HANARO e커머스,322400,KOSPI,0,3,-248.0,434.0,1,0,10330.0,,,,,,88.9,98.3,완전역배열,중립,False,False,14.5,-,2026-09-08 22:14:10
1419,KoAct 글로벌친환경전력인프라액티브,475070,KOSPI,0,0,-69.0,-1198.0,1,1,29610.0,,,,,,81.6,95.7,완전역배열,중립,False,False,41.7,-,2026-09-08 22:14:14
1420,원림,005820,KOSPI,3,0,682.0,-93.0,0,1,14810.0,0.24,,,,,97.4,99.8,혼합,중립,False,False,41.9,B,2026-09-08 22:14:18
1421,한투 코스피양매도3%OTM ETN,570029,KOSPI,0,0,0.0,0.0,0,0,6760.0,,,,,,8.3,104.2,완전정배열,중립,False,False,61.1,-,2026-09-08 22:14:21
1422,메리츠 국채30년 ETN,610007,KOSPI,0,0,0.0,0.0,0,0,6755.0,,,,,,55.5,100.2,혼합,중립,False,False,6.6,-,2026-09-08 22:14:25
1423,한투 레버리지베트남VN30선물 ETN(H),570065,KOSPI,0,3,0.0,5346.0,0,0,33690.0,,,,,,370.5,103.4,상향전환,중립,False,False,54.3,-,2026-09-08 22:14:29
1424,RISE 코리아금융고배당,498860,KOSPI,0,0,-188.0,-38.0,1,3,16825.0,,,,,,104.5,100.5,혼합,중립,False,False,37.1,-,2026-09-08 22:14:32
1425,이건산업,008250,KOSPI,0,17,-5481.0,69242.0,1,0,3070.0,0.17,,,,,21.3,106.2,혼합,중립,False,False,19.1,D,2026-09-08 22:14:36
1426,핸즈코퍼레이션,143210,KOSPI,0,0,0.0,0.0,0,0,1199.0,0.37,,,,,,100.0,혼합,중립,False,False,66.1,D,2026-09-08 22:14:41
1427,RISE 5대그룹주,105780,KOSPI,1,3,417.0,2904.0,0,0,16780.0,,,,,,59.1,98.9,완전역배열,중립,False,False,59.0,-,2026-09-08 22:14:45
1429,신한 레버리지 구리 선물 ETN,500040,KOSPI,0,1,0.0,153.0,0,0,33530.0,,,,,,133.9,96.8,하향전환,중립,False,False,75.4,-,2026-09-08 22:14:49
1430,KODEX 미국테크TOP3플러스,491090,KOSPI,1,2,372.0,6281.0,0,0,17645.0,,,,,,81.8,99.2,완전역배열,중립,False,False,61.0,-,2026-09-08 22:14:55
1431,한창제지,009460,KOSPI,0,0,-1191.0,-250.0,1,5,2715.0,0.24,,,,,29.9,89.4,혼합,하단이탈,False,False,44.1,D,2026-09-08 22:14:59
1432,에셋플러스 글로벌플랫폼액티브,407830,KOSPI,1,4,475.0,1417.0,0,0,13905.0,,,,,,86.7,98.3,완전역배열,중립,False,False,14.6,-,2026-09-08 22:15:03
1433,KODEX 자율주행액티브,385520,KOSPI,1,2,332.0,2348.0,0,0,15520.0,,,,,,92.6,97.3,완전역배열,중립,False,False,45.6,-,2026-09-08 22:15:07
1434,TIGER 우선주,261140,KOSPI,1,2,31.0,2452.0,0,0,24785.0,,,,,,64.3,99.9,완전역배열,중립,False,False,60.3,-,2026-09-08 22:15:11
1435,RISE 미국반도체NYSE(H),469050,KOSPI,1,0,330.0,-5297.0,0,4,31595.0,,,,,,68.6,97.7,혼합,중립,False,False,68.0,-,2026-09-08 22:15:15
1436,KODEX 차이나H,099140,KOSPI,0,2,-4779.0,7017.0,2,0,20670.0,,,,,,127.7,97.5,완전역배열,중립,False,False,4.4,-,2026-09-08 22:15:19
1437,한투 레버리지플래티넘선물 ETN,570069,KOSPI,0,0,0.0,-549.0,0,3,33055.0,,,,,,78.3,96.6,완전역배열,중립,False,False,5.1,-,2026-09-08 22:15:22
1438,KIWOOM 미국원유에너지기업,474800,KOSPI,1,0,953.0,-23781.0,0,1,15735.0,,,,,,112.8,100.4,완전정배열,중립,False,False,67.4,-,2026-09-08 22:15:26
1439,ACE 코리아AI테크핵심산업,380340,KOSPI,1,2,786.0,3153.0,0,0,27525.0,,,,,,15.0,98.3,혼합,중립,False,False,51.7,-,2026-09-08 22:15:30
1440,RISE 2차전지TOP10인버스(합성),465350,KOSPI,0,2,-1098.0,2642.0,1,0,16505.0,,,,,,64.7,97.8,완전역배열,중립,False,False,18.5,-,2026-09-08 22:15:34
1441,PLUS 글로벌희토류&전략자원생산기업,415920,KOSPI,1,0,766.0,-137.0,0,1,7000.0,,,,,,42.9,96.2,완전역배열,중립,False,False,29.0,-,2026-09-08 22:15:38
1442,미래에셋 -1.5X 천연가스 선물 ETN,520077,KOSPI,0,0,0.0,-41.0,0,2,13095.0,,,,,,300.1,92.9,하향전환,중립,False,False,27.7,-,2026-09-08 22:15:42
1443,KODEX 미국부동산리츠(H),352560,KOSPI,0,6,-386.0,36699.0,1,0,12115.0,,,,,,50.7,98.3,하향전환,중립,False,False,44.7,-,2026-09-08 22:15:45
1444,미래에셋 레버리지 미국 방위산업 TOP3 ETN,520075,KOSPI,0,1,0.0,1.0,0,0,32635.0,,,,,,44.4,86.9,완전역배열,하단이탈,False,False,10.9,-,2026-09-08 22:15:49
1445,KODEX 에너지화학,117460,KOSPI,1,0,1350.0,-3644.0,0,2,14085.0,,,,,,136.6,100.7,혼합,중립,False,False,38.8,-,2026-09-08 22:15:53
1446,HANARO Fn K-POP&미디어,395290,KOSPI,0,2,-2206.0,24714.0,1,0,5080.0,,,,,,79.3,99.7,완전역배열,중립,False,False,9.3,-,2026-09-08 22:15:57
1447,진양폴리,010640,KOSPI,0,0,-11686.0,-284.0,6,4,1940.0,0.71,,,,,43.9,110.4,상향전환,중립,True,False,16.6,B,2026-09-08 22:16:01
1448,KIWOOM 통안채1년,122260,KOSPI,0,1,0.0,1.0,0,0,104230.0,,,,,,273.9,100.1,완전정배열,중립,False,False,99.5,-,2026-09-08 22:16:05
1449,한투 인버스2X코스피200선물 ETN,570127,KOSPI,0,0,0.0,-1490.0,0,4,32205.0,,,,,,176.6,98.0,-,하단이탈,False,False,5.4,-,2026-09-08 22:16:09
1450,우진아이엔에스,010400,KOSPI,2,0,3903.0,-1212.0,0,1,4210.0,0.36,,,,,89.8,102.2,완전정배열,중립,False,False,55.9,B,2026-09-08 22:16:13
1451,KODEX 테슬라밸류체인FactSet,459560,KOSPI,1,0,112.0,-2424.0,0,1,21365.0,,,,,,125.4,97.4,완전역배열,중립,False,False,42.1,-,2026-09-08 22:16:17
1452,TIGER 200 금융,139270,KOSPI,2,0,3052.0,-7928.0,0,1,17360.0,,,,,,176.7,102.7,완전정배열,중립,False,False,82.2,-,2026-09-08 22:16:21
1453,KODEX 가치주,275290,KOSPI,2,0,258.0,-145.0,0,1,35315.0,,,,,,137.3,101.0,완전정배열,중립,False,False,68.7,-,2026-09-08 22:16:25
1454,한화투자증권우,003535,KOSPI,0,0,-551.0,0.0,7,0,6620.0,0.64,,,,,69.6,104.2,혼합,중립,False,False,16.4,C,2026-09-08 22:16:29
1455,ACE MSCI인도네시아(합성),256440,KOSPI,1,0,546.0,-20613.0,0,10,5190.0,,,,,,71.1,98.4,완전역배열,중립,False,False,8.4,-,2026-09-08 22:16:33
1456,KODEX MSCI Korea,156080,KOSPI,1,5,294.0,2879.0,0,0,52735.0,,,,,,123.6,100.2,혼합,중립,False,False,62.7,-,2026-09-08 22:16:37
1457,KODEX 구리선물(H),138910,KOSPI,3,0,77602.0,-57072.0,0,1,10190.0,,,,,,88.2,99.5,혼합,중립,False,False,84.5,-,2026-09-08 22:16:41
1458,대한방직,001070,KOSPI,0,0,-242.0,-19.0,15,4,5960.0,0.14,,,,,49.8,99.2,완전역배열,중립,False,False,24.8,D,2026-09-08 22:16:44
1459,TIGER 200 헬스케어,227540,KOSPI,0,0,-841.0,-356.0,2,1,19020.0,,,,,,44.4,97.7,하향전환,중립,False,False,24.4,-,2026-09-08 22:16:48
1460,KODEX K콘텐츠,266360,KOSPI,0,0,-1018.0,-2990.0,2,1,9850.0,,,,,,47.6,98.1,완전역배열,중립,False,False,12.6,-,2026-09-08 22:16:52
1461,RISE 중국본토대형주CSI100,174360,KOSPI,0,3,-50.0,2356.0,1,0,22510.0,,,,,,61.9,96.3,완전역배열,중립,False,False,25.6,-,2026-09-08 22:16:56
1462,삼성 코스닥 150 TR ETN,530118,KOSPI,0,0,0.0,-2.0,0,1,10455.0,,,,,,0.7,96.5,완전역배열,중립,False,False,28.3,-,2026-09-08 22:17:00
1463,카프로,006380,KOSPI,0,0,-1385.0,-609.0,1,1,185.0,0.47,,,,,400.0,85.0,완전역배열,하단이탈,False,False,54.4,D,2026-09-08 22:17:03
1464,TIGER 일본반도체FACTSET,465660,KOSPI,0,2,-374.0,4081.0,1,0,23985.0,,,,,,105.6,95.9,완전역배열,중립,False,False,48.6,-,2026-09-08 22:17:07
1465,KODEX Top10동일가중,395170,KOSPI,1,0,265.0,-2051.0,0,1,15550.0,,,,,,107.6,98.0,완전역배열,중립,False,False,47.8,-,2026-09-08 22:17:11
1466,KODEX 철강,117680,KOSPI,2,0,5922.0,-6050.0,0,1,12580.0,,,,,,93.5,100.9,혼합,중립,False,False,36.6,-,2026-09-08 22:17:15
1467,MH에탄올,023150,KOSPI,0,0,-611.0,-244.0,8,1,4170.0,0.43,,,,,39.4,99.1,완전역배열,중립,False,False,23.7,D,2026-09-08 22:17:19
1468,TIGER 유로스탁스배당30,245350,KOSPI,1,6,16.0,2455.0,0,0,19220.0,,,,,,94.0,98.6,하향전환,중립,False,False,71.4,-,2026-09-08 22:17:23
1469,WON 대한민국국고채액티브,426150,KOSPI,0,0,0.0,-1.0,0,1,51065.0,,,,,,204.0,100.0,혼합,중립,False,False,7.4,-,2026-09-08 22:17:27
1470,한익스프레스,014130,KOSPI,1,0,7046.0,-1745.0,0,2,2600.0,0.39,,,,,95.2,99.1,하향전환,중립,False,False,43.4,D,2026-09-08 22:17:31
1471,TIGER 글로벌비만치료제TOP2Plus,476690,KOSPI,1,0,219.0,-4789.0,0,1,10240.0,,,,,,89.2,96.9,하향전환,중립,False,False,46.8,-,2026-09-08 22:17:34
1472,RISE 글로벌주식분산액티브,459750,KOSPI,0,3,-450.0,1368.0,2,0,17530.0,,,,,,49.7,97.7,완전역배열,중립,False,False,54.2,-,2026-09-08 22:17:38
1473,신한 블룸버그 2X 천연가스 선물 ETN B,500102,KOSPI,0,1,0.0,74.0,0,0,15305.0,,,,,,98.5,103.8,-,중립,False,False,17.7,-,2026-09-08 22:17:42
1474,블루산업개발,006740,KOSPI,1,0,1059.0,0.0,0,0,5140.0,0.27,,,,,173.6,99.0,완전역배열,중립,False,False,10.3,D,2026-09-08 22:17:46
1475,PLUS 미국S&P500성장주,494410,KOSPI,2,0,210.0,-4378.0,0,3,13900.0,,,,,,233.6,97.6,완전역배열,중립,False,False,49.9,-,2026-09-08 22:17:50
1476,파워 고배당저변동성,192720,KOSPI,4,0,95.0,-20.0,0,1,59780.0,,,,,,105.7,101.3,완전정배열,중립,False,False,80.8,-,2026-09-08 22:17:54
1477,KIWOOM 코리아테크TOP10,469790,KOSPI,0,1,-23.0,336.0,1,0,43430.0,,,,,,56.7,99.6,혼합,중립,False,False,62.6,-,2026-09-08 22:17:58
1478,한솔홈데코,025750,KOSPI,0,0,-21060.0,-51.0,8,4,1879.0,0.3,,,,,102.5,100.5,혼합,중립,False,False,10.6,D,2026-09-08 22:18:03
1479,한투 레버리지구리선물 ETN,570072,KOSPI,0,0,0.0,0.0,0,0,30085.0,,,,,,33.2,96.8,하향전환,중립,False,False,73.6,-,2026-09-08 22:18:06
1480,TIGER S&P글로벌헬스케어(합성),248270,KOSPI,1,0,131.0,-28.0,0,1,25890.0,,,,,,91.0,97.7,하향전환,중립,False,False,50.2,-,2026-09-08 22:18:10
1481,씨티알모빌리티,308170,KOSPI,0,0,-367.0,-29.0,8,4,3485.0,0.36,,,,,43.6,98.2,완전역배열,중립,False,False,8.0,D,2026-09-08 22:18:15
1482,TREX 펀더멘탈 200,145850,KOSPI,0,3,0.0,8.0,0,0,119980.0,,,,,,36.5,100.3,완전정배열,중립,False,False,73.6,-,2026-09-08 22:18:19
1483,마스턴프리미어리츠,357430,KOSPI,0,0,-710.0,-8.0,14,1,980.0,,,,,,80.0,106.9,상향전환,중립,True,False,41.4,-,2026-09-08 22:18:22
1484,KODEX 미국달러선물레버리지,261250,KOSPI,6,0,2831.0,-4176.0,0,20,15090.0,,,,,,182.5,95.7,완전역배열,중립,False,False,3.9,-,2026-09-08 22:18:26
1485,TIGER 200커버드콜,289480,KOSPI,1,0,12.0,-3738.0,0,2,12975.0,,,,,,132.9,102.2,완전정배열,중립,False,False,98.8,-,2026-09-08 22:18:30
1486,콘텐트리중앙,036420,KOSPI,1,0,9624.0,-1.0,0,1,1549.0,0.6,,,,,44.3,98.5,완전역배열,중립,False,False,13.4,D,2026-09-08 22:18:34
1487,미래아이앤지,007120,KOSPI,0,0,-2375.0,-254.0,2,2,1092.0,0.63,,,,,27.3,96.2,완전역배열,중립,False,False,14.1,D,2026-09-08 22:18:37
1488,KODEX 아시아AI반도체exChina액티브,446690,KOSPI,1,0,114.0,-908.0,0,3,59665.0,,,,,,119.9,98.0,완전역배열,중립,False,False,55.5,-,2026-09-08 22:18:42
1489,KIWOOM 200선물레버리지,253250,KOSPI,0,5,-1351.0,3191.0,3,0,102610.0,,,,,,119.1,99.4,완전역배열,중립,False,False,38.5,-,2026-09-08 22:18:46
1490,KODEX iShares미국투자등급회사채액티브,468630,KOSPI,1,0,568.0,-21189.0,0,2,10510.0,,,,,,111.2,97.5,완전역배열,중립,False,False,3.5,-,2026-09-08 22:18:50
1491,MDS스피어,009810,KOSPI,0,0,-638.0,0.0,7,0,1875.0,0.42,,,,,35.7,102.3,혼합,중립,False,False,13.3,D,2026-09-08 22:18:53
1492,KODEX 3대농산물선물(H),271060,KOSPI,0,3,-978.0,68659.0,2,0,9275.0,,,,,,93.2,104.8,완전정배열,중립,False,False,92.9,-,2026-09-08 22:18:57
1493,메리츠 3X 레버리지 미국채10년 ETN,610075,KOSPI,0,1,0.0,262.0,0,0,49125.0,,,,,,288.0,96.2,완전역배열,중립,False,False,0.5,-,2026-09-08 22:19:01
1494,PLUS 글로벌방산,496770,KOSPI,1,0,240.0,-758.0,0,2,16340.0,,,,,,56.1,91.7,완전역배열,하단이탈,False,False,1.8,-,2026-09-08 22:19:05
1495,한성기업,003680,KOSPI,0,0,-13830.0,-20.0,2,4,4730.0,0.37,,,,,23.2,90.3,완전역배열,하단이탈,False,False,27.3,B,2026-09-08 22:19:09
1496,PLUS 일본반도체소부장,464920,KOSPI,1,1,80.0,15011.0,0,0,23485.0,,,,,,105.9,95.3,완전역배열,중립,False,False,48.6,-,2026-09-08 22:19:12
1497,한세엠케이,069640,KOSPI,1,0,2111.0,-22.0,0,3,1348.0,2.51,,,,,89.9,97.8,혼합,중립,False,False,50.9,D,2026-09-08 22:19:17
1498,대림통상,006570,KOSPI,0,0,-2077.0,-245.0,5,1,1924.0,0.88,,,,,9.9,99.7,완전역배열,중립,False,False,21.0,D,2026-09-08 22:19:21
1499,동일제강,002690,KOSPI,0,0,-38466.0,-71.0,3,1,1439.0,0.19,,,,,162.5,98.3,완전역배열,중립,False,False,25.4,D,2026-09-08 22:19:24
1500,신한 콩 선물 ETN(H),500023,KOSPI,0,0,0.0,0.0,0,0,14575.0,,,,,,216.3,104.7,완전정배열,중립,False,False,97.9,-,2026-09-08 22:19:28
1501,WISCOM,024070,KOSPI,2,0,3246.0,-1117.0,0,1,1901.0,0.32,,,,,48.0,99.1,완전역배열,중립,False,False,16.4,B,2026-09-08 22:19:32
1502,한국주강,025890,KOSPI,0,0,-207.0,-34.0,3,4,2585.0,0.86,,,,,48.3,101.6,완전정배열,중립,False,False,89.7,D,2026-09-08 22:19:36
1503,KODEX 한중반도체(합성),450190,KOSPI,0,0,-21.0,-368.0,2,2,47970.0,,,,,,46.1,97.4,완전역배열,중립,False,False,52.8,-,2026-09-08 22:19:39
1504,진양화학,051630,KOSPI,0,1,-10752.0,1374.0,2,0,1357.0,0.73,,,,,53.9,117.1,혼합,상단돌파,False,False,18.1,C,2026-09-08 22:19:43
1505,체시스,033250,KOSPI,0,0,-1203.0,-19.0,2,2,4485.0,0.58,,,,,145.8,108.1,완전정배열,중립,False,False,53.1,B,2026-09-08 22:19:47
1506,KODEX 글로벌비만치료제TOP2 Plus,476070,KOSPI,1,0,307.0,-266.0,0,2,10815.0,,,,,,81.2,96.8,하향전환,중립,False,False,49.3,-,2026-09-08 22:19:51
1507,TIGER 글로벌이노베이션액티브,387270,KOSPI,1,1,93.0,176.0,0,0,24675.0,,,,,,166.1,97.7,완전역배열,중립,False,False,42.6,-,2026-09-08 22:19:55
1508,KIWOOM 미국성장기업30액티브,459790,KOSPI,2,0,546.0,-644.0,0,1,19740.0,,,,,,317.2,97.3,완전역배열,중립,False,False,40.6,-,2026-09-08 22:19:59
1509,코아스,071950,KOSPI,2,0,6718.0,-5.0,0,4,1977.0,0.74,,,,,77.1,106.1,상향전환,상단돌파,True,True,17.1,D,2026-09-08 22:20:03
1510,신풍제약우,019175,KOSPI,0,0,0.0,0.0,0,0,14300.0,2.77,,,,,101.6,107.7,혼합,중립,True,False,31.5,D,2026-09-08 22:20:06
1511,미래에셋 천연가스 선물 ETN B,520090,KOSPI,4,0,146.0,-3784.0,0,3,7115.0,,,,,,111.6,100.8,혼합,중립,False,False,6.6,-,2026-09-08 22:20:10
1512,SG글로벌,001380,KOSPI,0,0,-74802.0,-77.0,20,4,1263.0,0.18,,,,,162.5,97.8,완전역배열,중립,False,False,4.8,B,2026-09-08 22:20:14
1513,미래에셋 -2X 미국채울트라30년 선물 ETN,520065,KOSPI,0,0,0.0,0.0,0,0,14190.0,,,,,,27.2,98.1,완전역배열,중립,False,False,49.5,-,2026-09-08 22:20:18
1514,메타케어,118000,KOSPI,0,1,-861.0,148.0,2,0,1286.0,0.23,,,,,104.0,97.7,완전역배열,중립,False,False,9.2,D,2026-09-08 22:20:22
1515,KODEX 200가치저변동,223190,KOSPI,1,2,14.0,478.0,0,0,28345.0,,,,,,11.9,100.0,혼합,중립,False,False,68.7,-,2026-09-08 22:20:26
1516,신한 레버리지 미국달러 선물 ETN,500035,KOSPI,0,0,0.0,-2.0,0,1,14130.0,,,,,,158.1,95.7,완전역배열,중립,False,False,3.6,-,2026-09-08 22:20:30
1517,진도,088790,KOSPI,0,6,-11496.0,49134.0,4,0,2270.0,0.25,,,,,156.0,105.8,혼합,중립,False,False,37.3,B,2026-09-08 22:20:34
1518,하나 레버리지 콩 선물 ETN(H),700013,KOSPI,0,1,0.0,11.0,0,0,27850.0,,,,,,92.2,109.9,완전정배열,상단돌파,False,True,100.0,-,2026-09-08 22:20:38
1519,미래에셋 인버스 2X 반도체 ETN,520099,KOSPI,0,0,-14843.0,-1246860.0,1,4,3480.0,,,,,,84.6,95.5,-,하단이탈,False,False,2.1,-,2026-09-08 22:20:41
1520,KODEX 차이나과창판STAR50(합성),415340,KOSPI,0,3,-2311.0,33622.0,10,0,13380.0,,,,,,106.0,94.7,완전역배열,중립,False,False,28.5,-,2026-09-08 22:20:45
1521,TIGER 코스닥150IT,261060,KOSPI,0,0,-1201.0,-3751.0,1,1,23855.0,,,,,,77.8,99.6,완전역배열,중립,False,False,52.8,-,2026-09-08 22:20:49
1522,ACE 글로벌AI맞춤형반도체,494340,KOSPI,1,7,1.0,3789.0,0,0,18380.0,,,,,,91.1,94.2,완전역배열,중립,False,False,36.4,-,2026-09-08 22:20:53
1523,STX그린로지스,465770,KOSPI,0,0,0.0,0.0,0,0,3800.0,0.71,,,,,219.3,113.6,혼합,상단돌파,False,False,39.6,D,2026-09-08 22:20:57
1524,에이프로젠바이오로직스,003060,KOSPI,0,0,-40092.0,-4148.0,1,3,1706.0,0.12,,,,,271.0,92.2,혼합,하단이탈,False,False,26.8,D,2026-09-08 22:21:01
1525,한투 FTSE100 ETN,570047,KOSPI,0,0,0.0,-1.0,0,4,27175.0,,,,,,74.1,97.4,완전역배열,중립,False,False,57.9,-,2026-09-08 22:21:05
1526,WON 미국빌리어네어,489290,KOSPI,1,0,272.0,-364.0,0,1,14615.0,,,,,,93.2,97.7,완전역배열,중립,False,False,27.8,-,2026-09-08 22:21:09
1527,키움 인버스 미국달러선물 ETN,760004,KOSPI,0,0,0.0,0.0,0,0,10010.0,,,,,,0.0,102.4,완전정배열,중립,False,False,100.0,-,2026-09-08 22:21:12
1528,메리츠 레버리지 구리 선물 ETN(H),610028,KOSPI,0,1,0.0,75.0,0,0,26895.0,,,,,,21.2,99.1,혼합,중립,False,False,93.8,-,2026-09-08 22:21:17
1529,RISE 글로벌리얼티인컴,475380,KOSPI,2,0,99.0,-549.0,0,1,10110.0,,,,,,95.3,97.7,완전역배열,중립,False,False,27.1,-,2026-09-08 22:21:20
1530,KIWOOM 국고채10년레버리지,167860,KOSPI,0,0,0.0,-2.0,0,2,92090.0,,,,,,30.7,99.6,완전역배열,중립,False,False,11.0,-,2026-09-08 22:21:24
1531,삼성 레버리지 구리 선물 ETN(H),530063,KOSPI,0,1,0.0,501.0,0,0,26615.0,,,,,,75.2,99.0,혼합,중립,False,False,93.0,-,2026-09-08 22:21:28
1532,프리티,006490,KOSPI,0,0,0.0,0.0,0,0,898.0,1.19,,,,,,100.0,혼합,중립,False,False,19.2,D,2026-09-08 22:21:32
1533,TIGER 200 에너지화학,139250,KOSPI,0,3,-101.0,6449.0,4,0,18405.0,,,,,,131.1,101.6,혼합,중립,False,False,61.0,-,2026-09-08 22:21:37
1534,KB 차이나 중형주 CSI 500 ETN,580049,KOSPI,0,0,0.0,0.0,0,0,13235.0,,,,,,,96.4,완전역배열,중립,False,False,33.4,-,2026-09-08 22:21:41
1535,한창,005110,KOSPI,0,0,0.0,0.0,0,0,1254.0,2.21,,,,,,100.0,혼합,중립,False,False,50.0,D,2026-09-08 22:21:44
1536,메리츠 인버스 2X WTI원유 선물 ETN(H),610089,KOSPI,0,0,0.0,-100268.0,0,9,2200.0,,,,,,165.8,86.3,완전역배열,하단이탈,False,False,0.1,-,2026-09-08 22:21:48
1537,N2 레버리지 구리 선물 ETN(H),550069,KOSPI,0,0,0.0,0.0,0,0,26295.0,,,,,,1.4,98.8,혼합,중립,False,False,91.0,-,2026-09-08 22:21:53
1538,TIGER 글로벌멀티에셋TIF액티브,440340,KOSPI,1,2,185.0,5186.0,0,0,11665.0,,,,,,87.3,97.5,완전역배열,중립,False,False,33.1,-,2026-09-08 22:21:56
1539,미래에셋 2X 미국 자율주행대표기업 ETN,520083,KOSPI,0,0,0.0,-26.0,0,1,26175.0,,,,,,183.9,100.3,혼합,중립,False,False,38.2,-,2026-09-08 22:22:00
1540,SOL 미국배당다우존스2호,493420,KOSPI,1,1,96.0,1747.0,0,0,12440.0,,,,,,54.7,98.0,하향전환,중립,False,False,72.1,-,2026-09-08 22:22:05
1541,RISE 미국단기투자등급회사채액티브,437350,KOSPI,2,1,288.0,1957.0,0,0,11865.0,,,,,,55.4,97.6,완전역배열,중립,False,False,3.9,-,2026-09-08 22:22:08
1542,대원전선우,006345,KOSPI,0,0,-1949.0,0.0,1,0,9910.0,5.48,,,,,63.7,97.9,완전역배열,중립,False,False,35.8,D,2026-09-08 22:22:12
1543,티웨이홀딩스,004870,KOSPI,0,0,-4352.0,0.0,1,0,1137.0,0.43,,,,,25.9,97.9,완전역배열,중립,False,False,17.8,D,2026-09-08 22:22:16
1544,ACE 아시아TOP50,277540,KOSPI,3,0,31.0,-46.0,0,1,32140.0,,,,,,37.1,99.3,완전역배열,중립,False,False,62.9,-,2026-09-08 22:22:20
1545,KB 일본 컨슈머 TOP 10 ETN,580057,KOSPI,0,11,0.0,1548.0,0,0,12755.0,,,,,,357.5,97.6,완전역배열,중립,False,False,10.8,-,2026-09-08 22:22:24
1546,메리츠 KAP 레버리지 일본 엔화 ETN,610069,KOSPI,0,1,0.0,15659.0,0,0,16975.0,,,,,,156.2,98.2,완전역배열,중립,False,False,16.3,-,2026-09-08 22:22:27
1547,ACE 코리아밸류업,496120,KOSPI,0,0,-22.0,-263.0,2,1,33870.0,,,,,,110.6,99.7,완전역배열,중립,False,False,67.9,-,2026-09-08 22:22:31
1548,넥센타이어1우B,002355,KOSPI,2,1,5925.0,456.0,0,0,3905.0,0.19,,,,,6.5,100.3,혼합,중립,False,False,46.9,B,2026-09-08 22:22:35
1549,KB 차이나 대형주 CSI 300 ETN,580048,KOSPI,0,0,0.0,0.0,0,0,12640.0,,,,,,300.7,97.5,완전역배열,중립,False,False,30.4,-,2026-09-08 22:22:39
1550,메리츠 미국채10년 ETN(H),610022,KOSPI,0,1,0.0,163.0,0,0,8400.0,,,,,,67.4,99.6,완전역배열,중립,False,False,8.9,-,2026-09-08 22:22:43
1551,HANARO Fn K-뉴딜디지털플러스,368190,KOSPI,0,4,0.0,1572.0,0,0,7850.0,,,,,,131.2,98.3,완전역배열,중립,False,False,33.5,-,2026-09-08 22:22:47
1552,TIGER 차이나HSCEI,245360,KOSPI,0,4,-423.0,1716.0,2,0,11950.0,,,,,,28.7,97.6,완전역배열,중립,False,False,5.1,-,2026-09-08 22:22:51
1553,키움 레버리지 전력 TOP5 ETN,760026,KOSPI,0,0,0.0,-1506.0,0,1,16680.0,,,,,,103.3,93.2,완전역배열,중립,False,False,11.7,-,2026-09-08 22:22:55
1554,모나미,005360,KOSPI,0,0,-56970.0,-19.0,2,4,1323.0,0.33,,,,,12.6,91.2,완전역배열,하단이탈,False,False,29.6,D,2026-09-08 22:22:59
1555,SOL KRX300,292500,KOSPI,0,1,0.0,1.0,0,0,49915.0,,,,,,207.1,100.1,혼합,중립,False,False,62.0,-,2026-09-08 22:23:03
1556,ACE 글로벌자율주행액티브,414270,KOSPI,1,1,272.0,299.0,0,0,11340.0,,,,,,60.6,96.0,완전역배열,중립,False,False,1.7,-,2026-09-08 22:23:06
1557,KODEX 미국S&P바이오(합성),185680,KOSPI,0,0,-7.0,-999.0,2,1,46770.0,,,,,,109.7,98.4,혼합,중립,False,False,70.0,-,2026-09-08 22:23:10
1558,삼성 레버리지 미국다우존스 선물 ETN,530128,KOSPI,0,0,0.0,-21.0,0,1,24855.0,,,,,,120.0,96.9,하향전환,중립,False,False,57.1,-,2026-09-08 22:23:14
1559,비비안,002070,KOSPI,0,0,-2845.0,0.0,2,0,5170.0,0.29,,,,,65.1,96.5,완전역배열,중립,False,False,17.5,D,2026-09-08 22:23:18
1561,TIGER 200선물인버스2X,252710,KOSPI,0,0,-1174089.0,-1608973.0,4,3,80.0,,,,,,75.5,98.4,완전역배열,중립,False,False,1.2,-,2026-09-08 22:23:23
1562,마이티 코스피100,159800,KOSPI,0,1,0.0,18.0,0,0,87810.0,,,,,,81.3,100.1,혼합,중립,False,False,61.7,-,2026-09-08 22:23:27
1563,TIGER MSCI KOREA ESG유니버설,289250,KOSPI,0,0,-54.0,-14.0,2,1,35450.0,,,,,,30.7,100.5,완전정배열,중립,False,False,65.6,-,2026-09-08 22:23:30
1564,HANARO K-뷰티,479850,KOSPI,1,4,1338.0,23269.0,0,0,18115.0,,,,,,91.8,97.8,혼합,중립,False,False,61.0,-,2026-09-08 22:23:35
1565,대한항공우,003495,KOSPI,0,0,-148.0,0.0,1,0,22000.0,0.77,,,,,151.1,100.9,혼합,중립,False,False,21.3,D,2026-09-08 22:23:39
1566,TIGER KRX300,292160,KOSPI,1,0,4800.0,-4477.0,0,1,48835.0,,,,,,63.5,100.0,혼합,중립,False,False,61.6,-,2026-09-08 22:23:43
1567,ACE 골드선물 레버리지(합성 H),225130,KOSPI,2,1,179.0,1420.0,0,0,48825.0,,,,,,82.7,96.8,완전역배열,중립,False,False,25.2,-,2026-09-08 22:23:47
1568,대신 레버리지 미국달러 선물 ETN,510044,KOSPI,0,0,0.0,0.0,0,0,16260.0,,,,,,0.0,95.5,-,중립,False,False,0.0,-,2026-09-08 22:23:51
1569,KODEX 차이나2차전지MSCI(합성),419430,KOSPI,1,1,199.0,5427.0,0,0,8665.0,,,,,,153.7,92.6,완전역배열,중립,False,False,18.4,-,2026-09-08 22:23:55
1570,메리츠 인플레이션 국채 ETN,610001,KOSPI,0,1,0.0,1.0,0,0,12120.0,,,,,,104.8,99.9,완전역배열,중립,False,False,30.1,-,2026-09-08 22:23:58
1571,RISE 국채선물10년인버스,295020,KOSPI,0,0,0.0,0.0,0,0,60850.0,,,,,,0.9,100.4,완전정배열,중립,False,False,94.4,-,2026-09-08 22:24:02
1572,PLUS 선진국MSCI(합성 H),195970,KOSPI,0,1,-3.0,654.0,2,0,16465.0,,,,,,226.4,99.2,혼합,중립,False,False,84.6,-,2026-09-08 22:24:06
1573,RISE 미국30년국채액티브,481340,KOSPI,1,1,1264.0,5463.0,0,0,8355.0,,,,,,95.7,97.7,완전역배열,중립,False,False,2.1,-,2026-09-08 22:24:10
1574,RISE K엔터&여행레저,388280,KOSPI,0,0,-931.0,-1994.0,1,4,7300.0,,,,,,175.4,101.2,혼합,중립,False,False,23.1,-,2026-09-08 22:24:14
1575,동원수산,030720,KOSPI,0,0,-11598.0,-129.0,1,6,5100.0,0.36,,,,,104.4,94.8,완전역배열,하단이탈,False,False,63.4,B,2026-09-08 22:24:18
1576,메리츠 솔랙티브 레버리지 금 선물 ETN(H),610103,KOSPI,0,0,0.0,-757.0,0,1,23615.0,,,,,,64.3,97.3,-,중립,False,False,56.3,-,2026-09-08 22:24:22
1577,HANARO Fn5G산업,367740,KOSPI,0,6,0.0,1291.0,0,0,42895.0,,,,,,64.5,100.2,완전정배열,중립,False,False,65.1,-,2026-09-08 22:24:26
1578,미래에셋 인버스 2X 은 선물 ETN B,520093,KOSPI,0,0,0.0,-128110.0,0,2,1966.0,,,,,,117.5,99.6,완전역배열,중립,False,False,3.9,-,2026-09-08 22:24:30
1579,KODEX 혁신기술테마액티브,364690,KOSPI,0,5,0.0,947.0,0,0,39180.0,,,,,,77.5,99.2,완전역배열,중립,False,False,58.4,-,2026-09-08 22:24:34
1580,KODEX 미국러셀2000(H),280930,KOSPI,0,8,0.0,24584.0,0,0,16700.0,,,,,,107.1,98.4,혼합,중립,False,False,84.3,-,2026-09-08 22:24:38
1581,참엔지니어링,009310,KOSPI,0,0,0.0,0.0,0,0,5330.0,0.28,,,,,,100.0,혼합,중립,False,False,312.6,D,2026-09-08 22:24:42
1582,RISE TDF2030액티브 적격,442550,KOSPI,0,1,0.0,6737.0,0,0,14560.0,,,,,,239.3,98.7,완전역배열,중립,False,False,51.0,-,2026-09-08 22:24:46
1583,한투 인버스은선물 ETN,570124,KOSPI,0,0,0.0,0.0,0,0,11590.0,,,,,,38.9,98.8,-,중립,False,False,5.3,-,2026-09-08 22:24:49
1584,신한 금 선물 ETN,500100,KOSPI,0,1,0.0,644.0,0,0,11570.0,,,,,,74.9,96.5,완전역배열,중립,False,False,27.1,-,2026-09-08 22:24:53
1585,키움 인버스 2X 반도체TOP10 ETN,760028,KOSPI,0,0,-7646.0,-483483.0,1,3,2870.0,,,,,,79.3,96.1,완전역배열,하단이탈,False,False,1.5,-,2026-09-08 22:24:57
1586,TIGER 원유선물인버스(H),217770,KOSPI,0,0,-637.0,-392782.0,1,9,1138.0,,,,,,188.2,93.0,완전역배열,하단이탈,False,False,0.2,-,2026-09-08 22:25:01
1587,KIWOOM 미국달러선물,138230,KOSPI,0,1,-20.0,809.0,1,0,15745.0,,,,,,119.0,97.9,완전역배열,중립,False,False,4.8,-,2026-09-08 22:25:05
1588,하나 레버리지 코스닥150 선물 ETN,700017,KOSPI,0,2,0.0,125.0,0,0,22790.0,,,,,,103.3,94.0,완전역배열,중립,False,False,11.0,-,2026-09-08 22:25:09
1589,KODEX 코스닥글로벌,461450,KOSPI,2,1,596.0,3088.0,0,0,15190.0,,,,,,78.4,97.1,완전역배열,중립,False,False,37.9,-,2026-09-08 22:25:13
1590,남성,004270,KOSPI,3,1,2960.0,1.0,0,0,4985.0,0.19,,,,,47.0,99.9,완전역배열,중립,False,False,59.2,B,2026-09-08 22:25:17
1591,한투 인버스0.5X S&P500 VIX S/T선물 ETN B,570115,KOSPI,0,0,0.0,-1.0,0,2,22700.0,,,,,,46.6,100.1,완전정배열,중립,False,False,82.8,-,2026-09-08 22:25:21
1592,한투 레버리지코스닥150선물 ETN,570081,KOSPI,0,2,0.0,2292.0,0,0,22690.0,,,,,,72.1,92.6,완전역배열,중립,False,False,15.1,-,2026-09-08 22:25:25
1593,KODEX 게임산업,300950,KOSPI,0,0,-2123.0,-3362.0,3,4,5380.0,,,,,,92.4,97.7,완전역배열,중립,False,False,9.9,-,2026-09-08 22:25:29
1594,KB 레버리지 2차전지 TOP 10 TR ETN,580070,KOSPI,0,0,0.0,-1073.0,0,1,22500.0,,,,,,102.0,101.9,혼합,중립,False,False,13.0,-,2026-09-08 22:25:33
1595,아센디오,012170,KOSPI,1,0,496.0,0.0,0,0,3080.0,0.66,,,,,155.9,177.4,완전정배열,상단돌파,False,True,64.8,D,2026-09-08 22:25:37
1596,삼성 KRX 레버리지 2차전지 TOP10 TR ETN,530138,KOSPI,0,1,0.0,646.0,0,0,22360.0,,,,,,129.9,102.0,혼합,중립,False,False,19.8,-,2026-09-08 22:25:41
1597,SOL 200 Top10,411540,KOSPI,1,0,362.0,-374.0,0,1,17190.0,,,,,,52.8,97.7,완전역배열,중립,False,False,61.1,-,2026-09-08 22:25:45
1598,HANARO 탄소효율그린뉴딜,375760,KOSPI,0,0,0.0,-2.0,0,4,24790.0,,,,,,55.2,99.8,완전역배열,중립,False,False,64.2,-,2026-09-08 22:25:49
1599,삼성 레버리지 코스닥150 선물 ETN,530106,KOSPI,0,3,0.0,6660.0,0,0,22290.0,,,,,,67.2,92.4,완전역배열,중립,False,False,14.8,-,2026-09-08 22:25:53
1600,미래에셋 인버스 2X 옥수수 선물 ETN,520047,KOSPI,0,0,0.0,-43.0,0,3,22280.0,,,,,,98.1,87.4,완전역배열,하단이탈,False,False,0.2,-,2026-09-08 22:25:57
1601,TIGER 미국캐시카우100,465670,KOSPI,2,0,591.0,-3782.0,0,4,16490.0,,,,,,77.1,98.6,혼합,중립,False,False,72.5,-,2026-09-08 22:26:01
1602,TIGER 탄소효율그린뉴딜,376410,KOSPI,0,4,0.0,1575.0,0,0,24710.0,,,,,,147.8,99.8,완전역배열,중립,False,False,63.7,-,2026-09-08 22:26:05
1603,삼성 레버리지 항셍테크 TR ETN(H) B,530119,KOSPI,0,0,0.0,-445.0,0,2,22215.0,,,,,,23.9,94.0,완전역배열,중립,False,False,4.9,-,2026-09-08 22:26:09
1604,KODEX 차이나H레버리지(H),204450,KOSPI,0,2,-20803.0,56234.0,2,0,2290.0,,,,,,92.4,99.0,완전역배열,중립,False,False,29.8,-,2026-09-08 22:26:13
1605,N2 선진국 1등주 ETN,550087,KOSPI,0,0,0.0,0.0,0,0,11080.0,,,,,,0.0,97.3,완전역배열,중립,False,False,44.1,-,2026-09-08 22:26:17
1606,TIGER 차이나전기차레버리지(합성),456680,KOSPI,0,1,-132.0,1371.0,1,0,5430.0,,,,,,117.4,86.9,완전역배열,하단이탈,False,False,1.2,-,2026-09-08 22:26:21
1607,삼성 인버스 2X 나스닥 100 TR ETN,530116,KOSPI,0,3,0.0,29713.0,0,0,4425.0,,,,,,76.2,98.5,완전역배열,중립,False,False,1.8,-,2026-09-08 22:26:25
1608,KODEX S&P글로벌인프라(합성),269420,KOSPI,2,0,71.0,-32.0,0,13,21410.0,,,,,,69.6,96.9,완전역배열,중립,False,False,22.1,-,2026-09-08 22:26:29
1609,TREX 200,108590,KOSPI,0,0,0.0,-32.0,0,1,110075.0,,,,,,150.2,100.1,혼합,중립,False,False,62.1,-,2026-09-08 22:26:33
1610,SOL 미국30년국채액티브(H),461600,KOSPI,1,0,571.0,-130.0,0,1,8305.0,,,,,,85.6,99.8,완전역배열,중립,False,False,9.7,-,2026-09-08 22:26:37
1611,N2 월간 레버리지 선진국 1등주 ETN,550088,KOSPI,0,1,0.0,1.0,0,0,21990.0,,,,,,200.0,96.0,혼합,중립,False,False,50.2,-,2026-09-08 22:26:41
1612,호텔신라우,008775,KOSPI,0,0,-63.0,-79.0,3,1,29200.0,0.97,,,,,80.8,99.4,완전역배열,중립,False,False,8.6,D,2026-09-08 22:26:45
1613,PLUS 우량회사채50,239660,KOSPI,0,0,0.0,-126.0,0,4,121810.0,,,,,,141.6,100.1,완전정배열,중립,False,False,74.1,-,2026-09-08 22:26:49
1614,KB 화웨이 밸류체인 ETN,580072,KOSPI,0,0,0.0,-17.0,0,2,10950.0,,,,,,143.7,96.7,완전역배열,중립,False,False,16.8,-,2026-09-08 22:26:53
1615,태원물산,001420,KOSPI,0,0,-1410.0,-4.0,2,2,2875.0,0.53,,,,,88.8,114.1,상향전환,상단돌파,True,True,74.7,D,2026-09-08 22:26:57
1616,ACE 일본반도체,469160,KOSPI,0,2,-739.0,1885.0,1,0,24240.0,,,,,,109.6,95.9,완전역배열,중립,False,False,50.1,-,2026-09-08 22:27:01
1617,KODEX 인도타타그룹,477730,KOSPI,2,0,207.0,-740.0,0,5,7270.0,,,,,,85.9,97.0,완전역배열,중립,False,False,3.9,-,2026-09-08 22:27:05
1618,형지엘리트,093240,KOSPI,1,0,60282.0,-3.0,0,4,350.0,0.18,,,,,47.9,95.2,완전역배열,하단이탈,False,False,13.1,B,2026-09-08 22:27:09
1619,에셋플러스 글로벌대장장이액티브,433220,KOSPI,0,2,0.0,317.0,0,0,28980.0,,,,,,76.1,96.6,완전역배열,중립,False,False,44.8,-,2026-09-08 22:27:12
1620,메리츠 인버스 국채3년 ETN,610047,KOSPI,0,0,0.0,0.0,0,0,10720.0,,,,,,133.3,100.1,완전정배열,중립,False,False,98.7,-,2026-09-08 22:27:16
1621,SOL 자동차소부장Fn,464600,KOSPI,1,0,769.0,-162.0,0,1,22485.0,,,,,,82.1,96.1,완전역배열,중립,False,False,39.9,-,2026-09-08 22:27:20
1622,TIGER 차이나항셍테크레버리지(합성 H),438320,KOSPI,0,0,0.0,-6109.0,0,1,4905.0,,,,,,75.4,94.1,완전역배열,중립,False,False,4.7,-,2026-09-08 22:27:25
1623,키움 반도체TOP10 ETN,760012,KOSPI,0,3,0.0,94.0,0,0,30220.0,,,,,,44.4,100.8,혼합,중립,False,False,56.6,-,2026-09-08 22:27:28
1624,KODEX 멀티팩터,337120,KOSPI,0,0,0.0,-78.0,0,2,35205.0,,,,,,215.4,100.1,혼합,중립,False,False,62.3,-,2026-09-08 22:27:32
1625,RISE 헬스케어채권혼합,253290,KOSPI,0,3,0.0,876.0,0,0,11695.0,,,,,,45.5,98.9,완전역배열,중립,False,False,22.1,-,2026-09-08 22:27:36
1626,PLUS 애플채권혼합,447660,KOSPI,2,1,280.0,100.0,0,0,13565.0,,,,,,132.3,100.1,완전정배열,중립,False,False,39.7,-,2026-09-08 22:27:40
1627,KODEX 200 중소형,226980,KOSPI,0,1,-1596.0,1442.0,9,0,23295.0,,,,,,94.1,100.4,혼합,중립,False,False,48.0,-,2026-09-08 22:27:44
1628,TIGER 은행,091220,KOSPI,1,3,2558.0,36865.0,0,0,17380.0,,,,,,200.7,103.1,완전정배열,중립,False,False,91.1,-,2026-09-08 22:27:48
1629,삼성 S&P500 VIX S/T 선물 ETN B,530130,KOSPI,0,0,0.0,-3305.0,0,1,6935.0,,,,,,91.8,93.2,완전역배열,중립,False,False,1.1,-,2026-09-08 22:27:52
1630,KIWOOM 국고채30년액티브,471460,KOSPI,0,0,0.0,-15.0,0,8,45220.0,,,,,,43.4,100.1,혼합,중립,False,False,6.8,-,2026-09-08 22:27:56
1631,KB 인도 디지털 Select 5 ETN,580067,KOSPI,0,1,0.0,120.0,0,0,10385.0,,,,,,241.5,98.2,혼합,중립,False,False,32.4,-,2026-09-08 22:27:59
1632,신한 33-12 국고채 플러스 ETN,500091,KOSPI,0,0,0.0,0.0,0,0,10330.0,,,,,,,99.8,완전역배열,중립,False,False,12.8,-,2026-09-08 22:28:03
1633,한투 솔랙티브레버리지금선물 ETN,570125,KOSPI,0,0,0.0,-30.0,0,2,20625.0,,,,,,120.4,94.8,-,중립,False,False,40.1,-,2026-09-08 22:28:07
1634,KODEX 국채선물10년,152380,KOSPI,1,0,3.0,-491.0,0,1,64730.0,,,,,,97.6,99.8,완전역배열,중립,False,False,12.1,-,2026-09-08 22:28:11
1635,TIGER 글로벌클라우드컴퓨팅INDXX,371450,KOSPI,2,0,415.0,-1219.0,0,2,13185.0,,,,,,75.4,97.2,혼합,중립,False,False,70.9,-,2026-09-08 22:28:15
1636,RISE 게임테마,300640,KOSPI,0,3,-145.0,1043.0,3,0,6325.0,,,,,,87.9,98.3,완전역배열,중립,False,False,14.8,-,2026-09-08 22:28:19
1637,KODEX MSCI KOREA ESG유니버설,289040,KOSPI,0,0,0.0,-65.0,0,1,34245.0,,,,,,94.7,100.5,상향전환,중립,True,False,66.7,-,2026-09-08 22:28:23
1638,TIGER KEDI혁신기업ESG30,417630,KOSPI,1,0,75.0,-100.0,0,1,19520.0,,,,,,22.0,99.5,완전역배열,중립,False,False,66.6,-,2026-09-08 22:28:27
1639,KB 레버리지 화웨이 밸류체인 ETN,580073,KOSPI,0,0,0.0,0.0,0,0,20405.0,,,,,,81.5,94.4,완전역배열,중립,False,False,7.0,-,2026-09-08 22:28:31
1640,KB 솔랙티브 레버리지 금 선물 ETN,580089,KOSPI,0,3,0.0,1726.0,0,0,20390.0,,,,,,36.5,94.8,-,중립,False,False,35.1,-,2026-09-08 22:28:35
1641,PLUS 일본엔화초단기국채(합성),489000,KOSPI,1,0,2301.0,-17405.0,0,1,9265.0,,,,,,167.0,99.2,완전역배열,중립,False,False,18.7,-,2026-09-08 22:28:39
1642,RISE 중국본토CSI300,463300,KOSPI,0,2,0.0,452.0,0,0,12715.0,,,,,,60.9,97.0,완전역배열,중립,False,False,22.3,-,2026-09-08 22:28:43
1643,KR모터스,000040,KOSPI,0,0,-46434.0,-18.0,1,1,1177.0,0.28,,,,,48.5,98.3,완전역배열,하단이탈,False,False,39.2,B,2026-09-08 22:28:47
1644,미래에셋 코스닥150 선물 ETN,520039,KOSPI,0,1,0.0,2.0,0,0,10135.0,,,,,,2.3,97.1,완전역배열,중립,False,False,28.9,-,2026-09-08 22:28:50
1645,TIGER 게임TOP10,364990,KOSPI,0,0,-7308.0,-17728.0,3,1,4595.0,,,,,,87.6,97.1,완전역배열,중립,False,False,10.0,-,2026-09-08 22:28:54
1646,대상우,001685,KOSPI,0,0,-292.0,0.0,16,0,14750.0,0.48,,,,,128.5,100.7,혼합,중립,False,False,28.1,D,2026-09-08 22:28:58
1647,N2 코스닥 150 TR ETN,550085,KOSPI,0,3,0.0,4.0,0,0,10085.0,,,,,,154.2,96.5,완전역배열,중립,False,False,30.2,-,2026-09-08 22:29:02
1648,메리츠 국채10년 ETN,610018,KOSPI,0,0,0.0,0.0,0,0,9970.0,,,,,,0.0,99.7,완전역배열,중립,False,False,10.6,-,2026-09-08 22:29:06
1649,키움 코스닥 150 TR ETN,760008,KOSPI,0,0,0.0,-14.0,0,2,9950.0,,,,,,8.0,96.4,완전역배열,중립,False,False,28.0,-,2026-09-08 22:29:10
1650,이스타코,015020,KOSPI,0,0,0.0,0.0,0,0,928.0,0.51,,,,,,100.0,혼합,중립,False,False,65.4,D,2026-09-08 22:29:13
1651,TIME K신재생에너지액티브,404120,KOSPI,1,1,141.0,1087.0,0,0,24830.0,,,,,,119.3,98.5,완전역배열,중립,False,False,54.8,-,2026-09-08 22:29:17
1652,KODEX 아시아달러채권ESG플러스액티브,437070,KOSPI,0,0,0.0,-88.0,0,4,57330.0,,,,,,124.2,97.6,완전역배열,중립,False,False,1.6,-,2026-09-08 22:29:22
1653,메리츠 레버리지 미국채30년 스트립 ETN(H),610085,KOSPI,0,0,0.0,-10397.0,0,1,33040.0,,,,,,69.4,100.2,혼합,중립,False,False,11.0,-,2026-09-08 22:29:26
1654,RISE 200금융,284980,KOSPI,1,2,72.0,2297.0,0,0,23045.0,,,,,,185.8,102.5,완전정배열,중립,False,False,82.2,-,2026-09-08 22:29:29
1655,메리츠 WTI원유 선물 ETN(H),610087,KOSPI,0,0,0.0,-11.0,0,1,19795.0,,,,,,215.6,107.2,완전정배열,상단돌파,False,True,86.5,-,2026-09-08 22:29:34
1656,KoAct 미국천연가스인프라액티브,497780,KOSPI,1,0,672.0,-14900.0,0,1,10415.0,,,,,,140.4,98.5,완전역배열,중립,False,False,43.4,-,2026-09-08 22:29:37
1657,KODEX 차이나A50,169950,KOSPI,0,0,-49.0,-57.0,1,1,24600.0,,,,,,76.3,97.3,완전역배열,중립,False,False,17.9,-,2026-09-08 22:29:41
1658,KB 인버스 2X 천연가스 선물 ETN B,580071,KOSPI,0,0,0.0,-74.0,0,2,9805.0,,,,,,124.9,91.7,하향전환,중립,False,False,20.7,-,2026-09-08 22:29:46
1659,LX하우시스우,108675,KOSPI,0,0,-23.0,0.0,2,0,18990.0,0.2,,,,,69.9,101.7,완전정배열,중립,False,False,75.9,B,2026-09-08 22:29:50
1660,하나 인버스 2X 옥수수 선물 ETN(H),700012,KOSPI,0,1,0.0,1.0,0,0,19500.0,,,,,,9.4,89.3,완전역배열,하단이탈,False,False,2.6,-,2026-09-08 22:29:54
1661,ACE 중국과창판STAR50,416090,KOSPI,0,0,-292.0,-1904.0,2,2,12165.0,,,,,,91.4,94.6,완전역배열,중립,False,False,25.3,-,2026-09-08 22:29:59
1662,PLUS 미국다우존스고배당주(합성 H),213630,KOSPI,0,1,-512.0,193.0,1,0,21140.0,,,,,,76.1,100.1,완전정배열,중립,False,False,69.8,-,2026-09-08 22:30:03
1663,키움 K방산 TOP5 ETN,760022,KOSPI,0,0,0.0,-81.0,0,4,9720.0,,,,,,29.3,94.1,완전역배열,중립,False,False,18.8,-,2026-09-08 22:30:06
1664,HANARO 코스닥150,304770,KOSPI,1,2,26.0,1659.0,0,0,13690.0,,,,,,47.9,96.4,완전역배열,중립,False,False,28.8,-,2026-09-08 22:30:10
1665,KODEX 기후변화솔루션,404260,KOSPI,0,3,-73.0,974.0,1,0,24205.0,,,,,,14.8,100.3,혼합,중립,False,False,58.6,-,2026-09-08 22:30:14
1666,HANARO 200 TOP10,407310,KOSPI,1,0,134.0,-39.0,0,1,16815.0,,,,,,61.4,97.7,완전역배열,중립,False,False,60.7,-,2026-09-08 22:30:18
1667,키움 코스피200 선물 달러노출 ETN,760021,KOSPI,0,0,0.0,-1.0,0,2,27565.0,,,,,,9.5,97.9,완전역배열,중립,False,False,53.1,-,2026-09-08 22:30:22
1668,HANARO KRX300,304760,KOSPI,0,0,0.0,-11.0,0,1,48145.0,,,,,,114.9,100.0,혼합,중립,False,False,62.4,-,2026-09-08 22:30:27
1669,RISE 유로스탁스50(H),379790,KOSPI,0,0,-273.0,-190.0,2,1,17375.0,,,,,,59.8,98.7,혼합,중립,False,False,65.7,-,2026-09-08 22:30:30
1670,SUN&L,002820,KOSPI,1,1,57150.0,630.0,0,0,1579.0,0.08,,,,,104.5,103.5,혼합,중립,False,False,50.9,B,2026-09-08 22:30:34
1671,신한 인버스 2X 코스닥 150 선물 ETN,500072,KOSPI,0,0,0.0,-49920.0,0,3,1904.0,,,,,,74.0,106.2,상향전환,중립,True,False,15.2,-,2026-09-08 22:30:38
1672,삼성 S&P500 TR ETN,530112,KOSPI,0,0,0.0,-70.0,0,3,19040.0,,,,,,37.6,97.7,완전역배열,중립,False,False,52.6,-,2026-09-08 22:30:42
1673,TIGER KTOP30,228820,KOSPI,1,0,1214.0,-1310.0,0,1,19015.0,,,,,,59.8,99.1,완전역배열,중립,False,False,61.7,-,2026-09-08 22:30:46
1674,한투 인버스금선물 ETN,570122,KOSPI,0,2,0.0,340.0,0,0,9475.0,,,,,,234.6,99.0,-,중립,False,False,3.7,-,2026-09-08 22:30:50
1675,RISE 주식혼합,183710,KOSPI,0,0,0.0,0.0,0,0,94680.0,,,,,,58.5,100.3,혼합,중립,False,False,66.4,-,2026-09-08 22:30:54
1676,KODEX KTOP30,229720,KOSPI,1,0,256.0,-161.0,0,1,37680.0,,,,,,163.6,99.0,완전역배열,중립,False,False,61.3,-,2026-09-08 22:30:59
1677,KB BYD 밸류체인 ETN,580074,KOSPI,0,1,0.0,3.0,0,0,9400.0,,,,,,93.2,95.1,완전역배열,중립,False,False,0.0,-,2026-09-08 22:31:02
1678,KODEX 대만테크고배당다우존스,487950,KOSPI,0,2,-542.0,16630.0,2,0,12940.0,,,,,,121.3,99.0,혼합,중립,False,False,55.5,-,2026-09-08 22:31:07
1679,삼성 블룸버그 WTI원유 선물 ETN B,530132,KOSPI,0,0,0.0,-22.0,0,2,18720.0,,,,,,130.6,105.0,상향전환,중립,True,False,71.2,-,2026-09-08 22:31:11
1680,TIGER MKF배당귀족,445910,KOSPI,0,4,0.0,1772.0,0,0,20775.0,,,,,,62.3,100.1,혼합,중립,False,False,63.9,-,2026-09-08 22:31:16
1681,BNK 주주가치액티브,445690,KOSPI,0,1,0.0,14.0,0,0,30760.0,,,,,,128.9,100.0,완전역배열,중립,False,False,66.6,-,2026-09-08 22:31:19
1682,삼성 iSelect 레버리지 조선 TOP10 TR ETN,530140,KOSPI,0,1,0.0,540.0,0,0,18445.0,,,,,,63.5,93.6,완전역배열,중립,False,False,9.9,-,2026-09-08 22:31:23
1683,TIGER 글로벌자원생산기업(합성 H),276000,KOSPI,0,0,-33.0,-297.0,1,2,21630.0,,,,,,98.0,104.0,완전정배열,중립,False,False,63.8,-,2026-09-08 22:31:28
1684,TIGER 이머징마켓MSCI레버리지(합성 H),225060,KOSPI,0,0,0.0,-662.0,0,1,17275.0,,,,,,86.9,102.2,완전정배열,중립,False,False,85.0,-,2026-09-08 22:31:32
1685,SH에너지화학,002360,KOSPI,1,0,31259.0,0.0,0,0,1645.0,0.25,,,,,63.2,98.8,완전역배열,중립,False,False,27.2,D,2026-09-08 22:31:36
1686,KB 레버리지 BYD 밸류체인 ETN,580075,KOSPI,0,0,0.0,0.0,0,0,18225.0,,,,,,100.0,93.6,완전역배열,중립,False,False,0.0,-,2026-09-08 22:31:41
1687,메리츠 미국 인플레이션 국채 ETN(H),610003,KOSPI,0,0,0.0,0.0,0,0,9105.0,,,,,,0.3,99.6,완전역배열,중립,False,False,7.5,-,2026-09-08 22:31:45
1688,PLUS 코스피,227830,KOSPI,0,3,0.0,270.0,0,0,71990.0,,,,,,42.2,100.1,혼합,중립,False,False,60.6,-,2026-09-08 22:31:49
1689,메리츠 인버스 2X 대표 농산물 선물 ETN(H),610036,KOSPI,0,2,0.0,859.0,0,0,17945.0,,,,,,108.8,90.1,완전역배열,하단이탈,False,False,4.8,-,2026-09-08 22:31:54
1690,KB 인도 대형 성장주 Select 5 ETN,580066,KOSPI,0,0,0.0,-8.0,0,5,8935.0,,,,,,18.7,96.1,완전역배열,중립,False,False,0.0,-,2026-09-08 22:31:57
1691,메리츠 인버스 2X 미국채30년 ETN(H),610040,KOSPI,0,0,0.0,0.0,0,0,17770.0,,,,,,8.0,100.3,완전정배열,중립,False,False,84.9,-,2026-09-08 22:32:01
1692,HK 베스트일레븐액티브,391670,KOSPI,0,0,0.0,-209.0,0,1,29470.0,,,,,,30.9,99.8,완전역배열,중립,False,False,58.2,-,2026-09-08 22:32:05
1693,윌비스,008600,KOSPI,0,0,0.0,0.0,0,0,2620.0,1.43,,,,,,100.0,혼합,중립,False,False,46.6,D,2026-09-08 22:32:09
1694,PLUS 미국테크TOP10레버리지(합성),461910,KOSPI,0,1,0.0,260.0,0,0,35170.0,,,,,,117.9,97.9,완전역배열,중립,False,False,29.9,-,2026-09-08 22:32:13
1695,RISE KRX300,292050,KOSPI,0,2,0.0,183.0,0,0,50230.0,,,,,,90.4,100.0,혼합,중립,False,False,61.9,-,2026-09-08 22:32:17
1696,TIGER MSCI KOREA ESG리더스,289260,KOSPI,1,2,76.0,338.0,0,0,29295.0,,,,,,24.8,100.7,완전정배열,중립,False,False,65.8,-,2026-09-08 22:32:21
1697,PLUS 미국테크TOP10,461900,KOSPI,0,0,-1.0,-213.0,2,1,21970.0,,,,,,97.1,99.1,완전역배열,중립,False,False,28.9,-,2026-09-08 22:32:26
1698,RISE 테슬라애플아마존채권혼합,449580,KOSPI,1,0,359.0,-551.0,0,1,15975.0,,,,,,145.6,99.6,완전역배열,중립,False,False,34.5,-,2026-09-08 22:32:30
1699,KC그린홀딩스,009440,KOSPI,0,0,0.0,0.0,0,0,756.0,0.16,,,,,,100.0,혼합,중립,False,False,50.0,D,2026-09-08 22:32:35
1700,ACE 2차전지&친환경차액티브,385600,KOSPI,1,0,86.0,-1502.0,0,1,11700.0,,,,,,67.2,98.8,완전역배열,중립,False,False,45.5,-,2026-09-08 22:32:40
1701,한투 구리선물 ETN,570071,KOSPI,0,1,0.0,1.0,0,0,17455.0,,,,,,292.1,97.6,완전역배열,중립,False,False,70.3,-,2026-09-08 22:32:44
1702,삼성 일본니케이225선물 ETN(H),530123,KOSPI,0,0,0.0,-1.0,0,2,17440.0,,,,,,1.8,98.5,혼합,중립,False,False,82.3,-,2026-09-08 22:32:48
1703,TIGER 일본TOPIX(합성 H),195920,KOSPI,1,0,1.0,-230.0,0,1,34790.0,,,,,,152.3,99.6,혼합,중립,False,False,82.1,-,2026-09-08 22:32:53
1704,RISE 미국S&P배당킹,460660,KOSPI,2,1,178.0,2031.0,0,0,11535.0,,,,,,83.4,96.7,하향전환,중립,False,False,40.6,-,2026-09-08 22:32:57
1705,KODEX iShares미국인플레이션국채액티브,468370,KOSPI,1,0,808.0,-1929.0,0,2,10350.0,,,,,,59.0,97.6,완전역배열,중립,False,False,5.5,-,2026-09-08 22:33:01
1706,한투 금선물 ETN,570121,KOSPI,0,0,0.0,-9.0,0,1,8505.0,,,,,,131.9,96.2,-,중립,False,False,10.9,-,2026-09-08 22:33:05
1707,KODEX 33-06 국고채액티브,457690,KOSPI,0,0,0.0,-7934.0,0,6,10475.0,,,,,,56.8,99.8,완전역배열,중립,False,False,15.9,-,2026-09-08 22:33:09
1708,RISE 미국S&P원유생산기업(합성 H),219390,KOSPI,0,0,-909.0,-11487.0,1,1,8415.0,,,,,,112.2,103.4,완전정배열,중립,False,False,80.1,-,2026-09-08 22:33:13
1709,RISE 차이나HSCEI(H),250730,KOSPI,0,3,-108.0,1833.0,1,0,9885.0,,,,,,61.6,99.6,혼합,중립,False,False,46.7,-,2026-09-08 22:33:18
1710,SOL 차이나육성산업액티브(합성),415760,KOSPI,0,2,-4.0,4481.0,2,0,12305.0,,,,,,117.1,94.9,완전역배열,중립,False,False,29.7,-,2026-09-08 22:33:22
1711,한국전자홀딩스,006200,KOSPI,1,2,3146.0,2484.0,0,0,1777.0,0.11,,,,,68.9,94.1,완전역배열,중립,False,False,31.8,D,2026-09-08 22:33:27
1712,에셋플러스 글로벌일등기업포커스10액티브,477490,KOSPI,0,1,0.0,457.0,0,0,18445.0,,,,,,5.0,96.9,완전역배열,중립,False,False,28.6,-,2026-09-08 22:33:31
1713,TIGER 원유선물Enhanced(H),130680,KOSPI,0,0,-7185.0,-6305.0,3,2,7710.0,,,,,,107.9,106.8,완전정배열,상단돌파,False,True,88.0,-,2026-09-08 22:33:34
1714,에셋플러스 차이나일등기업포커스10액티브,474920,KOSPI,0,3,0.0,2632.0,0,0,17615.0,,,,,,79.8,95.9,하향전환,중립,False,False,30.6,-,2026-09-08 22:33:39
1715,하나 레버리지 K방산TOP10 ETN,700034,KOSPI,0,2,0.0,5205.0,0,0,10910.0,,,,,,47.2,86.5,완전역배열,하단이탈,False,False,9.6,-,2026-09-08 22:33:43
1716,메리츠 솔랙티브 인버스 2X 금 선물 ETN(H),610104,KOSPI,0,2,0.0,691.0,0,0,16355.0,,,,,,192.7,102.7,-,중립,False,False,30.5,-,2026-09-08 22:33:47
1717,PLUS 글로벌수소&차세대연료전지,419650,KOSPI,1,0,131.0,-1107.0,0,5,5020.0,,,,,,81.5,96.3,완전역배열,중립,False,False,28.0,-,2026-09-08 22:33:51
1718,메리츠 인버스 2X 미국채10년 ETN(H),610025,KOSPI,0,1,0.0,1.0,0,0,16300.0,,,,,,114.9,101.0,완전정배열,중립,False,False,97.4,-,2026-09-08 22:33:55
1719,ACE 삼성그룹동일가중,131890,KOSPI,0,0,-27.0,-53.0,3,2,40685.0,,,,,,42.6,99.6,혼합,중립,False,False,73.0,-,2026-09-08 22:33:59
1720,N2 레버리지 코스닥150 선물 ETN,550097,KOSPI,0,3,0.0,2769.0,0,0,16150.0,,,,,,84.1,91.9,완전역배열,중립,False,False,14.6,-,2026-09-08 22:34:04
1721,PLUS 미국장기우량회사채,332620,KOSPI,1,0,64.0,-69.0,0,2,85720.0,,,,,,87.2,97.6,완전역배열,중립,False,False,1.8,-,2026-09-08 22:34:08
1722,ACE 마이크로소프트밸류체인액티브,483330,KOSPI,2,0,928.0,-364.0,0,2,14505.0,,,,,,71.9,98.0,혼합,중립,False,False,58.3,-,2026-09-08 22:34:12
1723,PLUS 미국배당증가성장주데일리커버드콜,494420,KOSPI,1,0,364.0,-599.0,0,10,8835.0,,,,,,81.9,96.1,완전역배열,중립,False,False,32.0,-,2026-09-08 22:34:16
1724,SHD,001770,KOSPI,3,0,1902.0,0.0,0,0,13070.0,0.29,,,,,43.0,121.5,상향전환,중립,True,False,69.2,D,2026-09-08 22:34:20
1725,메리츠 레버리지 멕시코 페소화 ETN,610081,KOSPI,0,0,0.0,0.0,0,0,31700.0,,,,,,,96.4,완전역배열,중립,False,False,45.9,-,2026-09-08 22:34:24
1726,ACE 러시아MSCI(합성),265690,KOSPI,0,0,0.0,0.0,0,0,8535.0,,,,,,,100.0,혼합,중립,False,False,50.0,-,2026-09-08 22:34:28
1727,에넥스,011090,KOSPI,0,0,-9177.0,-37.0,1,5,1324.0,0.45,,,,,96.0,71.8,하향전환,하단이탈,False,False,31.8,D,2026-09-08 22:34:32
1728,ACE MSCI멕시코(합성),291130,KOSPI,2,0,2.0,-1.0,0,2,17420.0,,,,,,81.7,97.3,완전역배열,중립,False,False,46.1,-,2026-09-08 22:34:36
1729,TIGER 인도니프티50레버리지(합성),236350,KOSPI,1,1,113.0,3773.0,0,0,25250.0,,,,,,121.9,93.7,완전역배열,하단이탈,False,False,1.0,-,2026-09-08 22:34:40
1730,키움 조선TOP10 ETN,760017,KOSPI,0,2,0.0,9.0,0,0,22265.0,,,,,,45.7,97.1,완전역배열,중립,False,False,17.9,-,2026-09-08 22:34:45
1731,넥센우,005725,KOSPI,0,0,0.0,0.0,0,0,4325.0,0.15,,,,,11.3,99.4,완전역배열,중립,False,False,25.0,B,2026-09-08 22:34:50
1732,코오롱우,002025,KOSPI,0,0,-138.0,0.0,4,0,13390.0,0.09,,,,,65.0,99.2,완전역배열,중립,False,False,10.5,D,2026-09-08 22:34:54
1733,삼성 나스닥 100 TR ETN,530120,KOSPI,0,0,0.0,-33.0,0,3,15475.0,,,,,,43.5,97.5,완전역배열,중립,False,False,48.5,-,2026-09-08 22:34:58
1735,WON AI ESG액티브,413930,KOSPI,1,0,55.0,-49.0,0,1,28005.0,,,,,,370.5,99.8,완전역배열,중립,False,False,59.1,-,2026-09-08 22:35:03
1736,녹십자홀딩스2우,005257,KOSPI,0,0,0.0,0.0,0,0,18180.0,0.95,,,,,19.2,103.5,혼합,중립,False,False,24.9,D,2026-09-08 22:35:07
1737,HANARO Fn K-푸드,438900,KOSPI,0,2,-5246.0,94967.0,1,0,11390.0,,,,,,101.8,100.2,완전정배열,중립,False,False,41.3,-,2026-09-08 22:35:11
1738,KB 솔랙티브 레버리지 천연가스 선물 ETN,580086,KOSPI,0,0,0.0,-886.0,0,4,15305.0,,,,,,151.6,103.6,-,중립,False,False,17.7,-,2026-09-08 22:35:14
1739,KODEX 200exTOP,337150,KOSPI,0,3,0.0,438.0,0,0,25505.0,,,,,,91.5,99.4,완전역배열,중립,False,False,61.6,-,2026-09-08 22:35:19
1740,삼성 구리 선물 ETN(H),530095,KOSPI,0,0,0.0,-66.0,0,1,15280.0,,,,,,257.5,99.6,혼합,중립,False,False,96.4,-,2026-09-08 22:35:22
1741,파워 K-주주가치액티브,491510,KOSPI,0,0,0.0,-415.0,0,4,17965.0,,,,,,158.6,101.4,상향전환,중립,False,False,74.5,-,2026-09-08 22:35:26
1742,KB 차이나 과창판 STAR 50 ETN,580050,KOSPI,0,1,0.0,48.0,0,0,15125.0,,,,,,138.3,94.6,완전역배열,중립,False,False,30.1,-,2026-09-08 22:35:30
1743,에이엔피,015260,KOSPI,0,0,-466226.0,-1367.0,1,1,320.0,0.79,,,,,114.9,103.5,혼합,상단돌파,False,False,29.7,D,2026-09-08 22:35:34
1744,한투 베트남VN30선물 ETN(H),570063,KOSPI,0,0,0.0,-1.0,0,3,15070.0,,,,,,118.4,101.3,상향전환,중립,False,False,57.3,-,2026-09-08 22:35:38
1745,ACE 국고채3년,114460,KOSPI,1,0,2.0,-2.0,0,3,100190.0,,,,,,91.1,100.0,혼합,중립,False,False,5.9,-,2026-09-08 22:35:42
1746,KIWOOM 블루칩,104520,KOSPI,0,3,0.0,201.0,0,0,14960.0,,,,,,34.5,99.4,완전역배열,중립,False,False,64.2,-,2026-09-08 22:35:45
1747,RISE 중장기국공채액티브,272570,KOSPI,0,1,0.0,4.0,0,0,107905.0,,,,,,24.8,99.9,혼합,중립,False,False,32.0,-,2026-09-08 22:35:49
1748,MIDAS 일본테크액티브,488290,KOSPI,0,0,-101.0,-399.0,1,2,42500.0,,,,,,57.6,95.8,완전역배열,중립,False,False,44.9,-,2026-09-08 22:35:54
1749,PLUS KOFR금리,453010,KOSPI,0,2,0.0,827.0,0,0,109920.0,,,,,,187.3,100.1,완전정배열,중립,False,False,27.8,-,2026-09-08 22:35:58
1750,KB 레버리지 밀 선물 ETN,580051,KOSPI,0,4,-4.0,19353.0,1,0,9815.0,,,,,,90.6,107.1,완전정배열,중립,False,False,81.6,-,2026-09-08 22:36:02
1751,SOL KRX기후변화솔루션,404650,KOSPI,0,0,0.0,-2.0,0,2,24490.0,,,,,,39.9,100.3,혼합,중립,False,False,60.1,-,2026-09-08 22:36:07
1752,메리츠 인버스 미국채30년 ETN(H),610039,KOSPI,0,2,0.0,300.0,0,0,14690.0,,,,,,147.1,100.2,완전정배열,중립,False,False,86.7,-,2026-09-08 22:36:11
1753,미래에셋 1.5X 천연가스 선물 ETN,520076,KOSPI,0,0,0.0,-593.0,0,4,5840.0,,,,,,172.0,102.4,혼합,중립,False,False,6.4,-,2026-09-08 22:36:15
1754,TIGER 퓨처모빌리티액티브,387280,KOSPI,1,0,359.0,-4961.0,0,1,11450.0,,,,,,52.1,98.5,완전역배열,중립,False,False,38.5,-,2026-09-08 22:36:19
1755,KODEX 미국S&P500필수소비재,453630,KOSPI,1,1,301.0,3659.0,0,0,11930.0,,,,,,40.4,97.4,완전역배열,중립,False,False,34.6,-,2026-09-08 22:36:23
1756,한투 인버스2X엔달러 선물 ETN(H),570099,KOSPI,0,0,0.0,0.0,0,0,14285.0,,,,,,106.7,98.0,완전역배열,중립,False,False,59.4,-,2026-09-08 22:36:27
1757,대원화성,024890,KOSPI,0,1,-6460.0,1413.0,1,0,1731.0,0.17,,,,,45.5,89.1,완전역배열,하단이탈,False,False,34.6,B,2026-09-08 22:36:31
1758,RISE V&S셀렉트밸류,234310,KOSPI,0,2,0.0,231.0,0,0,28520.0,,,,,,190.2,99.7,완전역배열,중립,False,False,65.5,-,2026-09-08 22:36:35
1759,한투 인버스일본니케이225선물 ETN(H),570105,KOSPI,0,0,0.0,-132.0,0,1,4740.0,,,,,,140.0,101.5,혼합,중립,False,False,9.3,-,2026-09-08 22:36:39
1760,KB 솔랙티브 인버스 2X 금 선물 ETN,580090,KOSPI,0,1,0.0,48.0,0,0,14140.0,,,,,,57.6,100.4,-,중립,False,False,17.1,-,2026-09-08 22:36:43
1761,한투 솔랙티브인버스2X금선물 ETN,570126,KOSPI,0,0,0.0,0.0,0,0,14125.0,,,,,,0.0,99.1,-,중립,False,False,14.2,-,2026-09-08 22:36:46
1762,대한제당우,001795,KOSPI,0,0,-1279.0,0.0,4,0,2175.0,0.41,,,,,93.3,101.0,혼합,중립,False,False,19.9,D,2026-09-08 22:36:50
1763,SOL 머니마켓액티브,484890,KOSPI,0,0,0.0,-1045.0,0,3,52560.0,,,,,,111.2,100.1,완전정배열,중립,False,False,99.6,-,2026-09-08 22:36:54
1764,메리츠 레버리지 대표 농산물 선물 ETN(H),610035,KOSPI,0,0,0.0,-921.0,0,1,14045.0,,,,,,75.8,109.7,완전정배열,상단돌파,False,True,90.7,-,2026-09-08 22:36:58
1765,KODEX 모멘텀Plus,244620,KOSPI,0,3,0.0,374.0,0,0,20040.0,,,,,,164.7,99.2,완전역배열,중립,False,False,44.7,-,2026-09-08 22:37:02
1766,키움 레버리지 바이오TOP10 ETN,760015,KOSPI,1,0,50.0,-29836.0,0,1,7005.0,,,,,,98.1,89.3,완전역배열,하단이탈,False,False,7.1,-,2026-09-08 22:37:06
1767,하이트진로2우B,000087,KOSPI,0,0,-10.0,-166.0,4,1,12380.0,0.75,,,,,45.1,99.9,완전역배열,중립,False,False,10.8,C,2026-09-08 22:37:10
1768,KODEX 경기소비재,266390,KOSPI,1,1,200.0,166.0,0,0,15475.0,,,,,,112.9,101.9,완전정배열,중립,False,False,57.3,-,2026-09-08 22:37:14
1769,TIGER 농산물선물Enhanced(H),137610,KOSPI,0,5,-140.0,31126.0,1,0,6040.0,,,,,,123.7,104.5,완전정배열,중립,False,False,93.3,-,2026-09-08 22:37:18
1770,RISE 글로벌수소경제,417450,KOSPI,0,0,-36.0,-471.0,2,4,16340.0,,,,,,112.7,97.3,완전역배열,중립,False,False,48.3,-,2026-09-08 22:37:22
1771,TRUSTON 코리아밸류업액티브,496130,KOSPI,0,2,0.0,34.0,0,0,25690.0,,,,,,5.9,99.8,완전역배열,중립,False,False,60.4,-,2026-09-08 22:37:26
1772,KODEX 인도Nifty50레버리지(합성),453820,KOSPI,2,0,324.0,-2218.0,0,3,10665.0,,,,,,47.4,94.8,완전역배열,중립,False,False,0.2,-,2026-09-08 22:37:31
1773,신한 레버리지 Russell 2000 ETN B,500097,KOSPI,0,0,0.0,-2.0,0,1,13820.0,,,,,,44.4,94.7,하향전환,중립,False,False,60.7,-,2026-09-08 22:37:35
1774,메리츠 인버스 미국채10년 ETN(H),610024,KOSPI,0,0,0.0,0.0,0,0,13690.0,,,,,,0.0,100.6,완전정배열,중립,False,False,98.3,-,2026-09-08 22:37:39
1775,한투 은선물 ETN,570123,KOSPI,0,0,0.0,-21.0,0,4,6820.0,,,,,,51.0,96.8,-,중립,False,False,21.0,-,2026-09-08 22:37:42
1776,KODEX 코리아혁신성장액티브,373490,KOSPI,0,0,0.0,-6.0,0,2,24785.0,,,,,,14.7,98.0,완전역배열,중립,False,False,49.9,-,2026-09-08 22:37:46
1777,KODEX 기계장비,102960,KOSPI,2,0,522.0,-377.0,0,1,13585.0,,,,,,76.1,98.6,완전역배열,중립,False,False,26.8,-,2026-09-08 22:37:51
1778,메리츠 인버스 3X 국채30년 ETN,610062,KOSPI,0,1,0.0,295.0,0,0,67890.0,,,,,,29.1,98.7,혼합,중립,False,False,86.3,-,2026-09-08 22:37:55
1779,KODEX 필수소비재,266410,KOSPI,0,0,-2015.0,-337.0,3,1,9685.0,,,,,,127.5,99.1,혼합,중립,False,False,66.3,-,2026-09-08 22:37:58
1780,KODEX 미국나스닥100선물인버스(H),409810,KOSPI,0,4,-144.0,151578.0,1,0,5525.0,,,,,,110.6,100.5,혼합,중립,False,False,16.5,-,2026-09-08 22:38:03
1781,신한 인버스 콩 선물 ETN(H),500024,KOSPI,0,0,0.0,0.0,0,0,6760.0,,,,,,357.8,95.3,완전역배열,중립,False,False,2.8,-,2026-09-08 22:38:07
1782,TIME 글로벌바이오액티브,485810,KOSPI,0,3,0.0,9982.0,0,0,11210.0,,,,,,83.2,99.5,혼합,중립,False,False,70.9,-,2026-09-08 22:38:11
1783,TRUSTON 주주가치액티브,472720,KOSPI,1,5,1.0,1465.0,0,0,25860.0,,,,,,51.2,99.5,완전역배열,중립,False,False,62.9,-,2026-09-08 22:38:15
1784,KB 레버리지 구리 선물 ETN(H),580032,KOSPI,0,5,0.0,1298.0,0,0,26735.0,,,,,,70.1,99.0,혼합,중립,False,False,92.7,-,2026-09-08 22:38:19
1785,삼성 인버스 2X 미국다우존스 선물 ETN,530129,KOSPI,0,0,0.0,-1.0,0,3,13265.0,,,,,,119.9,98.9,완전역배열,중립,False,False,3.7,-,2026-09-08 22:38:23
1786,키움 레버리지 K방산 TOP5 ETN,760023,KOSPI,0,1,0.0,2191.0,0,0,13250.0,,,,,,74.8,87.6,완전역배열,하단이탈,False,False,8.3,-,2026-09-08 22:38:26
1787,KODEX 200동일가중,252650,KOSPI,1,3,53.0,2921.0,0,0,18835.0,,,,,,20.0,100.0,혼합,중립,False,False,63.6,-,2026-09-08 22:38:30
1788,메리츠 멕시코 페소화 ETN,610080,KOSPI,0,0,0.0,0.0,0,0,13175.0,,,,,,160.0,98.3,완전역배열,중립,False,False,54.5,-,2026-09-08 22:38:34
1789,삼성 KRX 2차전지 TOP10 TR ETN,530137,KOSPI,0,0,0.0,-910.0,0,2,13080.0,,,,,,184.7,102.3,혼합,중립,False,False,38.7,-,2026-09-08 22:38:38
1790,미래에셋 S&P500 VIX S/T 선물 ETN(H),520088,KOSPI,0,1,0.0,4996.0,0,0,6480.0,,,,,,32.9,95.4,완전역배열,중립,False,False,1.1,-,2026-09-08 22:38:42
1791,메리츠 KAP 레버리지 중국 위안화 ETN,610072,KOSPI,0,1,0.0,49.0,0,0,25830.0,,,,,,230.3,96.1,완전역배열,중립,False,False,20.5,-,2026-09-08 22:38:45
1792,KODEX 최소변동성,279540,KOSPI,0,0,0.0,-50.0,0,1,21210.0,,,,,,310.2,100.0,혼합,중립,False,False,64.6,-,2026-09-08 22:38:49
1793,삼성 인버스 코스피 200 선물 ETN,530092,KOSPI,1,0,340.0,-36913.0,0,1,2530.0,,,,,,59.2,99.5,완전역배열,중립,False,False,6.8,-,2026-09-08 22:38:53
1794,RISE 200고배당커버드콜ATM,290080,KOSPI,0,2,0.0,19491.0,0,0,7430.0,,,,,,206.9,102.7,완전정배열,중립,False,False,64.8,-,2026-09-08 22:38:57
1795,KB 레버리지 미국 S&P500 선물 ETN B,580083,KOSPI,0,0,0.0,-20.0,0,2,25245.0,,,,,,8.8,97.6,-,중립,False,False,57.1,-,2026-09-08 22:39:01
1796,TIGER K게임,300610,KOSPI,0,0,0.0,-273.0,0,3,5350.0,,,,,,65.1,98.9,완전역배열,중립,False,False,14.5,-,2026-09-08 22:39:05
1797,한투 인버스2X일본엔선물 ETN,570096,KOSPI,0,0,0.0,0.0,0,0,12480.0,,,,,,13.8,102.6,완전정배열,중립,False,False,95.5,-,2026-09-08 22:39:09
1798,SOL KIS단기통안채,363510,KOSPI,0,1,0.0,1.0,0,0,112205.0,,,,,,62.4,100.1,완전정배열,중립,False,False,99.6,-,2026-09-08 22:39:13
1799,RISE 우량업종대표주,140580,KOSPI,0,0,0.0,-2.0,0,4,24825.0,,,,,,42.8,99.7,완전역배열,중립,False,False,61.7,-,2026-09-08 22:39:18
1800,TIME K컬처액티브,410870,KOSPI,0,3,0.0,6100.0,0,0,9510.0,,,,,,193.9,97.7,완전역배열,중립,False,False,14.3,-,2026-09-08 22:39:22
1801,KODEX 유럽탄소배출권선물ICE(H),400570,KOSPI,0,1,0.0,288.0,0,0,11625.0,,,,,,93.2,101.3,완전정배열,중립,False,False,72.4,-,2026-09-08 22:39:26
1802,KIWOOM 글로벌전력GRID인프라,489860,KOSPI,1,0,6.0,-246.0,0,1,14475.0,,,,,,106.6,95.1,완전역배열,중립,False,False,41.1,-,2026-09-08 22:39:30
1803,HANARO KOFR금리액티브(합성),453060,KOSPI,0,0,0.0,0.0,0,0,111475.0,,,,,,231.0,100.1,완전정배열,중립,False,False,100.0,-,2026-09-08 22:39:34
1804,삼성 항셍테크 TR ETN(H) B,530121,KOSPI,0,0,0.0,0.0,0,0,12260.0,,,,,,0.7,97.3,완전역배열,중립,False,False,12.2,-,2026-09-08 22:39:37
1805,미래에셋 레버리지 옥수수 선물 ETN,520046,KOSPI,0,3,0.0,1873.0,0,0,12250.0,,,,,,120.1,107.6,완전정배열,중립,False,False,85.7,-,2026-09-08 22:39:41
1806,TIGER 200커버드콜OTM,166400,KOSPI,0,1,0.0,40.0,0,0,24440.0,,,,,,90.1,102.0,완전정배열,중립,False,False,90.8,-,2026-09-08 22:39:45
1807,PLUS 고배당저변동50,251590,KOSPI,1,1,1.0,18.0,0,0,17440.0,,,,,,69.1,100.7,완전정배열,중립,False,False,61.4,-,2026-09-08 22:39:49
1808,KIWOOM TDF2050액티브 적격,435550,KOSPI,0,1,0.0,1840.0,0,0,17435.0,,,,,,82.9,97.7,완전역배열,중립,False,False,50.3,-,2026-09-08 22:39:53
1809,BNK 온디바이스AI,487750,KOSPI,2,5,149.0,1753.0,0,0,30435.0,,,,,,64.5,99.7,완전역배열,중립,False,False,59.5,-,2026-09-08 22:39:57
1810,삼양사우,145995,KOSPI,0,0,0.0,0.0,0,0,32850.0,0.2,,,,,54.0,100.4,완전정배열,중립,False,False,33.3,D,2026-09-08 22:40:01
1811,KODEX 코스닥150롱코스피200숏선물,360150,KOSPI,0,0,0.0,-8063.0,0,1,2960.0,,,,,,43.8,95.7,완전역배열,중립,False,False,5.0,-,2026-09-08 22:40:05
1812,메리츠 S&P 유럽탄소배출권 선물 ETN(H),610030,KOSPI,0,0,0.0,0.0,0,0,12115.0,,,,,,133.3,101.0,완전정배열,중립,False,False,70.9,-,2026-09-08 22:40:09
1813,TIGER KRX기후변화솔루션,404540,KOSPI,0,4,-91.0,5076.0,2,0,24210.0,,,,,,53.6,100.1,혼합,중립,False,False,57.9,-,2026-09-08 22:40:13
1814,한투 유럽탄소배출권선물 ETN(H),570074,KOSPI,0,0,0.0,0.0,0,0,12100.0,,,,,,0.0,101.2,완전정배열,중립,False,False,68.5,-,2026-09-08 22:40:17
1815,KODEX 53-09 국고채액티브,457700,KOSPI,0,0,0.0,-232.0,0,1,9090.0,,,,,,41.2,100.2,혼합,중립,False,False,6.6,-,2026-09-08 22:40:21
1816,TIGER 차이나클린에너지SOLACTIVE,396510,KOSPI,0,1,0.0,881.0,0,0,6665.0,,,,,,81.4,93.2,완전역배열,중립,False,False,14.1,-,2026-09-08 22:40:25
1817,메리츠 KAP 중국 위안화 ETN,610071,KOSPI,0,0,0.0,0.0,0,0,11995.0,,,,,,12.6,98.1,완전역배열,중립,False,False,28.6,-,2026-09-08 22:40:28
1818,메리츠 KAP 인버스 2X 일본 엔화 ETN,610070,KOSPI,0,3,0.0,66.0,0,0,23985.0,,,,,,17.5,101.9,완전정배열,중립,False,False,80.0,-,2026-09-08 22:40:33
1819,메리츠 인버스 국채10년 ETN,610020,KOSPI,0,0,0.0,0.0,0,0,11960.0,,,,,,42.1,100.3,완전정배열,중립,False,False,92.4,-,2026-09-08 22:40:37
1820,KODEX 미국ETF산업Top10 Indxx,428560,KOSPI,0,0,0.0,-49.0,0,2,15880.0,,,,,,50.3,98.7,완전역배열,중립,False,False,30.1,-,2026-09-08 22:40:41
1821,PLUS ESG성장주액티브,395760,KOSPI,0,6,0.0,856.0,0,0,21605.0,,,,,,154.1,99.6,완전역배열,중립,False,False,62.1,-,2026-09-08 22:40:45
1822,미래에셋 2X 미국채울트라30년 선물 ETN,520064,KOSPI,0,0,0.0,-18.0,0,7,5935.0,,,,,,165.8,97.4,완전역배열,중립,False,False,0.0,-,2026-09-08 22:40:49
1823,KB 인버스 은 선물 ETN,580080,KOSPI,0,1,0.0,321.0,0,0,11850.0,,,,,,15.0,98.9,완전역배열,중립,False,False,27.6,-,2026-09-08 22:40:53
1824,KB 레버리지 항셍테크 선물 ETN(H) B,580047,KOSPI,0,0,0.0,-8.0,0,2,11775.0,,,,,,36.7,94.1,완전역배열,중립,False,False,5.9,-,2026-09-08 22:40:57
1825,메리츠 인버스2X 미국채30년 스트립 ETN(H),610086,KOSPI,0,0,0.0,-6.0,0,1,58660.0,,,,,,119.6,99.6,혼합,중립,False,False,79.4,-,2026-09-08 22:41:00
1826,PLUS 미국단기회사채(AAA~A),332610,KOSPI,0,1,0.0,16.0,0,0,122200.0,,,,,,102.5,97.8,완전역배열,중립,False,False,21.6,-,2026-09-08 22:41:04
1827,RISE 국고채3년선물인버스,282000,KOSPI,0,0,0.0,0.0,0,0,114850.0,,,,,,0.0,100.2,완전정배열,중립,False,False,97.0,-,2026-09-08 22:41:09
1828,삼성 미국다우존스 TR ETN,530127,KOSPI,0,0,0.0,-1.0,0,2,11655.0,,,,,,77.3,97.4,완전역배열,중립,False,False,47.5,-,2026-09-08 22:41:13
1829,KODEX 미국S&P500경기소비재,453660,KOSPI,0,1,0.0,99.0,0,0,16615.0,,,,,,89.4,96.0,완전역배열,중립,False,False,3.4,-,2026-09-08 22:41:17
1830,대교우B,019685,KOSPI,0,0,0.0,0.0,0,0,598.0,0.19,,,,,0.0,99.6,완전역배열,중립,False,False,45.3,D,2026-09-08 22:41:21
1831,PLUS S&P글로벌인프라,269530,KOSPI,0,0,0.0,-15.0,0,1,19350.0,,,,,,54.5,97.1,완전역배열,중립,False,False,27.3,-,2026-09-08 22:41:25
1832,KB 인버스 2X KOSPI 200 선물 ETN B,580088,KOSPI,0,0,0.0,-9690.0,0,4,23215.0,,,,,,30.2,98.1,-,하단이탈,False,False,15.9,-,2026-09-08 22:41:28
1833,HANARO 32-10 국고채액티브,448490,KOSPI,0,0,0.0,-4.0,0,1,52695.0,,,,,,135.7,99.8,완전역배열,중립,False,False,8.8,-,2026-09-08 22:41:32
1834,TIGER S&P글로벌인프라(합성),269370,KOSPI,0,2,0.0,3190.0,0,0,16500.0,,,,,,164.2,97.0,완전역배열,중립,False,False,26.7,-,2026-09-08 22:41:37
1835,삼성 iSelect 조선 TOP10 TR ETN,530139,KOSPI,0,0,0.0,-10.0,0,1,11545.0,,,,,,34.5,97.1,완전역배열,중립,False,False,19.9,-,2026-09-08 22:41:41
1836,하나 인버스 2X 천연가스 선물 ETN(H),700032,KOSPI,0,0,0.0,-6.0,0,2,11520.0,,,,,,104.1,93.2,혼합,중립,False,False,25.8,-,2026-09-08 22:41:45
1837,주연테크,044380,KOSPI,2,0,83317.0,-810.0,0,1,829.0,0.28,,,,,115.5,108.2,혼합,하단이탈,False,False,27.9,D,2026-09-08 22:41:48
1838,메리츠 인버스 3X 일본 국채 10년 ETN,610093,KOSPI,0,0,0.0,-231.0,0,4,23020.0,,,,,,263.3,99.4,완전역배열,중립,False,False,59.6,-,2026-09-08 22:41:52
1839,메리츠 인버스 2X 천연가스 선물 ETN(H),610096,KOSPI,0,0,0.0,-351.0,0,1,11505.0,,,,,,71.6,93.5,혼합,중립,False,False,25.5,-,2026-09-08 22:41:56
1840,메리츠 국채5년 ETN,610049,KOSPI,0,0,0.0,0.0,0,0,11495.0,,,,,,183.8,99.9,혼합,중립,False,False,37.0,-,2026-09-08 22:42:01
1841,대상홀딩스우,084695,KOSPI,0,0,-80.0,0.0,1,0,12540.0,0.72,,,,,114.1,102.1,혼합,중립,False,False,33.9,D,2026-09-08 22:42:05
1842,PLUS 국고채30년액티브,451600,KOSPI,0,0,0.0,-156.0,0,2,83615.0,,,,,,33.6,100.3,혼합,중립,False,False,6.1,-,2026-09-08 22:42:09
1843,KODEX 운송,140710,KOSPI,0,1,-5689.0,33959.0,1,0,6720.0,,,,,,213.2,102.2,완전정배열,중립,False,False,56.6,-,2026-09-08 22:42:13
1844,메리츠 국채3년 ETN,610045,KOSPI,0,0,0.0,0.0,0,0,11415.0,,,,,,9.1,100.0,혼합,중립,False,False,87.5,-,2026-09-08 22:42:17
1845,신한 인버스 코스닥 150 선물 ETN,500063,KOSPI,0,1,0.0,25.0,0,0,5660.0,,,,,,5.3,103.4,완전정배열,중립,False,False,37.1,-,2026-09-08 22:42:23
1846,미래에셋 인버스 코스닥150 선물 ETN,520040,KOSPI,0,1,0.0,2956.0,0,0,5650.0,,,,,,60.1,103.0,완전정배열,중립,False,False,44.2,-,2026-09-08 22:42:27
1847,ACE 글로벌브랜드TOP10,435040,KOSPI,0,0,0.0,-120.0,0,3,18820.0,,,,,,9.2,98.1,완전역배열,중립,False,False,36.3,-,2026-09-08 22:42:31
1848,태양금속우,004105,KOSPI,0,0,-200.0,0.0,3,0,3415.0,0.77,,,,,100.1,107.8,혼합,상단돌파,False,False,34.8,B,2026-09-08 22:42:35
1849,KIWOOM 물가채KIS,430500,KOSPI,0,4,0.0,517.0,0,0,112670.0,,,,,,79.0,100.0,완전역배열,중립,False,False,21.0,-,2026-09-08 22:42:39
1850,하나 인버스 2X 반도체 ETN,700036,KOSPI,3,0,33418.0,-313644.0,0,4,2245.0,,,,,,66.8,95.5,완전역배열,하단이탈,False,False,1.1,-,2026-09-08 22:42:43
1851,SOL 의료기기소부장Fn,464610,KOSPI,0,0,-202.0,-7371.0,2,2,7210.0,,,,,,52.7,95.9,완전역배열,중립,False,False,5.1,-,2026-09-08 22:42:47
1852,KB 레버리지 KOSDAQ 150 선물 ETN,580043,KOSPI,0,0,0.0,-458.0,0,1,22350.0,,,,,,152.5,92.6,완전역배열,중립,False,False,14.4,-,2026-09-08 22:42:52
1853,메리츠 인버스 3X 국채10년 ETN,610060,KOSPI,0,0,0.0,0.0,0,0,22310.0,,,,,,38.6,100.9,완전정배열,중립,False,False,89.7,-,2026-09-08 22:42:55
1854,RISE 미국고정배당우선증권,354240,KOSPI,0,0,0.0,-526.0,0,3,10105.0,,,,,,105.5,97.0,완전역배열,중립,False,False,0.9,-,2026-09-08 22:42:59
1855,TIGER 200 철강소재,139240,KOSPI,2,1,3036.0,254.0,0,0,11200.0,,,,,,104.0,100.1,혼합,중립,False,False,31.7,-,2026-09-08 22:43:03
1856,메리츠 솔랙티브 금 선물 ETN(H),610102,KOSPI,0,3,0.0,198.0,0,0,10975.0,,,,,,12.4,98.7,-,중립,False,False,63.3,-,2026-09-08 22:43:07
1857,메리츠 3X 레버리지 국채3년 ETN,610055,KOSPI,0,0,0.0,-1.0,0,1,21920.0,,,,,,22.2,99.8,혼합,중립,False,False,35.2,-,2026-09-08 22:43:11
1858,신한 코스닥 150 TR ETN,500086,KOSPI,0,0,0.0,0.0,0,0,10935.0,,,,,,193.0,96.7,완전역배열,중립,False,False,30.9,-,2026-09-08 22:43:15
1859,에셋플러스 코리아플랫폼액티브,407820,KOSPI,0,1,0.0,9760.0,0,0,6070.0,,,,,,92.1,97.9,완전역배열,중립,False,False,19.9,-,2026-09-08 22:43:19
1860,RISE 배터리 리사이클링,446700,KOSPI,0,0,0.0,-1096.0,0,7,10360.0,,,,,,14.3,99.5,완전역배열,중립,False,False,31.5,-,2026-09-08 22:43:23
1861,하나 레버리지 옥수수 선물 ETN(H),700011,KOSPI,0,6,0.0,2464.0,0,0,10715.0,,,,,,75.7,110.1,완전정배열,상단돌파,False,True,94.6,-,2026-09-08 22:43:27
1862,KODEX 미국S&P500유틸리티,463640,KOSPI,0,0,0.0,-1076.0,0,1,13390.0,,,,,,64.4,96.8,완전역배열,중립,False,False,17.9,-,2026-09-08 22:43:31
1863,메리츠 미국채10년 ETN,610074,KOSPI,0,0,0.0,-29.0,0,3,10690.0,,,,,,243.3,97.4,완전역배열,중립,False,False,0.8,-,2026-09-08 22:43:35
1864,RISE 중국MSCI China(H),310080,KOSPI,0,0,0.0,-376.0,0,1,9295.0,,,,,,119.7,98.7,완전역배열,중립,False,False,27.3,-,2026-09-08 22:43:39
1865,KB 코스닥 150 TR ETN,580065,KOSPI,0,0,0.0,-1.0,0,1,10680.0,,,,,,91.8,97.2,완전역배열,중립,False,False,29.6,-,2026-09-08 22:43:43
1866,메리츠 인버스 국채5년 ETN,610051,KOSPI,0,0,0.0,0.0,0,0,10610.0,,,,,,,100.2,완전정배열,중립,False,False,94.7,-,2026-09-08 22:43:47
1867,메리츠 3X 레버리지 일본 국채 30년 ETN(H),610112,KOSPI,0,0,0.0,-1.0,0,3,21155.0,,,,,,,,-,중립,False,False,100.0,-,2026-09-08 22:43:50
1868,PLUS 주도업종,280920,KOSPI,0,4,0.0,88.0,0,0,23480.0,,,,,,271.6,98.7,완전역배열,중립,False,False,54.8,-,2026-09-08 22:43:54
1869,한투 인도네시아대표원자재 ETN,570085,KOSPI,0,0,0.0,0.0,0,0,10550.0,,,,,,7.3,99.6,완전역배열,중립,False,False,21.4,-,2026-09-08 22:43:58
1870,KODEX 미국클린에너지나스닥,419420,KOSPI,0,1,0.0,1129.0,0,0,8780.0,,,,,,75.9,94.7,완전역배열,중립,False,False,29.0,-,2026-09-08 22:44:02
1871,에셋플러스 글로벌영에이지액티브,451150,KOSPI,0,0,0.0,-5.0,0,2,16945.0,,,,,,131.5,96.1,완전역배열,중립,False,False,2.5,-,2026-09-08 22:44:06
1872,메리츠 인버스 3X 국채5년 ETN,610058,KOSPI,0,0,0.0,0.0,0,0,20995.0,,,,,,,100.5,완전정배열,중립,False,False,84.8,-,2026-09-08 22:44:10
1873,RISE 수출주,140570,KOSPI,0,0,0.0,-453.0,0,1,26180.0,,,,,,65.3,100.0,완전역배열,중립,False,False,58.6,-,2026-09-08 22:44:14
1874,JW중외제약2우B,001067,KOSPI,0,0,0.0,0.0,0,0,49650.0,2.93,,,,,75.0,105.9,상향전환,중립,True,False,45.0,C,2026-09-08 22:44:18
1875,TIME K이노베이션액티브,385710,KOSPI,0,0,0.0,-932.0,0,1,10415.0,,,,,,52.5,97.2,완전역배열,중립,False,False,24.1,-,2026-09-08 22:44:22
1876,메리츠 3X 레버리지 국채5년 ETN,610057,KOSPI,0,0,0.0,0.0,0,0,20795.0,,,,,,,99.6,완전역배열,중립,False,False,16.6,-,2026-09-08 22:44:26
1877,ACE 차이나항셍테크,371870,KOSPI,0,0,-7.0,-326.0,2,3,6410.0,,,,,,63.6,94.8,완전역배열,중립,False,False,0.0,-,2026-09-08 22:44:30
1878,KB 미국채 10년 ETN,580059,KOSPI,0,0,0.0,0.0,0,0,10255.0,,,,,,106.7,97.5,완전역배열,중립,False,False,1.3,-,2026-09-08 22:44:34
1879,키움 모험자본창업투자 ETN,760032,KOSPI,0,0,0.0,-12.0,0,8,10240.0,,,,,,,,-,중립,False,False,51.3,-,2026-09-08 22:44:38
1880,메리츠 인버스 국채30년 ETN B,610106,KOSPI,0,0,0.0,0.0,0,0,10235.0,,,,,,17.4,99.7,-,중립,False,False,53.1,-,2026-09-08 22:44:41
1881,TIGER 경기방어채권혼합,237440,KOSPI,1,0,6.0,-183.0,0,4,10220.0,,,,,,94.7,99.2,혼합,중립,False,False,40.0,-,2026-09-08 22:44:45
1882,N2 인버스 2X 천연가스 선물 ETN,550100,KOSPI,0,0,0.0,-4.0,0,2,10200.0,,,,,,184.9,90.7,하향전환,하단이탈,False,False,18.8,-,2026-09-08 22:44:49
1883,메리츠 인버스 3X 국채3년 ETN,610056,KOSPI,0,0,0.0,0.0,0,0,20375.0,,,,,,80.0,100.3,완전정배열,중립,False,False,78.2,-,2026-09-08 22:44:52
1884,KB 인버스 2X 밀 선물 ETN,580052,KOSPI,0,0,0.0,-1581.0,0,1,20325.0,,,,,,65.0,86.5,완전역배열,하단이탈,False,False,3.0,-,2026-09-08 22:44:56
1885,미래에셋 인버스 코스피200 선물 ETN,520038,KOSPI,0,2,0.0,118864.0,0,0,2540.0,,,,,,127.9,99.2,완전역배열,중립,False,False,6.7,-,2026-09-08 22:45:00
1886,메리츠 일본 국채 30년 ETN(H),610111,KOSPI,0,0,0.0,0.0,0,0,10160.0,,,,,,,,-,중립,False,False,100.0,-,2026-09-08 22:45:04
1887,TIGER 코스닥글로벌,461580,KOSPI,1,0,10754.0,-10447.0,0,1,15600.0,,,,,,45.9,97.4,완전역배열,중립,False,False,39.2,-,2026-09-08 22:45:08
1888,KB 인버스 2X 미국채 10년 선물 ETN,580064,KOSPI,0,0,0.0,0.0,0,0,20250.0,,,,,,,99.0,완전역배열,중립,False,False,34.6,-,2026-09-08 22:45:12
1889,KB 인버스 2X 콩 선물 ETN,580054,KOSPI,0,0,0.0,-110.0,0,8,20245.0,,,,,,155.1,88.4,완전역배열,하단이탈,False,False,1.0,-,2026-09-08 22:45:16
1890,메리츠 대표 농산물 선물 ETN(H),610034,KOSPI,0,3,0.0,443.0,0,0,10055.0,,,,,,128.6,104.9,완전정배열,중립,False,False,96.8,-,2026-09-08 22:45:20
1891,메리츠 인버스 3X 미국채30년 ETN,610079,KOSPI,0,0,0.0,-10.0,0,2,50245.0,,,,,,98.1,97.9,하향전환,중립,False,False,53.5,-,2026-09-08 22:45:24
1892,ACE 미국부동산리츠(합성 H),181480,KOSPI,0,1,0.0,3.0,0,0,83675.0,,,,,,142.1,98.7,혼합,중립,False,False,34.6,-,2026-09-08 22:45:28
1893,메리츠 인버스 일본 국채 10년 ETN,610092,KOSPI,0,1,0.0,1.0,0,0,10030.0,,,,,,371.0,99.3,완전역배열,중립,False,False,13.6,-,2026-09-08 22:45:32
1894,메리츠 미국채30년 풋라이트 ETN(H),610098,KOSPI,0,0,0.0,0.0,0,0,10000.0,,,,,,0.0,100.1,완전정배열,중립,False,False,73.7,-,2026-09-08 22:45:36
1895,NPC우,004255,KOSPI,4,1,1228.0,1245.0,0,0,1877.0,0.15,,,,,48.2,100.9,혼합,중립,False,False,10.9,B,2026-09-08 22:45:40
1896,메리츠 미국채30년 ETN,610077,KOSPI,0,0,0.0,-35.0,0,2,9910.0,,,,,,1.6,97.7,완전역배열,중립,False,False,0.0,-,2026-09-08 22:45:44
1897,KIWOOM 미국달러SOFR금리액티브(합성),460270,KOSPI,0,1,0.0,4811.0,0,0,12225.0,,,,,,115.4,97.9,완전역배열,중립,False,False,7.5,-,2026-09-08 22:45:48
1898,키움 인버스 2X 전력 TOP5 ETN,760027,KOSPI,0,1,-789.0,10512.0,1,0,4945.0,,,,,,79.5,102.2,혼합,중립,False,False,7.3,-,2026-09-08 22:45:52
1899,TIGER 200동일가중,252000,KOSPI,1,3,100.0,1279.0,0,0,19770.0,,,,,,64.3,99.9,완전역배열,중립,False,False,64.7,-,2026-09-08 22:45:55
1900,HANARO 바이오코리아액티브,498050,KOSPI,0,0,0.0,-191.0,0,3,10370.0,,,,,,37.2,94.8,완전역배열,중립,False,False,13.9,-,2026-09-08 22:46:00
1901,RISE 중소형고배당,281990,KOSPI,0,0,0.0,-162.0,0,1,17910.0,,,,,,79.2,100.3,혼합,중립,False,False,56.7,-,2026-09-08 22:46:04
1902,KIWOOM 미국달러선물인버스2X,230480,KOSPI,0,2,0.0,16829.0,0,0,4890.0,,,,,,207.1,104.5,완전정배열,중립,False,False,95.3,-,2026-09-08 22:46:09
1903,메리츠 KAP 일본 엔화 ETN,610068,KOSPI,0,0,0.0,-2018.0,0,15,9805.0,,,,,,69.9,99.2,완전역배열,중립,False,False,18.7,-,2026-09-08 22:46:13
1904,한투 인버스2X일본니케이225선물 ETN(H),570107,KOSPI,0,1,0.0,29.0,0,0,3900.0,,,,,,36.1,103.4,혼합,중립,False,False,6.4,-,2026-09-08 22:46:18
1905,ACE 인도컨슈머파워액티브,487910,KOSPI,1,0,2.0,-387.0,0,5,8120.0,,,,,,101.6,96.5,완전역배열,중립,False,False,2.6,-,2026-09-08 22:46:22
1906,삼성 인버스 2X 구리 선물 ETN(H),530064,KOSPI,0,0,0.0,-24859.0,0,1,648.0,,,,,,57.4,100.9,혼합,중립,False,False,2.1,-,2026-09-08 22:46:26
1907,코오롱글로벌우,003075,KOSPI,0,0,-2.0,0.0,6,0,13120.0,0.46,,,,,22.5,99.3,완전역배열,중립,False,False,31.6,D,2026-09-08 22:46:30
1908,메리츠 인도 루피화 ETN,610082,KOSPI,0,0,0.0,-37.0,0,2,9680.0,,,,,,74.9,98.7,완전역배열,중립,False,False,0.0,-,2026-09-08 22:46:34
1909,KB 레버리지 미국채 10년 ETN,580060,KOSPI,0,0,0.0,0.0,0,0,19335.0,,,,,,0.0,97.0,완전역배열,중립,False,False,0.0,-,2026-09-08 22:46:38
1910,KODEX 유럽명품TOP10 STOXX,456250,KOSPI,1,1,300.0,2356.0,0,0,8385.0,,,,,,168.8,95.0,완전역배열,중립,False,False,1.8,-,2026-09-08 22:46:42
1911,HANARO 글로벌럭셔리S&P(합성),354350,KOSPI,0,1,0.0,194.0,0,0,18530.0,,,,,,102.8,94.8,완전역배열,중립,False,False,2.1,-,2026-09-08 22:46:47
1912,TIGER 미국나스닥넥스트100,429010,KOSPI,0,0,0.0,-70.0,0,3,19240.0,,,,,,33.9,96.5,하향전환,중립,False,False,55.9,-,2026-09-08 22:46:50
1913,메리츠 인버스 3X 미국채10년 ETN,610076,KOSPI,0,0,0.0,0.0,0,0,47860.0,,,,,,28.6,99.3,완전역배열,중립,False,False,45.9,-,2026-09-08 22:46:54
1914,KODEX 미국S&P500커뮤니케이션,463690,KOSPI,0,0,0.0,-161.0,0,1,17390.0,,,,,,61.3,98.1,완전역배열,중립,False,False,4.2,-,2026-09-08 22:46:58
1915,메리츠 레버리지 국채30년 ETN B,610105,KOSPI,0,0,0.0,0.0,0,0,9550.0,,,,,,,100.3,-,중립,False,False,45.6,-,2026-09-08 22:47:02
1916,하나 인버스 2X 콩 선물 ETN(H),700014,KOSPI,0,1,0.0,397.0,0,0,9495.0,,,,,,366.8,90.4,완전역배열,하단이탈,False,False,0.8,-,2026-09-08 22:47:06
1917,N2 레버리지 천연가스 선물 ETN,550099,KOSPI,0,0,0.0,0.0,0,0,9490.0,,,,,,135.7,103.2,혼합,중립,False,False,4.9,-,2026-09-08 22:47:10
1918,TIGER 차이나항셍30,117690,KOSPI,0,1,0.0,230.0,0,0,18955.0,,,,,,50.2,97.2,완전역배열,중립,False,False,0.5,-,2026-09-08 22:47:13
1919,다이나믹디자인,145210,KOSPI,0,0,0.0,0.0,0,0,2240.0,0.21,,,,,,100.0,혼합,중립,False,False,19.8,D,2026-09-08 22:47:17
1920,RISE 글로벌클린에너지,399580,KOSPI,0,1,0.0,22.0,0,0,9260.0,,,,,,110.2,97.0,완전역배열,중립,False,False,32.0,-,2026-09-08 22:47:21
1921,메리츠 미국채30년스트립 커버드콜 ETN(H),610097,KOSPI,0,1,0.0,5.0,0,0,9260.0,,,,,,4.2,100.2,혼합,중립,False,False,29.1,-,2026-09-08 22:47:24
1922,KB 미국채 30년 ETN,580061,KOSPI,0,1,0.0,1.0,0,0,9240.0,,,,,,163.8,97.7,완전역배열,중립,False,False,0.2,-,2026-09-08 22:47:28
1923,KB 솔랙티브 인버스 천연가스 선물 ETN,580087,KOSPI,0,0,0.0,-20.0,0,1,9205.0,,,,,,1.9,94.5,-,중립,False,False,4.2,-,2026-09-08 22:47:32
1924,KB S&P 유럽탄소배출권 선물 ETN(H),580035,KOSPI,0,0,0.0,0.0,0,0,9180.0,,,,,,1.9,101.3,완전정배열,중립,False,False,74.0,-,2026-09-08 22:47:36
1925,KB 레버리지 미국채 10년 선물 ETN,580063,KOSPI,0,0,0.0,0.0,0,0,18300.0,,,,,,400.0,97.1,완전역배열,중립,False,False,0.0,-,2026-09-08 22:47:40
1926,KoAct 반도체&2차전지핵심소재액티브,482030,KOSPI,0,1,-56.0,4298.0,2,0,8705.0,,,,,,86.4,97.4,완전역배열,중립,False,False,25.6,-,2026-09-08 22:47:44
1927,TIGER 리츠부동산인프라채권,341850,KOSPI,20,0,400.0,-311.0,0,6,4560.0,,,,,,81.4,99.6,완전역배열,중립,False,False,39.3,-,2026-09-08 22:47:48
1928,한양증권우,001755,KOSPI,0,0,-34342.0,0.0,9,0,19180.0,0.38,,,,,117.3,98.5,완전역배열,중립,False,False,19.9,B,2026-09-08 22:47:52
1929,미래에셋 1.5X S&P500 VIX S/T선물 ETN,520097,KOSPI,0,0,0.0,-2820.0,0,1,9060.0,,,,,,147.4,90.8,-,하단이탈,False,False,1.0,-,2026-09-08 22:47:55
1930,TIME 글로벌소비트렌드액티브,494180,KOSPI,0,4,-6.0,702.0,2,0,12860.0,,,,,,9.9,97.5,완전역배열,중립,False,False,27.4,-,2026-09-08 22:47:59
1931,KB 레버리지 콩 선물 ETN,580053,KOSPI,0,6,0.0,106.0,0,0,17985.0,,,,,,86.1,107.3,완전정배열,중립,False,False,91.3,-,2026-09-08 22:48:03
1932,PLUS 코스닥150,301400,KOSPI,1,3,75.0,2021.0,0,0,13800.0,,,,,,58.9,96.4,완전역배열,중립,False,False,28.7,-,2026-09-08 22:48:07
1933,TIGER 로우볼,174350,KOSPI,0,0,-29.0,-1.0,2,3,21270.0,,,,,,47.9,100.9,완전정배열,중립,False,False,77.6,-,2026-09-08 22:48:11
1934,ACE 글로벌빅파마,497510,KOSPI,0,0,0.0,-28.0,0,1,12760.0,,,,,,68.0,98.2,하향전환,중립,False,False,59.4,-,2026-09-08 22:48:15
1935,메리츠 레버리지 천연가스 선물 ETN(H),610095,KOSPI,0,0,-2.0,-24410.0,1,3,8925.0,,,,,,72.7,105.9,혼합,중립,False,False,7.1,-,2026-09-08 22:48:19
1936,메리츠 레버리지 은 선물 ETN(H),610100,KOSPI,0,0,0.0,-143.0,0,2,8905.0,,,,,,128.5,96.9,완전역배열,중립,False,False,19.6,-,2026-09-08 22:48:22
1937,하나 K방산TOP10 ETN,700033,KOSPI,0,2,0.0,305.0,0,0,8890.0,,,,,,21.1,93.6,완전역배열,중립,False,False,19.8,-,2026-09-08 22:48:26
1938,KODEX 웹툰&드라마,395150,KOSPI,1,0,1882.0,-1793.0,0,1,1850.0,,,,,,146.2,99.2,완전역배열,중립,False,False,12.3,-,2026-09-08 22:48:30
1939,하나 레버리지 천연가스 선물 ETN(H),700031,KOSPI,0,0,0.0,-19.0,0,3,8870.0,,,,,,104.2,105.9,혼합,중립,False,False,7.0,-,2026-09-08 22:48:34
1940,메리츠 미국채30년 스트립 ETN(H),610084,KOSPI,0,0,0.0,-1.0,0,1,8855.0,,,,,,86.7,100.2,혼합,중립,False,False,18.2,-,2026-09-08 22:48:38
1941,하나 인버스 2X K방산TOP10 ETN,700035,KOSPI,0,0,0.0,-5878.0,0,2,8840.0,,,,,,49.6,111.7,상향전환,상단돌파,True,True,13.3,-,2026-09-08 22:48:42
1942,HK S&P코리아로우볼,215620,KOSPI,0,2,0.0,7.0,0,0,16320.0,,,,,,335.9,100.6,혼합,중립,False,False,34.1,-,2026-09-08 22:48:47
1943,TIGER 차이나CSI300인버스(합성),217780,KOSPI,0,1,0.0,57.0,0,0,5660.0,,,,,,196.5,103.0,완전정배열,중립,False,False,61.3,-,2026-09-08 22:48:51
1944,TIGER 라틴35,105010,KOSPI,1,2,1.0,3537.0,0,0,6265.0,,,,,,128.6,101.4,혼합,중립,False,False,56.8,-,2026-09-08 22:48:55
1945,TIGER 한중전기차(합성),449680,KOSPI,0,1,0.0,298.0,0,0,10242.0,,,,,,189.3,95.5,완전역배열,중립,False,False,21.6,-,2026-09-08 22:49:00
1946,한투 일본엔선물 ETN C,570094,KOSPI,0,1,0.0,9.0,0,0,8695.0,,,,,,12.5,99.0,완전역배열,중립,False,False,15.8,-,2026-09-08 22:49:04
1947,RISE 글로벌데이터센터리츠(합성),375270,KOSPI,0,0,0.0,-23.0,0,3,13375.0,,,,,,58.6,95.9,완전역배열,중립,False,False,23.6,-,2026-09-08 22:49:08
1948,메리츠 레버리지 인도 루피화 ETN,610083,KOSPI,0,0,0.0,0.0,0,0,17375.0,,,,,,0.0,97.2,완전역배열,중립,False,False,0.0,-,2026-09-08 22:49:12
1949,BNK 2차전지양극재,466810,KOSPI,0,0,-2408.0,-4306.0,1,2,5775.0,,,,,,74.8,100.4,혼합,중립,False,False,28.9,-,2026-09-08 22:49:16
1950,메리츠 3X 레버리지 국채10년 ETN,610059,KOSPI,0,0,0.0,0.0,0,0,17290.0,,,,,,43.4,99.1,완전역배열,중립,False,False,5.9,-,2026-09-08 22:49:19
1951,N2 레버리지 국채10년 ETN,550095,KOSPI,0,0,0.0,0.0,0,0,17290.0,,,,,,400.0,99.5,완전역배열,중립,False,False,8.3,-,2026-09-08 22:49:24
1952,메리츠 일본 국채 10년 ETN,610090,KOSPI,0,1,0.0,130.0,0,0,8640.0,,,,,,277.8,98.9,완전역배열,중립,False,False,16.4,-,2026-09-08 22:49:27
1953,HANARO Fn친환경에너지,381570,KOSPI,3,0,567.0,-301.0,0,1,10135.0,,,,,,69.7,98.9,완전역배열,중립,False,False,36.7,-,2026-09-08 22:49:32
1954,신한 블룸버그 천연가스 선물 ETN,500101,KOSPI,0,0,0.0,-218.0,0,5,8595.0,,,,,,89.8,101.0,-,중립,False,False,10.9,-,2026-09-08 22:49:35
1955,KB 솔랙티브 천연가스 선물 ETN,580085,KOSPI,0,0,0.0,-130.0,0,8,8575.0,,,,,,71.7,100.9,-,중립,False,False,11.1,-,2026-09-08 22:49:39
1956,신한 인버스 2X 10년 국채선물 ETN,500068,KOSPI,0,0,0.0,0.0,0,0,12245.0,,,,,,116.1,100.6,완전정배열,중립,False,False,90.7,-,2026-09-08 22:49:43
1957,신한 인버스 2X 미국달러 선물 ETN,500036,KOSPI,0,0,0.0,-17.0,0,1,4235.0,,,,,,155.0,104.3,완전정배열,중립,False,False,95.0,-,2026-09-08 22:49:47
1958,KIWOOM TDF2040액티브 적격,435540,KOSPI,0,4,0.0,1294.0,0,0,16935.0,,,,,,89.9,97.8,완전역배열,중립,False,False,46.4,-,2026-09-08 22:49:51
1959,KB 레버리지 은 선물 ETN,580079,KOSPI,0,1,0.0,242.0,0,0,8425.0,,,,,,153.5,94.4,완전역배열,중립,False,False,12.8,-,2026-09-08 22:49:55
1960,삼성 인버스 China A50 선물 ETN(H) B,530135,KOSPI,0,3,0.0,3.0,0,0,8420.0,,,,,,54.9,100.6,상향전환,중립,True,False,40.2,-,2026-09-08 22:49:58
1961,RISE KQ고배당,270800,KOSPI,0,0,0.0,-20.0,0,1,15300.0,,,,,,42.1,98.8,완전역배열,중립,False,False,37.2,-,2026-09-08 22:50:03
1962,TIGER 단기선진하이일드(합성 H),182490,KOSPI,0,0,0.0,-14.0,0,3,13910.0,,,,,,79.1,100.0,완전정배열,중립,False,False,66.0,-,2026-09-08 22:50:07
1963,유유제약1우,000225,KOSPI,0,0,-734.0,-150.0,1,1,3670.0,0.46,,,,,149.6,100.2,혼합,중립,False,False,13.8,B,2026-09-08 22:50:11
1964,BNK 미래전략기술액티브,457930,KOSPI,0,0,0.0,-3.0,0,1,27675.0,,,,,,203.9,98.5,완전역배열,중립,False,False,55.3,-,2026-09-08 22:50:15
1965,SOL 한국형글로벌전기차&2차전지액티브,429980,KOSPI,0,0,0.0,-98.0,0,8,16595.0,,,,,,83.9,96.7,완전역배열,중립,False,False,36.8,-,2026-09-08 22:50:19
1966,RISE 차이나항셍테크,371150,KOSPI,0,3,-10343.0,14140.0,7,0,6375.0,,,,,,117.3,94.9,완전역배열,중립,False,False,0.0,-,2026-09-08 22:50:24
1967,메리츠 KAP 인버스 2X 중국 위안화 ETN,610073,KOSPI,5,1,13.0,6.0,0,0,16545.0,,,,,,3.0,104.2,완전정배열,중립,False,False,74.4,-,2026-09-08 22:50:27
1968,PLUS ESG가치주액티브,395750,KOSPI,0,0,0.0,0.0,0,0,20680.0,,,,,,277.4,99.6,완전역배열,중립,False,False,60.5,-,2026-09-08 22:50:31
1969,삼성 중국 자동차 TOP5 TR ETN(H),530141,KOSPI,0,1,0.0,478.0,0,0,8265.0,,,,,,129.8,94.5,완전역배열,중립,False,False,1.1,-,2026-09-08 22:50:35
1970,ACE 일라이릴리밸류체인,497520,KOSPI,0,0,0.0,-96.0,0,2,12655.0,,,,,,22.2,97.2,혼합,중립,False,False,61.1,-,2026-09-08 22:50:39
1971,메리츠 천연가스 선물 ETN(H),610094,KOSPI,0,0,-1.0,-1629.0,1,4,8195.0,,,,,,65.6,103.0,혼합,중립,False,False,15.6,-,2026-09-08 22:50:43
1972,HANARO Fn K-게임,395280,KOSPI,0,0,0.0,-310.0,0,1,3450.0,,,,,,63.1,97.6,완전역배열,중립,False,False,13.9,-,2026-09-08 22:50:47
1973,에셋플러스 글로벌다이나믹시니어액티브,462340,KOSPI,0,0,0.0,-33.0,0,1,16180.0,,,,,,162.5,97.0,하향전환,중립,False,False,37.0,-,2026-09-08 22:50:51
1974,한투 엔달러선물 ETN(H),570097,KOSPI,0,0,0.0,-2432.0,0,4,8075.0,,,,,,366.6,101.2,완전정배열,중립,True,False,40.2,-,2026-09-08 22:50:55
1975,삼성 인버스 2X S&P500 선물 ETN,530114,KOSPI,0,0,0.0,-339.0,0,2,8050.0,,,,,,146.8,98.4,완전역배열,중립,False,False,2.2,-,2026-09-08 22:50:59
1976,SK증권우,001515,KOSPI,0,0,0.0,0.0,0,0,4110.0,1.31,,,,,39.6,95.6,완전역배열,중립,False,False,5.2,C,2026-09-08 22:51:04
1977,미래에셋 -2X 미국 AI TOP3 ETN,520085,KOSPI,0,0,0.0,-1019.0,0,1,7980.0,,,,,,53.2,96.5,완전역배열,중립,False,False,3.6,-,2026-09-08 22:51:08
1978,TIGER 200 산업재,227550,KOSPI,0,0,-4.0,-109.0,1,1,11975.0,,,,,,51.8,97.6,완전역배열,중립,False,False,32.1,-,2026-09-08 22:51:12
1979,PLUS 글로벌MSCI(합성 H),189400,KOSPI,0,0,0.0,-53.0,0,10,26100.0,,,,,,48.2,99.7,혼합,중립,False,False,96.0,-,2026-09-08 22:51:17
1980,키움 전력 TOP5 ETN,760025,KOSPI,0,0,0.0,-167.0,0,7,11135.0,,,,,,63.6,97.2,완전역배열,중립,False,False,25.5,-,2026-09-08 22:51:22
1981,하나 S&P 인버스 2X WTI원유 선물 ETN B,700030,KOSPI,5,0,26659.0,-53909.0,0,20,1938.0,,,,,,180.0,83.7,완전역배열,하단이탈,False,False,0.1,-,2026-09-08 22:51:26
1982,WON 한국부동산TOP3플러스,480460,KOSPI,0,0,0.0,-3075.0,0,3,9090.0,,,,,,60.5,99.7,완전역배열,중립,False,False,24.2,-,2026-09-08 22:51:30
1983,KB 레버리지 미국채 30년 ETN,580062,KOSPI,0,7,0.0,689.0,0,0,15425.0,,,,,,75.2,97.3,완전역배열,중립,False,False,0.7,-,2026-09-08 22:51:34
1984,FOCUS ESG리더스,285690,KOSPI,0,0,0.0,0.0,0,0,21895.0,,,,,,16.8,99.8,완전역배열,중립,False,False,64.5,-,2026-09-08 22:51:38
1985,JW중외제약우,001065,KOSPI,0,0,0.0,0.0,0,0,22400.0,1.32,,,,,11.7,99.3,완전역배열,중립,False,False,25.4,B,2026-09-08 22:51:42
1986,한투 S&P500 VIX S/T선물 ETN(H) B,570114,KOSPI,0,1,0.0,13.0,0,0,7655.0,,,,,,72.6,95.3,완전역배열,중립,False,False,0.7,-,2026-09-08 22:51:45
1987,ACE 인도시장대표BIG5그룹액티브,487920,KOSPI,0,0,0.0,-132.0,0,3,7655.0,,,,,,86.9,96.8,완전역배열,중립,False,False,1.0,-,2026-09-08 22:51:49
1988,TIGER 우량가치,227570,KOSPI,0,0,-1.0,-448.0,1,1,21230.0,,,,,,133.9,101.0,상향전환,중립,False,False,64.6,-,2026-09-08 22:51:53
1989,MIDAS 중소형액티브,438740,KOSPI,0,0,0.0,-29.0,0,5,33690.0,,,,,,81.1,99.3,완전역배열,중립,False,False,39.6,-,2026-09-08 22:51:57
1990,TIGER 미국달러선물레버리지,261110,KOSPI,0,0,0.0,-1371.0,0,6,15135.0,,,,,,142.4,95.7,완전역배열,중립,False,False,3.9,-,2026-09-08 22:52:02
1991,RISE 헬스케어,253280,KOSPI,0,0,0.0,-74.0,0,2,12580.0,,,,,,35.4,95.3,완전역배열,중립,False,False,16.8,-,2026-09-08 22:52:06
1992,RISE 글로벌농업경제,437370,KOSPI,0,2,0.0,1355.0,0,0,10750.0,,,,,,106.5,101.7,혼합,중립,False,False,60.8,-,2026-09-08 22:52:10
1993,KIWOOM TDF2030액티브 적격,435530,KOSPI,0,0,0.0,-120.0,0,3,15020.0,,,,,,66.6,97.9,완전역배열,중립,False,False,47.3,-,2026-09-08 22:52:14
1994,KIWOOM 미국달러선물인버스,139660,KOSPI,0,1,0.0,2849.0,0,0,8625.0,,,,,,220.2,102.2,완전정배열,중립,False,False,87.3,-,2026-09-08 22:52:18
1995,TIGER 200커뮤니케이션서비스,315270,KOSPI,0,0,0.0,-336.0,0,2,19700.0,,,,,,11.1,97.7,완전역배열,중립,False,False,19.3,-,2026-09-08 22:52:22
1996,한투 레버리지미국채30년 ETN,570109,KOSPI,0,0,0.0,0.0,0,0,14960.0,,,,,,,97.5,완전역배열,중립,False,False,0.0,-,2026-09-08 22:52:26
1997,KODEX 미국30년국채울트라선물인버스(H),304670,KOSPI,0,1,0.0,10.0,0,0,12340.0,,,,,,45.5,100.2,완전정배열,중립,False,False,85.1,-,2026-09-08 22:52:30
1998,SOL 미국500타겟데일리커버드콜액티브,494210,KOSPI,8,0,146.0,-3910.0,0,1,10570.0,,,,,,106.2,97.8,완전역배열,중립,False,False,53.1,-,2026-09-08 22:52:34
1999,TIGER 유로스탁스레버리지(합성 H),225050,KOSPI,0,4,0.0,1259.0,0,0,16360.0,,,,,,184.5,97.1,혼합,중립,False,False,78.0,-,2026-09-08 22:52:38
2000,키움 KPOP ETN,760006,KOSPI,0,0,0.0,-1.0,0,2,7330.0,,,,,,49.4,100.6,혼합,중립,False,False,10.9,-,2026-09-08 22:52:41
2001,HANARO Fn K-메타버스MZ,402460,KOSPI,0,3,0.0,549.0,0,0,14600.0,,,,,,53.6,99.1,혼합,중립,False,False,51.1,-,2026-09-08 22:52:45
2002,메리츠 은 선물 ETN(H),610099,KOSPI,0,0,0.0,-234.0,0,1,7285.0,,,,,,4.9,98.6,완전역배열,중립,False,False,33.2,-,2026-09-08 22:52:49
2003,KIWOOM 미국달러선물레버리지,225800,KOSPI,0,0,0.0,-2046.0,0,1,14265.0,,,,,,192.2,95.6,완전역배열,중립,False,False,4.2,-,2026-09-08 22:52:53
2004,삼성 중국 AI 테크 TOP5 TR ETN(H),530142,KOSPI,0,0,0.0,-252.0,0,4,7250.0,,,,,,61.3,97.0,완전역배열,중립,False,False,9.0,-,2026-09-08 22:52:56
2005,메리츠 3X 레버리지 일본 국채 10년 ETN,610091,KOSPI,0,1,0.0,5.0,0,0,14425.0,,,,,,227.7,98.3,완전역배열,중립,False,False,10.6,-,2026-09-08 22:53:00
2006,RISE 내수주플러스,326230,KOSPI,0,0,0.0,-12.0,0,3,11265.0,,,,,,143.3,98.8,완전역배열,중립,False,False,35.4,-,2026-09-08 22:53:03
2007,RISE 일본섹터TOP4Plus,488480,KOSPI,1,0,963.0,-455.0,0,2,13060.0,,,,,,192.8,99.0,완전역배열,중립,False,False,57.9,-,2026-09-08 22:53:07
2008,KODEX K-뉴딜디지털플러스,368680,KOSPI,0,2,0.0,139.0,0,0,7935.0,,,,,,29.0,98.6,완전역배열,중립,False,False,34.6,-,2026-09-08 22:53:12
2009,KODEX 밸류Plus,244670,KOSPI,0,0,0.0,-19.0,0,1,11845.0,,,,,,51.4,101.1,상향전환,중립,True,False,64.9,-,2026-09-08 22:53:16
2010,미래에셋 -2X 미국 자율주행대표기업 ETN,520084,KOSPI,0,0,0.0,0.0,0,0,7030.0,,,,,,393.2,95.3,완전역배열,중립,False,False,3.7,-,2026-09-08 22:53:20
2011,TIGER 코스닥150선물인버스,250780,KOSPI,3,1,124014.0,11990.0,0,0,2510.0,,,,,,121.5,103.6,완전정배열,중립,False,False,36.8,-,2026-09-08 22:53:24
2012,TIGER 200 경기소비재,139290,KOSPI,0,2,0.0,297.0,0,0,25000.0,,,,,,19.8,96.5,완전역배열,중립,False,False,39.9,-,2026-09-08 22:53:28
2013,PLUS 심천차이넥스트(합성),256450,KOSPI,0,1,0.0,389.0,0,0,14000.0,,,,,,79.6,94.0,완전역배열,중립,False,False,25.5,-,2026-09-08 22:53:32
2014,PLUS K리츠,429740,KOSPI,0,1,0.0,778.0,0,0,6050.0,,,,,,198.5,99.0,완전역배열,중립,False,False,21.0,-,2026-09-08 22:53:36
2015,한투 3X레버리지미국채30년 ETN,570111,KOSPI,0,0,0.0,0.0,0,0,34780.0,,,,,,2.0,97.3,완전역배열,중립,False,False,0.5,-,2026-09-08 22:53:40
2016,SOL 글로벌탄소배출권선물ICE(합성),400590,KOSPI,0,1,0.0,200.0,0,0,13860.0,,,,,,60.6,98.5,하향전환,중립,False,False,52.4,-,2026-09-08 22:53:44
2017,대신 인버스 천연가스 선물 ETN(H) B,510043,KOSPI,0,0,0.0,0.0,0,0,6900.0,,,,,,7.0,97.1,혼합,중립,False,False,53.4,-,2026-09-08 22:53:48
2018,KODEX 한중전기차(합성),450180,KOSPI,0,0,0.0,-4.0,0,3,10560.0,,,,,,75.6,96.5,완전역배열,중립,False,False,22.4,-,2026-09-08 22:53:51
2019,KB 은 선물 ETN,580078,KOSPI,0,0,0.0,-64.0,0,2,6810.0,,,,,,120.6,96.5,완전역배열,중립,False,False,12.3,-,2026-09-08 22:53:55
2020,삼성 인버스 2X 금 선물 ETN(H),530056,KOSPI,0,1,0.0,61604.0,0,0,1700.0,,,,,,170.6,102.6,혼합,중립,False,False,25.5,-,2026-09-08 22:53:59
2021,노루홀딩스우,000325,KOSPI,0,0,0.0,0.0,0,0,27900.0,0.56,,,,,80.8,103.9,상향전환,중립,True,False,46.1,C,2026-09-08 22:54:03
2022,삼성 코스피 양매도 5% OTM ETN,530060,KOSPI,0,0,0.0,0.0,0,0,6750.0,,,,,,133.3,103.9,완전정배열,중립,False,False,51.7,-,2026-09-08 22:54:08
2023,삼성 인버스 2X 항셍테크 TR ETN(H) B,530122,KOSPI,0,2,0.0,134.0,0,0,6750.0,,,,,,122.6,105.5,완전정배열,중립,False,False,75.4,-,2026-09-08 22:54:12
2024,한투 인버스나스닥100 ETN B,570101,KOSPI,0,0,0.0,-4.0,0,4,6720.0,,,,,,3.6,98.1,완전역배열,중립,False,False,1.3,-,2026-09-08 22:54:16
2025,N2 인버스 2X 코스닥150 선물 ETN,550098,KOSPI,0,0,0.0,-324.0,0,3,6710.0,,,,,,140.6,106.1,상향전환,중립,True,False,18.6,-,2026-09-08 22:54:20
2026,신한 레버리지 10년 국채선물 ETN,500067,KOSPI,0,0,0.0,0.0,0,0,9560.0,,,,,,84.2,99.5,완전역배열,중립,False,False,9.3,-,2026-09-08 22:54:24
2027,PLUS 국채선물10년,289670,KOSPI,0,0,0.0,-264.0,0,8,51970.0,,,,,,204.1,99.8,완전역배열,중립,False,False,13.8,-,2026-09-08 22:54:28
2028,한투 레버리지일본엔선물 ETN C,570095,KOSPI,0,1,0.0,597.0,0,0,6650.0,,,,,,98.4,97.8,완전역배열,중립,False,False,13.8,-,2026-09-08 22:54:32
2029,KODEX 국채선물10년인버스,176950,KOSPI,0,3,0.0,876.0,0,0,60600.0,,,,,,5.5,100.3,완전정배열,중립,False,False,93.6,-,2026-09-08 22:54:36
2030,한투 인버스2X유로스탁스50 ETN(H) B,570092,KOSPI,0,1,0.0,79.0,0,0,6540.0,,,,,,14.4,102.8,혼합,중립,False,False,8.1,-,2026-09-08 22:54:40
2031,KODEX 콩선물(H),138920,KOSPI,0,2,-2.0,7035.0,1,0,13020.0,,,,,,159.3,104.6,완전정배열,중립,False,False,98.2,-,2026-09-08 22:54:44
2032,PLUS 미국달러SOFR금리액티브(합성),456200,KOSPI,0,0,0.0,-4.0,0,2,58245.0,,,,,,59.4,97.9,완전역배열,중립,False,False,4.9,-,2026-09-08 22:54:48
2033,한투 레버리지엔달러선물 ETN(H),570098,KOSPI,0,5,0.0,7695.0,0,0,6350.0,,,,,,164.4,102.3,완전정배열,중립,True,False,38.1,-,2026-09-08 22:54:52
2034,KODEX MSCI EM선물(H),291890,KOSPI,0,1,0.0,4.0,0,0,12655.0,,,,,,115.8,101.1,완전정배열,중립,False,False,87.2,-,2026-09-08 22:54:56
2035,성신양회우,004985,KOSPI,0,0,-15.0,0.0,11,0,8600.0,0.36,,,,,106.2,100.6,혼합,중립,False,False,12.1,B,2026-09-08 22:55:00
2036,삼성 인버스 구리 선물 ETN(H),530096,KOSPI,0,0,0.0,-2.0,0,1,6240.0,,,,,,7.9,100.6,혼합,중립,False,False,2.9,-,2026-09-08 22:55:04
2037,ACE 싱가포르리츠,316300,KOSPI,20,0,143.0,-505.0,0,1,12465.0,,,,,,159.1,96.4,완전역배열,중립,False,False,3.8,-,2026-09-08 22:55:08
2038,신한 인버스 2X Russell 2000 ETN B,500098,KOSPI,0,0,0.0,0.0,0,0,6225.0,,,,,,200.0,101.1,혼합,중립,False,False,1.2,-,2026-09-08 22:55:11
2039,한투 인버스유로스탁스50 ETN(H) C,570091,KOSPI,0,0,0.0,0.0,0,0,6210.0,,,,,,197.4,101.4,혼합,중립,False,False,34.1,-,2026-09-08 22:55:16
2040,SOL 국고채30년액티브,474390,KOSPI,0,0,0.0,-7.0,0,6,40240.0,,,,,,142.7,100.4,혼합,중립,False,False,7.0,-,2026-09-08 22:55:20
2041,RISE 미국달러선물인버스,469530,KOSPI,0,0,0.0,-571.0,0,1,9680.0,,,,,,109.6,102.3,완전정배열,중립,False,False,97.5,-,2026-09-08 22:55:24
2042,TIGER 의료기기,307510,KOSPI,0,1,-65.0,2635.0,1,0,12290.0,,,,,,68.8,95.5,완전역배열,중립,False,False,9.5,-,2026-09-08 22:55:28
2043,계양전기우,012205,KOSPI,4,0,584.0,0.0,0,0,5250.0,9.6,,,,,102.1,87.8,완전역배열,하단이탈,False,False,10.8,D,2026-09-08 22:55:32
2044,키움 2차전지산업 ETN,760010,KOSPI,0,2,0.0,201.0,0,0,8700.0,,,,,,116.2,100.7,혼합,중립,False,False,27.5,-,2026-09-08 22:55:36
2045,KB 인버스 2X 미국 S&P500 선물 ETN B,580084,KOSPI,0,0,0.0,-8.0,0,1,12060.0,,,,,,96.3,98.4,-,중립,False,False,0.0,-,2026-09-08 22:55:39
2046,덕성우,004835,KOSPI,0,0,-990.0,0.0,1,0,4305.0,0.67,,,,,17.6,100.3,혼합,중립,False,False,14.9,D,2026-09-08 22:55:43
2047,RISE 국채30년레버리지(합성),451670,KOSPI,0,0,0.0,-3.0,0,1,11945.0,,,,,,29.7,100.3,혼합,중립,False,False,4.6,-,2026-09-08 22:55:47
2048,HANARO 농업융복합산업,314700,KOSPI,0,0,0.0,-20.0,0,1,10800.0,,,,,,125.1,100.1,혼합,중립,False,False,27.1,-,2026-09-08 22:55:51
2049,메리츠 레버리지 미국채10년 ETN(H),610023,KOSPI,0,0,0.0,-9.0,0,6,5930.0,,,,,,8.6,99.1,완전역배열,중립,False,False,6.1,-,2026-09-08 22:55:55
2050,SOL 유럽탄소배출권선물S&P(H),400580,KOSPI,0,0,0.0,0.0,0,0,11850.0,,,,,,197.4,101.1,완전정배열,중립,False,False,71.0,-,2026-09-08 22:55:59
2051,KIWOOM 의료AI,483020,KOSPI,0,1,-990.0,316.0,2,0,9085.0,,,,,,84.9,95.7,완전역배열,중립,False,False,8.2,-,2026-09-08 22:56:03
2052,한투 인버스베트남VN30선물 ETN(H),570064,KOSPI,0,0,0.0,0.0,0,0,5880.0,,,,,,0.3,98.6,완전역배열,중립,False,False,22.9,-,2026-09-08 22:56:06
2053,UNICORN R&D 액티브,433250,KOSPI,0,0,0.0,0.0,0,0,23495.0,,,,,,28.9,98.2,완전역배열,중립,False,False,52.0,-,2026-09-08 22:56:11
2054,HANARO Fn골프테마,407300,KOSPI,0,1,0.0,8.0,0,0,10660.0,,,,,,61.0,99.3,완전역배열,중립,False,False,43.8,-,2026-09-08 22:56:15
2055,금호건설우,002995,KOSPI,0,0,-161.0,0.0,5,0,19810.0,2.56,,,,,54.1,92.5,혼합,하단이탈,False,False,38.1,B,2026-09-08 22:56:18
2056,KIWOOM K-2차전지북미공급망,488200,KOSPI,0,0,0.0,-2197.0,0,1,12790.0,,,,,,116.2,100.9,혼합,중립,False,False,45.1,-,2026-09-08 22:56:23
2057,대신 인버스 2X 코스닥 150 선물 ETN,510027,KOSPI,0,2,0.0,1154.0,0,0,1890.0,,,,,,39.7,106.1,상향전환,중립,True,False,14.8,-,2026-09-08 22:56:27
2058,KB 인버스 2X KOSDAQ 150 선물 ETN,580044,KOSPI,0,0,0.0,-374.0,0,3,1879.0,,,,,,82.9,106.0,상향전환,중립,True,False,14.8,-,2026-09-08 22:56:31
2059,삼성 인버스 코스닥 150 선물 ETN,530094,KOSPI,0,0,0.0,0.0,0,0,5635.0,,,,,,28.3,102.9,완전정배열,중립,False,False,39.0,-,2026-09-08 22:56:35
2060,HANARO 글로벌탄소배출권선물ICE(합성),401590,KOSPI,0,1,0.0,162.0,0,0,11025.0,,,,,,143.1,98.0,하향전환,중립,False,False,50.1,-,2026-09-08 22:56:38
2061,RISE 미국장기국채선물인버스(H),267450,KOSPI,0,0,0.0,-42.0,0,4,11200.0,,,,,,352.2,100.2,완전정배열,중립,False,False,94.3,-,2026-09-08 22:56:42
2062,KODEX 미국스마트모빌리티S&P,390400,KOSPI,0,4,0.0,1440.0,0,0,6960.0,,,,,,33.4,94.8,완전역배열,중립,False,False,17.2,-,2026-09-08 22:56:46
2063,RISE 국채선물3년,432600,KOSPI,0,0,0.0,0.0,0,0,55335.0,,,,,,79.2,100.0,혼합,중립,False,False,36.2,-,2026-09-08 22:56:50
2064,노루페인트우,090355,KOSPI,0,0,0.0,0.0,0,0,11920.0,0.56,,,,,116.6,101.8,상향전환,중립,True,False,35.5,B,2026-09-08 22:56:54
2065,SOL 차이나강소기업CSI500(합성 H),220130,KOSPI,0,0,0.0,-4999.0,0,1,6870.0,,,,,,98.9,99.1,완전역배열,중립,False,False,61.4,-,2026-09-08 22:56:57
2066,SOL 미국S&P500엔화노출(H),499150,KOSPI,1,0,14.0,-1284.0,0,16,10965.0,,,,,,98.4,99.2,완전역배열,중립,False,False,53.0,-,2026-09-08 22:57:01
2067,UNICORN 생성형AI강소기업액티브,470310,KOSPI,0,0,0.0,-5.0,0,1,18205.0,,,,,,11.5,97.9,혼합,중립,False,False,84.3,-,2026-09-08 22:57:05
2068,PLUS 스마트베타Quality채권혼합,238670,KOSPI,0,1,0.0,626.0,0,0,13650.0,,,,,,60.1,99.9,혼합,중립,False,False,95.4,-,2026-09-08 22:57:09
2069,N2 레버리지 국채30년 ETN,550096,KOSPI,0,0,0.0,0.0,0,0,10885.0,,,,,,0.0,100.3,혼합,중립,False,False,3.8,-,2026-09-08 22:57:13
2070,ACE 중국본토CSI300레버리지(합성),219900,KOSPI,0,2,0.0,102.0,0,0,3885.0,,,,,,61.6,93.8,완전역배열,중립,False,False,9.7,-,2026-09-08 22:57:17
2071,한투 레버리지국채30년 ETN,570108,KOSPI,0,0,0.0,-1.0,0,1,10815.0,,,,,,266.7,100.5,혼합,중립,False,False,4.0,-,2026-09-08 22:57:21
2072,한투 인버스2X구리선물 ETN,570073,KOSPI,0,0,0.0,-50.0,0,1,5335.0,,,,,,318.7,99.1,완전역배열,중립,False,False,0.0,-,2026-09-08 22:57:25
2073,KIWOOM 미국블록버스터바이오테크의약품+,483030,KOSPI,1,0,1.0,-105.0,0,2,11787.0,,,,,,48.2,98.8,혼합,중립,False,False,67.7,-,2026-09-08 22:57:29
2074,KODEX 멀티에셋하이인컴(H),321410,KOSPI,0,0,0.0,0.0,0,0,10600.0,,,,,,3.4,99.7,혼합,중립,False,False,70.5,-,2026-09-08 22:57:33
2075,RISE 글로벌비만산업TOP2+,476310,KOSPI,0,1,0.0,371.0,0,0,9605.0,,,,,,23.2,96.9,하향전환,중립,False,False,43.5,-,2026-09-08 22:57:37
2076,SOL 차이나태양광CSI(합성),413220,KOSPI,0,1,0.0,4917.0,0,0,4335.0,,,,,,80.6,93.7,완전역배열,중립,False,False,3.8,-,2026-09-08 22:57:41
2077,삼성 인버스 2X 은 선물 ETN(H),530062,KOSPI,0,0,0.0,-484.0,0,1,40.0,,,,,,131.2,102.0,혼합,중립,False,False,4.4,-,2026-09-08 22:57:45
2078,한투 인버스2X베트남VN30 선물 ETN(H),570066,KOSPI,0,2,0.0,1654.0,0,0,5125.0,,,,,,233.9,96.7,완전역배열,중립,False,False,15.2,-,2026-09-08 22:57:49
2079,RISE 국채선물10년,295000,KOSPI,0,0,0.0,0.0,0,0,51225.0,,,,,,24.4,99.8,완전역배열,중립,False,False,12.2,-,2026-09-08 22:57:52
2080,키움 바이오TOP10 ETN,760014,KOSPI,0,0,0.0,-51.0,0,1,7200.0,,,,,,18.6,94.8,완전역배열,중립,False,False,14.7,-,2026-09-08 22:57:57
2081,신한 인버스 코스피 200 선물 ETN,500061,KOSPI,0,1,0.0,2982.0,0,0,2520.0,,,,,,125.1,99.3,완전역배열,중립,False,False,6.3,-,2026-09-08 22:58:00
2082,KoAct 미국치매&뇌질환치료제액티브,490330,KOSPI,0,2,0.0,254.0,0,0,14355.0,,,,,,52.2,96.5,혼합,중립,False,False,68.0,-,2026-09-08 22:58:05
2083,KIWOOM 독일DAX,411860,KOSPI,2,11,2.0,2033.0,0,0,16535.0,,,,,,85.6,96.9,완전역배열,중립,False,False,26.4,-,2026-09-08 22:58:10
2084,RISE 인도디지털성장,498610,KOSPI,0,1,0.0,64.0,0,0,8025.0,,,,,,306.7,97.8,완전역배열,중립,False,False,2.8,-,2026-09-08 22:58:14
2085,KIWOOM 코스닥150선물레버리지,291630,KOSPI,0,0,-1120.0,-3647.0,2,1,3320.0,,,,,,78.3,92.6,완전역배열,중립,False,False,11.9,-,2026-09-08 22:58:18
2086,KIWOOM K-반도체북미공급망,488210,KOSPI,0,1,-78.0,497.0,1,0,23900.0,,,,,,129.2,104.2,혼합,중립,False,False,68.8,-,2026-09-08 22:58:22
2087,RISE 미국장기국채선물(H),267440,KOSPI,0,0,0.0,-3.0,0,1,7930.0,,,,,,92.9,99.8,완전역배열,중립,False,False,3.8,-,2026-09-08 22:58:26
2088,PLUS 중형주저변동50,266550,KOSPI,0,0,0.0,-2.0,0,1,18840.0,,,,,,3.4,100.0,완전역배열,중립,False,False,54.4,-,2026-09-08 22:58:30
2089,KODEX 퀄리티Plus,244660,KOSPI,0,1,0.0,9.0,0,0,9410.0,,,,,,66.0,99.9,완전역배열,중립,False,False,44.8,-,2026-09-08 22:58:34
2090,TIGER 200에너지화학레버리지,243890,KOSPI,1,2,225.0,7395.0,0,0,8915.0,,,,,,80.0,101.6,혼합,중립,False,False,39.6,-,2026-09-08 22:58:38
2091,메리츠 인버스 2X 구리 선물 ETN(H),610029,KOSPI,1,0,100.0,-145.0,0,1,4640.0,,,,,,1.7,100.4,혼합,중립,False,False,0.9,-,2026-09-08 22:58:42
2092,N2 인버스 레버리지 구리 선물 ETN(H),550070,KOSPI,0,0,0.0,-7.0,0,1,4630.0,,,,,,395.1,100.6,혼합,중립,False,False,1.6,-,2026-09-08 22:58:46
2093,TIGER 200 생활소비재,227560,KOSPI,0,2,0.0,2741.0,0,0,12755.0,,,,,,87.5,98.7,하향전환,중립,False,False,45.4,-,2026-09-08 22:58:49
2094,ACE 미국친환경그린테마,391600,KOSPI,0,0,0.0,-137.0,0,1,10185.0,,,,,,18.0,96.7,완전역배열,중립,False,False,8.9,-,2026-09-08 22:58:53
2095,ACE 일본TOPIX인버스(합성 H),205720,KOSPI,0,1,0.0,145.0,0,0,1462.0,,,,,,42.4,100.2,혼합,중립,False,False,6.9,-,2026-09-08 22:58:58
2096,흥국화재우,000545,KOSPI,0,0,0.0,0.0,0,0,5680.0,0.34,,,,,119.2,103.4,혼합,중립,False,False,17.9,B,2026-09-08 22:59:01
2097,삼성 인버스 2X 일본니케이225선물 ETN(H),530125,KOSPI,0,0,0.0,-1944.0,0,1,4350.0,,,,,,85.4,103.1,혼합,중립,False,False,6.0,-,2026-09-08 22:59:05
2098,하이트진로홀딩스우,000145,KOSPI,0,0,0.0,0.0,0,0,9220.0,0.35,,,,,35.5,98.3,완전역배열,중립,False,False,23.0,D,2026-09-08 22:59:09
2099,KIWOOM 미국방어배당성장나스닥,373790,KOSPI,0,1,0.0,62.0,0,0,15300.0,,,,,,97.0,97.5,완전역배열,중립,False,False,27.7,-,2026-09-08 22:59:13
2100,TIGER 코스피중형주,277650,KOSPI,0,0,0.0,-7.0,0,1,21230.0,,,,,,75.9,99.9,완전역배열,중립,False,False,41.3,-,2026-09-08 22:59:17
2101,태영건설우,009415,KOSPI,0,0,0.0,0.0,0,0,6340.0,3.23,,,,,63.6,98.0,완전역배열,중립,False,False,33.5,C,2026-09-08 22:59:21
2102,ACE Fn성장소비주도주,226380,KOSPI,0,0,0.0,-233.0,0,1,5875.0,,,,,,43.6,99.4,완전역배열,중립,False,False,30.9,-,2026-09-08 22:59:25
2103,RISE 팔라듐선물(H),334690,KOSPI,0,4,0.0,6842.0,0,0,6240.0,,,,,,97.2,100.9,혼합,중립,False,False,18.1,-,2026-09-08 22:59:28
2104,RISE 차이나H선물인버스(H),291680,KOSPI,0,0,0.0,-21.0,0,2,7805.0,,,,,,97.2,100.3,혼합,중립,False,False,44.2,-,2026-09-08 22:59:32
2105,동부건설우,005965,KOSPI,0,0,-3.0,0.0,1,0,17100.0,0.67,,,,,73.2,98.8,완전역배열,중립,False,False,11.0,B,2026-09-08 22:59:36
2106,동원시스템즈우,014825,KOSPI,0,0,0.0,0.0,0,0,14450.0,0.47,,,,,57.9,102.9,혼합,중립,False,False,25.2,B,2026-09-08 22:59:40
2107,RISE 200선물인버스2X,252420,KOSPI,3,0,118969.0,-3635409.0,0,4,76.0,,,,,,106.8,98.5,완전역배열,하단이탈,False,False,1.1,-,2026-09-08 22:59:44
2108,TIGER 미국S&P500선물인버스(H),225030,KOSPI,0,3,0.0,27526.0,0,0,2255.0,,,,,,176.6,100.3,혼합,중립,False,False,25.0,-,2026-09-08 22:59:48
2109,신한 인버스 2X 구리 선물 ETN,500041,KOSPI,0,0,0.0,-4407.0,0,3,708.0,,,,,,60.0,98.5,완전역배열,중립,False,False,0.4,-,2026-09-08 22:59:52
2110,RISE 미국장기국채선물레버리지(합성 H),267490,KOSPI,0,0,0.0,-2.0,0,3,5010.0,,,,,,3.3,99.9,완전역배열,중립,False,False,10.3,-,2026-09-08 22:59:55
2111,RISE AI플랫폼,427120,KOSPI,0,0,-1782.0,-4883.0,2,1,5115.0,,,,,,30.0,97.9,완전역배열,중립,False,False,17.7,-,2026-09-08 22:59:59
2112,일양약품우,007575,KOSPI,0,0,-3.0,0.0,2,0,7700.0,0.56,,,,,173.9,96.6,완전역배열,중립,False,False,14.1,B,2026-09-08 23:00:03
2113,한투 인버스2XS&P500선물 ETN(H),570023,KOSPI,0,1,0.0,6519.0,0,0,673.0,,,,,,92.8,100.6,혼합,중립,False,False,6.4,-,2026-09-08 23:00:07
2114,한투 3X레버리지국채30년 ETN,570110,KOSPI,0,0,0.0,0.0,0,0,16215.0,,,,,,0.0,100.3,혼합,중립,False,False,2.6,-,2026-09-08 23:00:11
2115,금강공업우,014285,KOSPI,2,0,8.0,0.0,0,0,5360.0,0.41,,,,,74.9,100.0,혼합,중립,False,False,3.0,D,2026-09-08 23:00:15
2116,크라운해태홀딩스우,005745,KOSPI,3,0,7.0,0.0,0,0,5220.0,0.22,,,,,38.9,99.5,완전역배열,중립,False,False,17.2,B,2026-09-08 23:00:19
2117,KIWOOM 차이나내수소비TOP CSI,454180,KOSPI,0,0,0.0,-3.0,0,3,7370.0,,,,,,49.2,97.3,완전역배열,중립,False,False,0.0,-,2026-09-08 23:00:23
2118,HANARO 코스닥150선물레버리지,306530,KOSPI,0,0,0.0,-1753.0,0,1,6585.0,,,,,,36.6,92.4,완전역배열,중립,False,False,14.5,-,2026-09-08 23:00:27
2119,성문전자우,014915,KOSPI,0,0,0.0,0.0,0,0,4760.0,2.09,,,,,66.3,101.5,완전정배열,중립,False,False,20.9,D,2026-09-08 23:00:31
2120,UNICORN 포스트IPO액티브,476000,KOSPI,0,1,0.0,6210.0,0,0,5100.0,,,,,,32.1,94.6,완전역배열,중립,False,False,7.8,-,2026-09-08 23:00:35
2121,ACE 인버스,145670,KOSPI,0,0,-2720.0,-43973.0,1,2,1262.0,,,,,,84.5,99.4,완전역배열,중립,False,False,6.5,-,2026-09-08 23:00:39
2122,RISE 미국반도체인버스(합성 H),491630,KOSPI,0,3,0.0,3475.0,0,0,5270.0,,,,,,191.1,101.0,혼합,중립,False,False,8.1,-,2026-09-08 23:00:43
2123,KODEX 골드선물인버스(H),280940,KOSPI,0,2,0.0,11238.0,0,0,3405.0,,,,,,82.4,101.1,혼합,중립,False,False,39.5,-,2026-09-08 23:00:47
2124,RISE 200선물인버스,252410,KOSPI,0,0,0.0,-6596.0,0,2,1281.0,,,,,,95.4,99.3,완전역배열,중립,False,False,6.2,-,2026-09-08 23:00:51
2125,KIWOOM 코스닥150선물인버스,291620,KOSPI,0,2,0.0,7592.0,0,0,4420.0,,,,,,66.9,103.4,완전정배열,중립,False,False,36.8,-,2026-09-08 23:00:55
2126,RISE 코스닥150선물인버스,275750,KOSPI,0,0,0.0,-798.0,0,4,2530.0,,,,,,99.2,103.4,완전정배열,중립,False,False,39.1,-,2026-09-08 23:00:59
2127,유유제약2우B,000227,KOSPI,0,0,-2.0,0.0,10,0,7410.0,0.94,,,,,85.0,99.5,완전역배열,중립,False,False,24.3,C,2026-09-08 23:01:03
2128,KB 인버스 2X 구리 선물 ETN(H),580033,KOSPI,0,0,0.0,-3307.0,0,1,4705.0,,,,,,65.1,100.6,혼합,중립,False,False,2.2,-,2026-09-08 23:01:07
2129,동양우,001525,KOSPI,0,0,0.0,0.0,0,0,8800.0,1.17,,,,,75.7,98.7,하향전환,중립,False,False,10.6,D,2026-09-08 23:01:11
2130,남선알미우,008355,KOSPI,0,0,0.0,0.0,0,0,7420.0,3.35,,,,,75.3,98.8,완전역배열,중립,False,False,5.4,D,2026-09-08 23:01:15
2131,신한 인버스 2X S&P500 선물 ETN,500051,KOSPI,0,0,0.0,-218.0,0,5,1133.0,,,,,,87.2,98.6,완전역배열,중립,False,False,0.9,-,2026-09-08 23:01:19
2132,KIWOOM 200선물인버스2X,253230,KOSPI,2,0,53462.0,-1998401.0,0,4,73.0,,,,,,100.0,98.5,완전역배열,중립,False,False,1.1,-,2026-09-08 23:01:23
2133,ACE 미국IT인터넷(합성 H),280320,KOSPI,0,3,0.0,176.0,0,0,21610.0,,,,,,43.6,99.9,혼합,중립,False,False,83.1,-,2026-09-08 23:01:28
2134,RISE 팔라듐선물인버스(H),334700,KOSPI,0,0,0.0,-4.0,0,5,3135.0,,,,,,123.1,97.9,완전역배열,중립,False,False,33.4,-,2026-09-08 23:01:32
2135,신한 인버스 2X 은 선물 ETN(H),500030,KOSPI,0,0,0.0,-10410.0,0,3,57.0,,,,,,197.5,101.6,혼합,중립,False,False,4.2,-,2026-09-08 23:01:36
2136,하나 인버스 2X 코스닥150 선물 ETN,700018,KOSPI,0,0,0.0,-2685.0,0,1,1810.0,,,,,,79.7,105.1,상향전환,중립,True,False,12.4,-,2026-09-08 23:01:40
2137,한투 인버스2X플래티넘선물 ETN,570070,KOSPI,0,1,0.0,9.0,0,0,1589.0,,,,,,10.9,98.0,완전역배열,중립,False,False,9.1,-,2026-09-08 23:01:44
2138,KIWOOM 200선물인버스,253240,KOSPI,0,0,0.0,-45719.0,0,2,1290.0,,,,,,102.3,99.2,완전역배열,중립,False,False,6.5,-,2026-09-08 23:01:48
2139,깨끗한나라우,004545,KOSPI,4,1,22.0,10.0,0,0,4010.0,0.95,,,,,267.3,95.0,완전역배열,하단이탈,False,False,31.5,D,2026-09-08 23:01:52
2140,HANARO 200선물인버스,306520,KOSPI,0,1,0.0,580.0,0,0,2320.0,,,,,,100.1,99.0,완전역배열,중립,False,False,6.2,-,2026-09-08 23:01:56
2141,CJ씨푸드1우,011155,KOSPI,2,0,1027.0,0.0,0,0,6360.0,2.6,,,,,58.6,96.2,완전역배열,중립,False,False,33.8,D,2026-09-08 23:02:00
2142,PLUS 200선물인버스2X,253160,KOSPI,0,0,0.0,-541827.0,0,3,149.0,,,,,,119.9,98.3,완전역배열,중립,False,False,1.0,-,2026-09-08 23:02:04
2143,동양2우B,001527,KOSPI,3,0,6.0,0.0,0,0,5910.0,0.79,,,,,66.0,92.8,완전역배열,중립,False,False,17.9,D,2026-09-08 23:02:08
2144,ACE MSCI필리핀(합성),261920,KOSPI,0,0,0.0,-60.0,0,5,11920.0,,,,,,31.7,96.1,완전역배열,중립,False,False,1.2,-,2026-09-08 23:02:12
2145,서울식품우,004415,KOSPI,0,0,-64.0,0.0,1,0,5130.0,7.63,,,,,159.3,96.2,완전역배열,중립,False,False,33.3,D,2026-09-08 23:02:17
2146,진흥기업우B,002785,KOSPI,0,0,0.0,0.0,0,0,13280.0,0.78,,,,,292.0,100.0,완전역배열,중립,False,False,26.3,D,2026-09-08 23:02:21
2147,TIGER BBIG레버리지,412560,KOSPI,0,0,0.0,-21621.0,0,5,1657.0,,,,,,56.1,94.2,완전역배열,하단이탈,False,False,16.7,-,2026-09-08 23:02:25
2148,신한 인버스 2X 금 선물 ETN,500038,KOSPI,0,1,0.0,1286.0,0,0,1061.0,,,,,,59.0,99.7,완전역배열,중립,False,False,20.0,-,2026-09-08 23:02:29
2149,진흥기업2우B,002787,KOSPI,0,0,-24.0,0.0,1,0,27000.0,1.58,,,,,126.1,98.9,완전역배열,중립,False,False,2.6,D,2026-09-08 23:02:33
2150,ACE 미국빅테크TOP7 Plus인버스(합성),465620,KOSPI,0,0,0.0,-85.0,0,4,6560.0,,,,,,68.0,101.2,혼합,중립,False,False,22.4,-,2026-09-08 23:02:37
2151,알테오젠,196170,KOSDAQ,3,0,103305.0,-147009.0,0,2,277000.0,36.23,,,,,158.5,93.2,혼합,하단이탈,False,False,33.9,D,2026-09-08 23:02:41
2152,에코프로,086520,KOSDAQ,0,0,-59584.0,-59315.0,6,8,81100.0,4.89,,,,,63.9,94.1,완전역배열,중립,False,False,24.6,D,2026-09-08 23:02:46
2153,에코프로비엠,247540,KOSDAQ,0,0,-7735.0,-56451.0,1,8,104800.0,5.71,,,,,84.7,95.9,완전역배열,중립,False,False,10.6,D,2026-09-08 23:02:50
2154,주성엔지니어링,036930,KOSDAQ,3,3,750740.0,138653.0,0,0,194600.0,15.02,,,,,100.7,102.6,완전정배열,상단돌파,False,True,65.6,B,2026-09-08 23:02:54
2155,레인보우로보틱스,277810,KOSDAQ,0,0,-33478.0,-14251.0,2,2,433000.0,63.22,,,,,100.6,96.0,완전역배열,중립,False,False,23.4,B,2026-09-08 23:02:58
2156,원익IPS,240810,KOSDAQ,9,0,808545.0,-23440.0,0,1,115800.0,5.25,,,,,92.6,100.9,혼합,중립,False,False,52.2,D,2026-09-08 23:03:02
2157,이오테크닉스,039030,KOSDAQ,1,0,19516.0,-6128.0,0,1,446500.0,7.35,,,,,115.1,106.4,상향전환,상단돌파,True,True,59.4,D,2026-09-08 23:03:05
2158,리노공업,058470,KOSDAQ,6,1,363111.0,54022.0,0,0,68900.0,6.73,,,,,97.9,98.4,완전역배열,중립,False,False,28.5,D,2026-09-08 23:03:09
2159,심텍,222800,KOSDAQ,5,0,511043.0,-79361.0,0,6,121800.0,7.02,,,,,73.4,104.0,완전정배열,중립,False,False,69.8,D,2026-09-08 23:03:14
2160,HPSP,403870,KOSDAQ,6,3,1055671.0,107334.0,0,0,53300.0,13.83,,,,,72.1,109.6,상향전환,상단돌파,False,False,42.1,D,2026-09-08 23:03:18
2161,HLB,028300,KOSDAQ,0,0,-157348.0,-34726.0,2,2,31650.0,12.22,,,,,40.5,87.6,완전역배열,하단이탈,False,False,16.6,D,2026-09-08 23:03:22
2162,로보티즈,108490,KOSDAQ,1,0,247435.0,-14502.0,0,1,284000.0,11.56,,,,,187.6,105.7,상향전환,중립,True,False,52.6,D,2026-09-08 23:03:26
2163,ISC,095340,KOSDAQ,0,5,-14025.0,192281.0,4,0,183000.0,6.65,,,,,96.5,107.1,혼합,상단돌파,False,False,53.9,D,2026-09-08 23:03:29
2164,파마리서치,214450,KOSDAQ,6,0,93703.0,-35215.0,0,2,369000.0,5.66,,,,,68.7,93.4,혼합,하단이탈,False,False,25.3,D,2026-09-08 23:03:33
2165,삼천당제약,000250,KOSDAQ,3,0,9456.0,-2940.0,0,1,162900.0,12.61,,,,,66.2,92.2,완전역배열,중립,False,False,3.9,D,2026-09-08 23:03:38
2166,에이비엘바이오,298380,KOSDAQ,0,0,-24091.0,-65994.0,2,2,68200.0,22.27,,,,,77.2,90.7,완전역배열,하단이탈,False,False,4.2,D,2026-09-08 23:03:42
2167,피에스케이,319660,KOSDAQ,0,1,-16425.0,1457.0,1,0,125500.0,5.91,,,,,100.0,97.5,혼합,중립,False,False,52.6,D,2026-09-08 23:03:47
2168,파두,440110,KOSDAQ,1,3,43075.0,103982.0,0,0,71000.0,55.69,,,,,90.3,102.8,혼합,상단돌파,False,False,54.9,D,2026-09-08 23:03:51
2169,펩트론,087010,KOSDAQ,0,0,-28968.0,-45040.0,1,8,147200.0,26.43,,,,,111.5,86.8,완전역배열,하단이탈,False,False,16.7,D,2026-09-08 23:03:55
2170,리가켐바이오,141080,KOSDAQ,7,0,235266.0,-62135.0,0,2,89300.0,8.22,,,,,83.9,89.5,완전역배열,하단이탈,False,False,8.4,D,2026-09-08 23:04:00
2171,유진테크,084370,KOSDAQ,9,0,194179.0,-10157.0,0,2,138300.0,5.74,,,,,88.0,101.9,혼합,중립,False,False,50.2,D,2026-09-08 23:04:04
2172,피에스케이홀딩스,031980,KOSDAQ,2,0,90957.0,-86134.0,0,2,146500.0,5.88,,,,,124.5,115.2,완전정배열,상단돌파,False,True,81.1,D,2026-09-08 23:04:08
2173,실리콘투,257720,KOSDAQ,6,0,1286254.0,-233999.0,0,6,46250.0,4.39,,,,,43.3,100.9,완전정배열,중립,False,False,62.5,C,2026-09-08 23:04:12
2174,휴젤,145020,KOSDAQ,0,0,-6898.0,-5538.0,1,7,238000.0,2.44,,,,,67.8,96.5,완전역배열,중립,False,False,22.1,C,2026-09-08 23:04:16
2175,티씨케이,064760,KOSDAQ,0,5,-81.0,50501.0,5,0,264500.0,5.36,,,,,88.9,106.7,상향전환,상단돌파,True,True,66.0,D,2026-09-08 23:04:20
2176,테스,095610,KOSDAQ,1,0,38968.0,-43424.0,0,1,148100.0,5.62,,,,,121.5,101.0,완전정배열,중립,False,False,57.6,D,2026-09-08 23:04:24
2177,티에스이,131290,KOSDAQ,2,1,18663.0,1025.0,0,0,256000.0,5.98,,,,,103.7,98.7,혼합,중립,False,False,85.3,D,2026-09-08 23:04:28
2178,보로노이,310210,KOSDAQ,2,0,15833.0,-24514.0,0,2,149700.0,39.71,,,,,96.0,93.0,완전역배열,하단이탈,False,False,18.8,D,2026-09-08 23:04:32
2179,솔브레인,357780,KOSDAQ,8,0,41120.0,-4961.0,0,1,325500.0,2.17,,,,,104.3,99.2,완전역배열,중립,False,False,38.0,C,2026-09-08 23:04:36
2180,제주반도체,080220,KOSDAQ,5,0,459403.0,-51051.0,0,2,73000.0,5.5,,,,,65.1,93.4,하향전환,중립,False,False,47.5,C,2026-09-08 23:04:39
2181,현대무벡스,319400,KOSDAQ,2,0,34606.0,-42310.0,0,8,21750.0,14.53,,,,,47.3,92.3,완전역배열,중립,False,False,43.2,D,2026-09-08 23:04:43
2182,케어젠,214370,KOSDAQ,10,0,116851.0,-2294.0,0,11,44600.0,9.97,,,,,91.9,84.5,완전역배열,하단이탈,False,False,1.2,D,2026-09-08 23:04:47
2183,하나마이크론,067310,KOSDAQ,2,0,168525.0,-41770.0,0,2,35650.0,4.29,,,,,66.7,98.0,완전역배열,중립,False,False,50.8,C,2026-09-08 23:04:51
2184,디앤디파마텍,347850,KOSDAQ,7,0,413775.0,-65379.0,0,10,49300.0,16.77,,,,,58.8,89.0,완전역배열,하단이탈,False,False,18.4,D,2026-09-08 23:04:55
2185,서진시스템,178320,KOSDAQ,0,0,-139368.0,-50264.0,1,1,35000.0,2.26,,,,,84.3,92.7,완전역배열,중립,False,False,25.2,D,2026-09-08 23:04:59
2186,펄어비스,263750,KOSDAQ,1,4,36609.0,249998.0,0,0,35250.0,2.06,,,,,78.6,102.0,혼합,상단돌파,False,False,12.1,B,2026-09-08 23:05:03
2187,대한광통신,010170,KOSDAQ,0,1,-639187.0,41750.0,1,0,13700.0,19.16,,,,,90.2,99.7,완전역배열,중립,False,False,41.5,D,2026-09-08 23:05:07
2188,메지온,140410,KOSDAQ,2,0,10285.0,0.0,0,0,69000.0,54.08,,,,,77.7,100.5,혼합,중립,False,False,21.4,D,2026-09-08 23:05:11
2189,올릭스,226950,KOSDAQ,6,0,212766.0,-33064.0,0,7,99100.0,9.62,,,,,78.3,92.5,완전역배열,중립,False,False,27.0,D,2026-09-08 23:05:16
2190,동진쎄미켐,005290,KOSDAQ,0,3,-18310.0,141492.0,2,0,40700.0,1.69,,,,,73.5,96.1,완전역배열,중립,False,False,28.8,B,2026-09-08 23:05:20
2191,클래시스,214150,KOSDAQ,0,0,-34965.0,-4675.0,6,2,31350.0,3.72,,,,,41.8,92.2,완전역배열,하단이탈,False,False,0.8,C,2026-09-08 23:05:24
2192,우리기술,032820,KOSDAQ,1,0,376432.0,-317054.0,0,10,11810.0,10.72,,,,,134.3,94.0,완전역배열,중립,False,False,31.0,D,2026-09-08 23:05:28
2193,비에이치아이,083650,KOSDAQ,0,3,-198427.0,199652.0,3,0,65800.0,10.08,,,,,132.9,102.9,혼합,중립,False,False,40.3,D,2026-09-08 23:05:32
2194,에스피지,058610,KOSDAQ,1,0,19213.0,-15331.0,0,2,91300.0,7.39,,,,,86.6,90.9,완전역배열,중립,False,False,47.0,D,2026-09-08 23:05:36
2195,에스티팜,237690,KOSDAQ,1,0,42263.0,-20460.0,0,7,91900.0,3.05,,,,,63.2,93.3,완전역배열,하단이탈,False,False,8.9,D,2026-09-08 23:05:40
2196,에스엠,041510,KOSDAQ,0,2,-42244.0,46862.0,5,0,82700.0,1.83,,,,,127.5,104.4,혼합,상단돌파,False,False,21.1,C,2026-09-08 23:05:44
2197,고영,098460,KOSDAQ,1,0,63383.0,-110830.0,0,1,27150.0,4.96,,,,,90.8,94.9,완전역배열,중립,False,False,42.8,D,2026-09-08 23:05:48
2198,파크시스템스,140860,KOSDAQ,5,0,8749.0,-363.0,0,2,262500.0,5.37,,,,,71.5,96.6,하향전환,중립,False,False,39.5,D,2026-09-08 23:05:52
2199,셀트리온제약,068760,KOSDAQ,0,0,-12452.0,-6698.0,3,2,40000.0,3.94,,,,,76.8,96.2,완전역배열,중립,False,False,7.3,D,2026-09-08 23:05:55
2200,원익홀딩스,030530,KOSDAQ,0,1,-208683.0,84500.0,2,0,22550.0,1.67,,,,,222.8,102.9,혼합,상단돌파,False,False,44.6,D,2026-09-08 23:05:59
2201,테크윙,089030,KOSDAQ,0,0,-86966.0,-32827.0,4,1,46200.0,7.86,,,,,89.7,96.8,완전역배열,중립,False,False,37.2,D,2026-09-08 23:06:03
2202,씨젠,096530,KOSDAQ,1,0,10059.0,-17009.0,0,2,31450.0,1.38,,,,,52.4,99.2,혼합,중립,False,False,69.4,C,2026-09-08 23:06:07
2203,LS마린솔루션,060370,KOSDAQ,1,0,2640.0,-8469.0,0,2,30850.0,2.48,,,,,71.2,95.9,하향전환,중립,False,False,30.7,D,2026-09-08 23:06:12
2204,네이처셀,007390,KOSDAQ,2,0,98446.0,-11314.0,0,2,24600.0,25.18,,,,,67.7,100.1,완전정배열,중립,False,False,39.5,D,2026-09-08 23:06:16
2205,두산테스나,131970,KOSDAQ,2,0,127379.0,-48418.0,0,1,81000.0,3.46,,,,,87.6,98.5,완전역배열,중립,False,False,29.0,D,2026-09-08 23:06:20
2206,코오롱티슈진,950160,KOSDAQ,0,3,-51427.0,17291.0,1,0,17470.0,7.27,,,,,33.7,84.7,완전역배열,하단이탈,False,False,4.4,D,2026-09-08 23:06:24
2207,코미코,183300,KOSDAQ,1,0,32701.0,-39918.0,0,1,27650.0,4.86,,,,,144.0,106.0,혼합,상단돌파,False,False,29.1,D,2026-09-08 23:06:28
2208,JYP Ent.,035900,KOSDAQ,1,0,27931.0,-10736.0,0,2,39550.0,2.02,,,,,63.2,97.0,완전역배열,중립,False,False,3.0,C,2026-09-08 23:06:32
2209,태성,323280,KOSDAQ,0,0,-28707.0,-75047.0,3,8,45500.0,10.53,,,,,86.5,92.5,완전역배열,중립,False,False,31.7,D,2026-09-08 23:06:35
2210,엘앤씨바이오,290650,KOSDAQ,3,1,99737.0,16204.0,0,0,50600.0,4.17,,,,,100.4,96.3,완전역배열,중립,False,False,24.1,D,2026-09-08 23:06:40
2211,코스메카코리아,241710,KOSDAQ,6,0,212696.0,-4345.0,0,6,126100.0,4.92,,,,,54.0,99.3,혼합,중립,False,False,70.2,D,2026-09-08 23:06:44
2212,브이엠,089970,KOSDAQ,0,0,-70278.0,-167166.0,2,4,51100.0,5.23,,,,,124.3,88.4,완전역배열,하단이탈,False,False,36.2,D,2026-09-08 23:06:48
2213,오스코텍,039200,KOSDAQ,0,1,-1559.0,1841.0,2,0,35050.0,6.21,,,,,73.0,97.8,완전역배열,중립,False,False,20.0,C,2026-09-08 23:06:52
2214,대주전자재료,078600,KOSDAQ,0,0,-4194.0,-15316.0,2,5,83100.0,4.52,,,,,70.3,94.7,완전역배열,중립,False,False,19.5,D,2026-09-08 23:06:56
2215,하림지주,003380,KOSDAQ,0,5,-14514.0,380733.0,1,0,11370.0,0.32,,,,,96.8,100.7,혼합,중립,False,False,34.3,B,2026-09-08 23:07:00
2216,RFHIC,218410,KOSDAQ,0,0,-24910.0,-48031.0,5,2,47400.0,3.36,,,,,133.5,97.4,완전역배열,중립,False,False,22.5,D,2026-09-08 23:07:04
2217,비츠로셀,082920,KOSDAQ,0,4,-49397.0,266272.0,4,0,27800.0,3.48,,,,,117.5,93.0,완전역배열,중립,False,False,27.5,C,2026-09-08 23:07:08
2218,기가비스,420770,KOSDAQ,1,0,6394.0,-36291.0,0,5,98500.0,6.02,,,,,84.4,91.1,완전역배열,하단이탈,False,False,40.8,D,2026-09-08 23:07:12
2219,성호전자,043260,KOSDAQ,1,2,75135.0,126206.0,0,0,16320.0,2.83,,,,,91.6,89.4,완전역배열,중립,False,False,26.1,B,2026-09-08 23:07:16
2220,제이에스링크,127120,KOSDAQ,0,2,-2074.0,121516.0,4,0,31700.0,10.64,,,,,138.7,89.9,완전역배열,하단이탈,False,False,49.5,D,2026-09-08 23:07:20
2221,제이앤티씨,204270,KOSDAQ,0,0,-156957.0,-6702.0,10,2,20150.0,5.29,,,,,125.8,101.3,완전정배열,중립,False,False,47.5,D,2026-09-08 23:07:24
2222,코다코,046070,KOSDAQ,0,0,0.0,0.0,0,0,82300.0,22.83,,,,,,100.0,혼합,중립,False,False,100.0,D,2026-09-08 23:07:28
2223,오름테라퓨틱,475830,KOSDAQ,2,0,40456.0,-5987.0,0,7,53000.0,6.65,,,,,73.3,85.3,완전역배열,하단이탈,False,False,23.1,D,2026-09-08 23:07:32
2224,HK이노엔,195940,KOSDAQ,0,0,-17302.0,-12587.0,7,2,40050.0,0.84,,,,,79.9,98.6,완전역배열,중립,False,False,22.1,C,2026-09-08 23:07:36
2225,삼현,437730,KOSDAQ,0,0,-11986.0,-9171.0,2,1,33150.0,8.83,,,,,112.7,92.7,완전역배열,중립,False,False,31.3,D,2026-09-08 23:07:40
2226,스피어,347700,KOSDAQ,1,0,90432.0,-18847.0,0,2,20200.0,6.14,,,,,97.6,84.6,완전역배열,하단이탈,False,False,35.3,D,2026-09-08 23:07:44
2227,하나머티리얼즈,166090,KOSDAQ,0,0,-13556.0,-4634.0,3,1,51400.0,1.62,,,,,74.8,93.2,완전역배열,중립,False,False,42.6,C,2026-09-08 23:07:48
2228,SFA반도체,036540,KOSDAQ,0,1,-235944.0,785272.0,1,0,6040.0,2.06,,,,,110.1,99.6,완전역배열,중립,False,False,33.3,D,2026-09-08 23:07:52
2229,카카오게임즈,293490,KOSDAQ,1,0,4681.0,-2805.0,0,2,8940.0,0.72,,,,,65.4,101.5,혼합,중립,False,False,18.5,D,2026-09-08 23:07:56
2230,와이씨,232140,KOSDAQ,1,0,150377.0,-135031.0,0,3,11490.0,2.44,,,,,128.7,105.7,혼합,중립,False,False,26.9,D,2026-09-08 23:08:00
2231,리브스메드,491000,KOSDAQ,3,0,39729.0,-11529.0,0,3,36050.0,5.5,,,,,103.6,91.7,완전역배열,중립,False,False,9.3,D,2026-09-08 23:08:05
2232,동국제약,086450,KOSDAQ,1,0,77663.0,-80916.0,0,1,19930.0,1.29,,,,,109.3,105.1,상향전환,중립,True,False,24.5,C,2026-09-08 23:08:09
2233,티엘비,356860,KOSDAQ,1,0,268.0,-3495.0,0,3,37150.0,5.47,,,,,83.6,104.9,혼합,중립,False,False,43.7,D,2026-09-08 23:08:13
2234,씨어스,458870,KOSDAQ,0,2,-53520.0,93702.0,2,0,22800.0,12.7,,,,,65.1,97.1,완전역배열,중립,False,False,15.0,D,2026-09-08 23:08:17
2235,에스앤에스텍,101490,KOSDAQ,0,0,-44344.0,-13146.0,1,10,40500.0,2.54,,,,,83.7,95.7,완전역배열,중립,False,False,11.2,C,2026-09-08 23:08:21
2236,성광벤드,014620,KOSDAQ,0,1,-93593.0,120826.0,1,0,32500.0,1.54,,,,,76.3,110.1,혼합,상단돌파,False,False,32.4,D,2026-09-08 23:08:25
2237,큐리언트,115180,KOSDAQ,1,0,25980.0,-58577.0,0,1,22950.0,50.66,,,,,127.0,94.2,완전역배열,중립,False,False,24.1,D,2026-09-08 23:08:29
2238,SFA,056190,KOSDAQ,0,0,-25440.0,-5648.0,1,1,23900.0,0.71,,,,,57.8,99.2,완전역배열,중립,False,False,35.9,C,2026-09-08 23:08:33
2239,솔브레인홀딩스,036830,KOSDAQ,0,0,-6578.0,-976.0,4,2,41500.0,0.45,,,,,82.4,101.4,혼합,중립,False,False,28.6,B,2026-09-08 23:08:37
2240,신성델타테크,065350,KOSDAQ,1,0,92.0,-5383.0,0,2,30450.0,3.12,,,,,62.9,98.3,완전역배열,중립,False,False,13.0,D,2026-09-08 23:08:42
2241,미래에셋벤처투자,100790,KOSDAQ,1,0,126823.0,-5668.0,0,2,15680.0,2.04,,,,,49.8,94.6,완전역배열,중립,False,False,15.1,C,2026-09-08 23:08:46
2242,필옵틱스,161580,KOSDAQ,0,0,-37678.0,-49052.0,3,2,35400.0,7.85,,,,,261.1,103.3,혼합,상단돌파,False,False,35.2,D,2026-09-08 23:08:50
2243,큐리옥스바이오시스템즈,445680,KOSDAQ,0,0,-25104.0,-4461.0,1,2,48100.0,16.89,,,,,53.9,100.4,혼합,중립,False,False,14.0,D,2026-09-08 23:08:54
2244,알지노믹스,476830,KOSDAQ,1,0,18638.0,-31936.0,0,1,28950.0,17.43,,,,,52.4,89.4,완전역배열,중립,False,False,8.7,D,2026-09-08 23:08:58
2245,와이지엔터테인먼트,122870,KOSDAQ,0,0,-14502.0,-9601.0,9,1,43450.0,1.55,,,,,80.3,102.8,혼합,중립,False,False,12.8,D,2026-09-08 23:09:02
2246,인제니아테라퓨틱스(Reg.S),950260,KOSDAQ,0,1,-23866.0,18726.0,1,0,16140.0,46.92,,,,,,,-,중립,False,False,55.7,D,2026-09-08 23:09:06
2247,에스에이엠티,031330,KOSDAQ,4,1,151573.0,8280.0,0,0,7910.0,0.93,,,,,61.8,93.0,완전역배열,중립,False,False,29.5,B,2026-09-08 23:09:10
2248,GST,083450,KOSDAQ,3,0,48297.0,-21679.0,0,2,42750.0,2.38,,,,,96.0,94.5,완전역배열,중립,False,False,45.7,C,2026-09-08 23:09:14
2249,인바디,041830,KOSDAQ,1,0,22586.0,-22140.0,0,2,58400.0,2.27,,,,,61.3,96.3,혼합,중립,False,False,68.2,C,2026-09-08 23:09:18
2250,삼표시멘트,038500,KOSDAQ,2,0,31378.0,-16799.0,0,2,7180.0,0.99,,,,,84.4,94.5,완전역배열,중립,False,False,30.6,D,2026-09-08 23:09:23
2251,쎄트렉아이,099320,KOSDAQ,0,0,-645.0,-1118.0,2,2,70700.0,3.14,,,,,95.0,94.2,완전역배열,중립,False,False,14.0,D,2026-09-08 23:09:27
2252,샘씨엔에스,252990,KOSDAQ,0,0,-68408.0,-86806.0,4,1,12730.0,3.92,,,,,124.8,95.9,혼합,중립,False,False,65.9,D,2026-09-08 23:09:31
2253,덕산네오룩스,213420,KOSDAQ,0,0,-127114.0,-41241.0,1,2,30650.0,1.54,,,,,123.1,96.7,완전역배열,중립,False,False,18.8,C,2026-09-08 23:09:35
2254,다우데이타,032190,KOSDAQ,0,0,-10421.0,-4164.0,1,2,19840.0,0.42,,,,,85.2,100.4,혼합,중립,False,False,25.1,B,2026-09-08 23:09:39
2255,유일로보틱스,388720,KOSDAQ,3,0,20060.0,-4992.0,0,10,64200.0,8.16,,,,,97.3,94.6,완전역배열,중립,False,False,10.3,D,2026-09-08 23:09:44
2256,차바이오텍,085660,KOSDAQ,0,0,-2741.0,-17892.0,2,2,8130.0,1.82,,,,,53.5,94.5,완전역배열,중립,False,False,3.2,D,2026-09-08 23:09:48
2257,휴림로봇,090710,KOSDAQ,1,0,68418.0,-39228.0,0,2,6270.0,5.9,,,,,101.2,92.5,완전역배열,중립,False,False,23.6,D,2026-09-08 23:09:52
2258,넥슨게임즈,225570,KOSDAQ,0,4,-25849.0,171731.0,2,0,11350.0,3.31,,,,,72.5,110.9,완전정배열,상단돌파,False,True,46.2,D,2026-09-08 23:09:56
2259,LS머트리얼즈,417200,KOSDAQ,0,0,-41226.0,-14283.0,1,2,10930.0,4.01,,,,,85.3,94.7,완전역배열,중립,False,False,9.3,D,2026-09-08 23:10:00
2260,지엔씨에너지,119850,KOSDAQ,1,0,134896.0,-88800.0,0,2,44800.0,2.96,,,,,88.7,89.2,혼합,중립,False,False,66.7,C,2026-09-08 23:10:04
2261,CJ ENM,035760,KOSDAQ,0,1,-38934.0,4744.0,6,0,33450.0,0.24,,,,,106.1,98.7,완전역배열,중립,False,False,9.9,D,2026-09-08 23:10:08
2262,하이젠알앤엠,160190,KOSDAQ,0,6,-71976.0,392261.0,3,0,23650.0,6.61,,,,,172.2,101.5,혼합,상단돌파,False,False,15.8,D,2026-09-08 23:10:13
2263,로보스타,090360,KOSDAQ,0,0,-2618.0,-29168.0,2,10,74900.0,8.21,,,,,116.6,93.8,하향전환,중립,False,False,33.0,B,2026-09-08 23:10:17
2264,클로봇,466100,KOSDAQ,0,0,-24086.0,-13179.0,2,1,23550.0,10.42,,,,,66.8,87.4,완전역배열,하단이탈,False,False,9.9,D,2026-09-08 23:10:22
2265,온코닉테라퓨틱스,476060,KOSDAQ,0,0,-1798.0,-1235.0,7,2,16050.0,8.5,,,,,59.1,106.8,혼합,중립,False,False,43.9,D,2026-09-08 23:10:27
2266,아이티센글로벌,124500,KOSDAQ,0,0,-44644.0,-125250.0,2,4,31200.0,4.4,,,,,65.7,102.0,혼합,중립,False,False,28.0,C,2026-09-08 23:10:31
2267,레이크머티리얼즈,281740,KOSDAQ,5,0,138921.0,-34742.0,0,8,11000.0,4.75,,,,,89.7,91.7,완전역배열,중립,False,False,9.2,D,2026-09-08 23:10:35
2268,제룡전기,033100,KOSDAQ,4,0,44819.0,-3969.0,0,2,45000.0,2.92,,,,,59.0,94.7,완전역배열,중립,False,False,21.2,C,2026-09-08 23:10:39
2269,코미팜,041960,KOSDAQ,0,3,-51403.0,2977.0,2,0,9630.0,9.66,,,,,150.9,101.4,완전정배열,중립,False,False,78.0,D,2026-09-08 23:10:43
2270,서부T&D,006730,KOSDAQ,1,0,50047.0,-31789.0,0,2,11040.0,0.66,,,,,84.2,102.8,혼합,중립,False,False,21.6,B,2026-09-08 23:10:47
2271,태웅,044490,KOSDAQ,1,1,50396.0,77353.0,0,0,34850.0,1.13,,,,,209.5,105.7,혼합,중립,False,False,36.0,D,2026-09-08 23:10:51
2272,원익QnC,074600,KOSDAQ,2,0,17474.0,-57609.0,0,1,26450.0,1.3,,,,,73.3,95.4,완전역배열,중립,False,False,33.8,C,2026-09-08 23:10:55
2273,태광,023160,KOSDAQ,0,5,-87549.0,195373.0,10,0,26800.0,0.97,,,,,98.5,108.0,혼합,상단돌파,False,False,23.1,B,2026-09-08 23:10:59
2274,피엔티,137400,KOSDAQ,0,0,-8955.0,-2990.0,1,2,29200.0,1.01,,,,,60.7,96.5,완전역배열,중립,False,False,15.9,B,2026-09-08 23:11:03
2275,씨엠티엑스,388210,KOSDAQ,0,0,-9616.0,-3864.0,2,1,71300.0,3.33,,,,,91.5,96.5,완전역배열,중립,False,False,13.0,C,2026-09-08 23:11:07
2276,선익시스템,171090,KOSDAQ,3,0,23068.0,-2765.0,0,4,67200.0,3.66,,,,,108.1,99.6,완전역배열,중립,False,False,29.1,D,2026-09-08 23:11:11
2277,케이아이엔엑스,093320,KOSDAQ,0,1,-974.0,170.0,1,0,139000.0,3.15,,,,,58.3,95.7,혼합,중립,False,False,70.5,D,2026-09-08 23:11:15
2278,인텔리안테크,189300,KOSDAQ,0,0,-4511.0,-8439.0,2,2,62100.0,2.22,,,,,66.7,93.0,완전역배열,중립,False,False,16.4,C,2026-09-08 23:11:19
2279,피노,033790,KOSDAQ,1,0,232785.0,-685739.0,0,2,7870.0,3.73,,,,,199.5,124.7,상향전환,상단돌파,True,True,28.2,D,2026-09-08 23:11:23
2280,루닛,328130,KOSDAQ,0,0,-49507.0,-20259.0,5,2,8700.0,1.95,,,,,62.5,92.7,완전역배열,중립,False,False,2.2,D,2026-09-08 23:11:27
2281,스튜디오드래곤,253450,KOSDAQ,0,1,-15336.0,13480.0,1,0,21550.0,0.83,,,,,59.3,96.7,완전역배열,중립,False,False,8.1,D,2026-09-08 23:11:31
2282,펌텍코리아,251970,KOSDAQ,3,0,182768.0,-80743.0,0,7,51900.0,2.02,,,,,87.5,96.5,혼합,하단이탈,False,False,52.8,C,2026-09-08 23:11:34
2283,티에프이,425420,KOSDAQ,0,4,-12404.0,169096.0,4,0,51800.0,4.22,,,,,102.1,116.7,상향전환,상단돌파,True,True,52.2,D,2026-09-08 23:11:39
2284,안랩,053800,KOSDAQ,0,0,-10159.0,-1240.0,4,2,56700.0,1.36,,,,,50.8,98.2,완전역배열,중립,False,False,24.4,C,2026-09-08 23:11:43
2285,예스티,122640,KOSDAQ,1,8,38155.0,579089.0,0,0,29000.0,4.21,,,,,97.9,97.3,혼합,중립,False,False,47.9,D,2026-09-08 23:11:47
2286,RF머트리얼즈,327260,KOSDAQ,2,1,210042.0,34523.0,0,0,34500.0,7.18,,,,,99.2,96.9,완전역배열,중립,False,False,52.0,D,2026-09-08 23:11:50
2287,지투지바이오,456160,KOSDAQ,5,0,42836.0,-12237.0,0,1,37250.0,4.67,,,,,58.2,93.5,완전역배열,중립,False,False,14.6,D,2026-09-08 23:11:54
2288,케이엠더블유,032500,KOSDAQ,3,0,56251.0,-8211.0,0,2,14680.0,4.13,,,,,69.2,94.7,완전역배열,중립,False,False,11.2,D,2026-09-08 23:11:58
2289,에이치브이엠,295310,KOSDAQ,0,2,-23682.0,32755.0,3,0,50000.0,4.29,,,,,96.2,96.0,완전역배열,중립,False,False,23.0,D,2026-09-08 23:12:02
2290,이엔에프테크놀로지,102710,KOSDAQ,1,0,16510.0,-25158.0,0,10,42400.0,1.26,,,,,92.4,91.3,완전역배열,중립,False,False,28.7,C,2026-09-08 23:12:06
2291,미코,059090,KOSDAQ,1,0,25473.0,-68756.0,0,1,18090.0,3.1,,,,,60.0,98.0,하향전환,중립,False,False,37.8,D,2026-09-08 23:12:10
2292,현대바이오,048410,KOSDAQ,1,0,51324.0,-38583.0,0,2,6260.0,5.85,,,,,90.0,90.4,완전역배열,중립,False,False,10.0,D,2026-09-08 23:12:14
2293,NHN KCP,060250,KOSDAQ,0,4,-34558.0,69388.0,2,0,14820.0,1.78,,,,,68.4,100.6,혼합,중립,False,False,26.8,C,2026-09-08 23:12:17
2294,동운아나텍,094170,KOSDAQ,1,0,13709.0,-13.0,0,3,28000.0,6.57,,,,,180.5,89.5,완전역배열,하단이탈,False,False,29.2,D,2026-09-08 23:12:22
2295,SFA넥셀,222080,KOSDAQ,0,0,-166.0,-35604.0,1,2,7430.0,1.08,,,,,81.8,96.0,완전역배열,중립,False,False,12.3,C,2026-09-08 23:12:26
2296,가비아,079940,KOSDAQ,3,0,19347.0,-2928.0,0,4,42400.0,3.06,,,,,91.0,96.7,혼합,중립,False,False,76.5,D,2026-09-08 23:12:30
2297,나노신소재,121600,KOSDAQ,0,0,-5521.0,-6976.0,4,2,46250.0,2.09,,,,,79.5,95.9,완전역배열,중립,False,False,21.0,D,2026-09-08 23:12:34
2298,서울반도체,046890,KOSDAQ,3,0,17028.0,-1795.0,0,2,9620.0,0.84,,,,,59.9,98.6,완전역배열,중립,False,False,29.4,D,2026-09-08 23:12:38
2299,스카이랩스,386380,KOSDAQ,1,0,25349.0,-233433.0,0,3,29750.0,,,,,,,,-,중립,False,False,69.2,D,2026-09-08 23:12:41
2300,프로텍,053610,KOSDAQ,0,0,-8066.0,-6971.0,2,1,60700.0,1.37,,,,,99.8,97.4,완전역배열,중립,False,False,45.5,B,2026-09-08 23:12:45
2301,에스티큐브,052020,KOSDAQ,0,0,-33018.0,0.0,6,0,8030.0,9.05,,,,,95.6,96.0,완전역배열,중립,False,False,12.2,D,2026-09-08 23:12:49
2302,지아이이노베이션,358570,KOSDAQ,3,0,269897.0,-35957.0,0,4,8420.0,5.62,,,,,95.1,98.8,완전역배열,중립,False,False,13.4,D,2026-09-08 23:12:53
2303,에프에스티,036810,KOSDAQ,0,0,-5576.0,-4787.0,6,2,25050.0,1.97,,,,,62.6,101.8,혼합,중립,False,False,27.9,D,2026-09-08 23:12:57
2304,세미파이브,490470,KOSDAQ,0,0,-291740.0,-372955.0,2,16,15930.0,2.43,,,,,234.0,94.0,완전역배열,중립,False,False,8.5,D,2026-09-08 23:13:01
2305,인텍플러스,064290,KOSDAQ,0,5,-51886.0,557573.0,4,0,41250.0,11.82,,,,,136.3,110.2,완전정배열,상단돌파,False,True,70.2,D,2026-09-08 23:13:06
2306,코나아이,052400,KOSDAQ,0,0,-10097.0,-2797.0,2,2,36300.0,1.84,,,,,71.6,94.3,완전역배열,중립,False,False,8.5,B,2026-09-08 23:13:10
2307,한양이엔지,045100,KOSDAQ,2,0,15251.0,-6773.0,0,1,30100.0,0.73,,,,,81.1,98.3,완전역배열,중립,False,False,55.5,B,2026-09-08 23:13:14
2308,인카금융서비스,211050,KOSDAQ,0,0,-22679.0,-11697.0,1,2,10600.0,2.16,,,,,114.3,100.6,완전정배열,중립,False,False,27.1,B,2026-09-08 23:13:19
2309,포스코엠텍,009520,KOSDAQ,0,0,-36913.0,-13655.0,1,2,12500.0,4.15,,,,,66.3,101.0,혼합,중립,False,False,28.5,D,2026-09-08 23:13:23
2310,위메이드,112040,KOSDAQ,3,0,38048.0,-5933.0,0,2,15060.0,1.29,,,,,40.6,94.4,완전역배열,중립,False,False,11.2,B,2026-09-08 23:13:26
2311,네패스,033640,KOSDAQ,0,2,-2878.0,38179.0,2,0,22100.0,3.99,,,,,87.0,107.1,혼합,중립,False,False,36.0,D,2026-09-08 23:13:31
2312,와이지-원,019210,KOSDAQ,0,0,-2618.0,-32475.0,3,1,13620.0,1.01,,,,,69.9,90.9,완전역배열,하단이탈,False,False,36.9,B,2026-09-08 23:13:35
2313,메디톡스,086900,KOSDAQ,0,0,-3918.0,-661.0,1,1,69200.0,1.27,,,,,72.7,98.2,완전역배열,중립,False,False,4.8,D,2026-09-08 23:13:39
2314,동성화인텍,033500,KOSDAQ,0,0,-22334.0,-6890.0,3,2,16760.0,1.73,,,,,88.0,97.3,완전역배열,중립,False,False,48.9,B,2026-09-08 23:13:43
2315,서희건설,035890,KOSDAQ,5,0,131061.0,-16025.0,0,1,2415.0,0.36,,,,,116.6,104.9,혼합,상단돌파,False,False,25.7,B,2026-09-08 23:13:47
2316,쏠리드,050890,KOSDAQ,0,0,-88919.0,-18191.0,2,5,8230.0,1.31,,,,,85.3,91.6,완전역배열,하단이탈,False,False,14.4,B,2026-09-08 23:13:52
2317,아난티,025980,KOSDAQ,0,0,-251425.0,-9943.0,2,7,5130.0,0.7,,,,,63.1,108.3,혼합,중립,True,False,27.0,D,2026-09-08 23:13:56
2318,가온칩스,399720,KOSDAQ,1,0,11390.0,-8372.0,0,13,42050.0,6.95,,,,,60.6,93.3,완전역배열,중립,False,False,14.7,D,2026-09-08 23:14:00
2319,월덱스,101160,KOSDAQ,3,1,13863.0,9320.0,0,0,29900.0,1.3,,,,,69.1,102.1,상향전환,중립,False,False,62.6,B,2026-09-08 23:14:04
2320,에이프릴바이오,397030,KOSDAQ,0,0,-16895.0,-2557.0,2,1,17570.0,4.25,,,,,57.4,81.5,완전역배열,하단이탈,False,False,1.6,D,2026-09-08 23:14:08
2321,아이센스,099190,KOSDAQ,1,0,5811.0,-17682.0,0,5,16800.0,1.42,,,,,125.2,93.7,완전역배열,중립,False,False,20.6,D,2026-09-08 23:14:12
2322,로킷헬스케어,376900,KOSDAQ,2,0,28815.0,-15338.0,0,2,27600.0,68.15,,,,,117.3,91.0,완전역배열,중립,False,False,9.7,D,2026-09-08 23:14:17
2323,천보,278280,KOSDAQ,0,0,-3630.0,-1312.0,2,7,39000.0,1.05,,,,,85.3,103.7,혼합,중립,False,False,23.9,D,2026-09-08 23:14:22
2324,네오셈,253590,KOSDAQ,0,0,-13011.0,-21646.0,5,1,10870.0,3.51,,,,,115.8,102.6,혼합,중립,False,False,28.4,D,2026-09-08 23:14:26
2325,삼지전자,037460,KOSDAQ,0,16,-12110.0,218164.0,4,0,29200.0,0.61,,,,,87.8,92.8,완전역배열,하단이탈,False,False,34.1,B,2026-09-08 23:14:31
2326,성우하이텍,015750,KOSDAQ,0,0,-22211.0,-15175.0,1,2,5910.0,0.26,,,,,94.6,98.2,완전역배열,중립,False,False,14.5,B,2026-09-08 23:14:35
2327,현대힘스,460930,KOSDAQ,4,0,107815.0,-57.0,0,3,13270.0,1.79,,,,,54.5,94.4,완전역배열,중립,False,False,12.5,C,2026-09-08 23:14:38
2328,에코프로에이치엔,383310,KOSDAQ,0,0,-10717.0,-469.0,2,1,22450.0,1.52,,,,,81.0,94.4,완전역배열,중립,False,False,9.1,D,2026-09-08 23:14:42
2329,유진로봇,056080,KOSDAQ,0,3,-103394.0,338389.0,2,0,12290.0,11.98,,,,,121.8,95.3,완전역배열,중립,False,False,7.6,D,2026-09-08 23:14:47
2330,한국기업평가,034950,KOSDAQ,0,1,-6.0,2.0,1,0,102900.0,4.01,,,,,90.2,100.9,완전정배열,중립,False,False,46.5,C,2026-09-08 23:14:50
2331,성일하이텍,365340,KOSDAQ,0,0,-2304.0,-802.0,4,2,36000.0,2.94,,,,,77.7,101.5,혼합,중립,False,False,19.8,D,2026-09-08 23:14:55
2332,HLB이노베이션,024850,KOSDAQ,0,9,-125731.0,380105.0,4,0,14590.0,1.92,,,,,181.1,110.4,혼합,중립,False,False,32.9,D,2026-09-08 23:14:59
2333,엔켐,348370,KOSDAQ,0,0,-45790.0,-23283.0,1,2,21050.0,1.06,,,,,48.4,96.6,완전역배열,중립,False,False,7.7,D,2026-09-08 23:15:04
2334,우리기술투자,041190,KOSDAQ,0,0,-377976.0,-135217.0,2,2,5760.0,0.53,,,,,63.7,104.7,상향전환,중립,False,False,21.6,C,2026-09-08 23:15:08
2335,티앤엘,340570,KOSDAQ,1,7,8583.0,77006.0,0,0,28200.0,2.0,,,,,90.8,94.3,혼합,중립,False,False,45.7,B,2026-09-08 23:15:12
2336,젬백스,082270,KOSDAQ,0,0,-17874.0,-12192.0,4,2,10110.0,6.01,,,,,42.2,95.4,완전역배열,중립,False,False,2.2,D,2026-09-08 23:15:16
2337,비나텍,126340,KOSDAQ,1,0,962.0,-2426.0,0,1,62200.0,4.94,,,,,94.9,92.7,완전역배열,중립,False,False,15.1,D,2026-09-08 23:15:20
2338,덕산하이메탈,077360,KOSDAQ,0,0,-150744.0,-37759.0,2,1,9820.0,1.97,,,,,91.0,100.5,혼합,중립,False,False,32.7,D,2026-09-08 23:15:24
2339,원텍,336570,KOSDAQ,4,0,150072.0,-2170.0,0,1,4950.0,2.5,,,,,62.3,98.5,완전역배열,중립,False,False,11.2,C,2026-09-08 23:15:29
2340,SOOP,067160,KOSDAQ,1,0,3699.0,-2019.0,0,2,38150.0,0.88,,,,,57.3,96.6,완전역배열,중립,False,False,2.8,B,2026-09-08 23:15:33
2341,디어유,376300,KOSDAQ,0,0,-1723.0,-2989.0,1,2,18360.0,1.99,,,,,71.3,96.5,완전역배열,중립,False,False,1.9,C,2026-09-08 23:15:37
2342,메카로,241770,KOSDAQ,2,0,41616.0,-3340.0,0,1,42350.0,1.99,,,,,156.8,100.8,완전정배열,상단돌파,False,True,84.4,D,2026-09-08 23:15:41
2343,아이쓰리시스템,214430,KOSDAQ,0,1,-5539.0,2813.0,6,0,58800.0,2.96,,,,,76.0,92.8,완전역배열,중립,False,False,10.8,D,2026-09-08 23:15:45
2344,뉴로메카,348340,KOSDAQ,1,2,9102.0,64466.0,0,0,18230.0,10.41,,,,,100.1,89.0,완전역배열,중립,False,False,5.9,D,2026-09-08 23:15:49
2345,브이티,018290,KOSDAQ,0,0,-43557.0,-24217.0,7,7,12180.0,1.6,,,,,67.9,96.0,완전역배열,중립,False,False,6.7,C,2026-09-08 23:15:54
2346,마키나락스,477850,KOSDAQ,1,0,22970.0,-4199.0,0,1,23250.0,8.03,,,,,54.9,90.7,-,하단이탈,False,False,14.0,D,2026-09-08 23:15:57
2347,오킨스전자,080580,KOSDAQ,3,0,28244.0,-16163.0,0,1,19480.0,5.72,,,,,33.2,106.9,완전정배열,중립,False,False,63.0,D,2026-09-08 23:16:01
2348,빛과전자,069540,KOSDAQ,1,1,3025290.0,158495.0,0,0,3640.0,4.1,,,,,139.9,102.3,혼합,상단돌파,False,False,44.9,D,2026-09-08 23:16:05
2349,앱클론,174900,KOSDAQ,1,0,19171.0,-51865.0,0,1,20450.0,7.92,,,,,70.4,78.9,완전역배열,하단이탈,False,False,12.3,D,2026-09-08 23:16:09
2350,한컴,030520,KOSDAQ,0,0,-35389.0,-8535.0,2,2,16860.0,1.04,,,,,73.1,97.4,완전역배열,중립,False,False,15.8,C,2026-09-08 23:16:13
2351,코스모로보틱스,439960,KOSDAQ,1,0,11367.0,-1779.0,0,1,12340.0,11.48,,,,,71.3,89.4,-,하단이탈,False,False,4.0,D,2026-09-08 23:16:17
2352,원익머트리얼즈,104830,KOSDAQ,1,0,2070.0,-4130.0,0,8,31750.0,0.73,,,,,74.9,94.3,완전역배열,중립,False,False,26.7,B,2026-09-08 23:16:21
2353,하이록코리아,013030,KOSDAQ,0,1,-10467.0,14569.0,1,0,33950.0,0.85,,,,,84.1,102.6,혼합,중립,False,False,31.1,B,2026-09-08 23:16:25
2354,이녹스첨단소재,272290,KOSDAQ,0,0,-973.0,-8137.0,1,10,20000.0,0.89,,,,,109.8,96.6,완전역배열,중립,False,False,11.9,B,2026-09-08 23:16:29
2355,파이버프로,368770,KOSDAQ,1,2,4989.0,584.0,0,0,11990.0,7.81,,,,,53.3,91.8,완전역배열,중립,False,False,27.2,D,2026-09-08 23:16:34
2356,타이거일렉,219130,KOSDAQ,0,0,-503.0,-2595.0,1,18,62300.0,5.97,,,,,104.1,90.1,혼합,중립,False,False,64.7,D,2026-09-08 23:16:38
2357,국일제지,078130,KOSDAQ,0,4,-3296.0,59451.0,6,0,3480.0,3.28,,,,,79.7,99.1,완전역배열,중립,False,False,25.9,D,2026-09-08 23:16:42
2358,아주IB투자,027360,KOSDAQ,0,0,-3179.0,-404.0,2,1,3210.0,1.3,,,,,32.8,90.2,완전역배열,중립,False,False,7.2,B,2026-09-08 23:16:46
2359,뉴파워프라즈마,144960,KOSDAQ,0,1,-126294.0,36784.0,2,0,8890.0,1.09,,,,,59.5,87.8,혼합,하단이탈,False,False,48.8,C,2026-09-08 23:16:50
2360,마이크로컨텍솔,098120,KOSDAQ,9,0,123861.0,-737.0,0,2,46550.0,3.98,,,,,37.9,111.3,완전정배열,상단돌파,False,True,95.5,C,2026-09-08 23:16:54
2361,토모큐브,475960,KOSDAQ,0,0,-24.0,-146.0,1,4,28600.0,10.12,,,,,83.4,88.8,완전역배열,하단이탈,False,False,5.5,D,2026-09-08 23:16:58
2362,카페24,042000,KOSDAQ,0,0,-101.0,-5370.0,1,2,15920.0,1.43,,,,,87.6,95.0,완전역배열,중립,False,False,3.1,C,2026-09-08 23:17:02
2363,한라캐스트,125490,KOSDAQ,0,1,-102494.0,487.0,2,0,10500.0,3.45,,,,,52.8,97.8,완전역배열,중립,False,False,29.3,D,2026-09-08 23:17:06
2364,글로벌텍스프리,204620,KOSDAQ,3,0,107166.0,-218151.0,0,3,5440.0,2.32,,,,,81.0,102.3,완전정배열,중립,False,False,45.3,C,2026-09-08 23:17:10
2365,네오위즈,095660,KOSDAQ,0,0,-686.0,-357.0,5,2,17620.0,0.62,,,,,95.8,97.1,완전역배열,중립,False,False,9.8,B,2026-09-08 23:17:14
2366,노타,486990,KOSDAQ,0,0,-17422.0,-35084.0,2,3,17810.0,20.95,,,,,93.2,93.1,완전역배열,중립,False,False,5.3,D,2026-09-08 23:17:18
2367,다날,064260,KOSDAQ,0,0,-109021.0,-18.0,2,2,4960.0,1.24,,,,,37.9,98.3,완전역배열,중립,False,False,15.1,D,2026-09-08 23:17:22
2368,한중엔시에스,107640,KOSDAQ,0,6,-16888.0,131246.0,8,0,41300.0,3.95,,,,,100.8,106.1,혼합,상단돌파,False,False,36.3,D,2026-09-08 23:17:26
2369,코세스,089890,KOSDAQ,0,0,-2623.0,-6500.0,1,2,22500.0,3.9,,,,,48.6,95.6,완전역배열,중립,False,False,29.7,D,2026-09-08 23:17:29
2370,켐트로닉스,089010,KOSDAQ,0,1,-117201.0,582.0,2,0,22200.0,1.61,,,,,152.1,97.6,완전역배열,중립,False,False,18.2,D,2026-09-08 23:17:34
2371,컴투스,078340,KOSDAQ,2,0,57446.0,-21589.0,0,2,30750.0,0.37,,,,,114.8,98.3,혼합,중립,False,False,42.0,D,2026-09-08 23:17:38
2372,한솔아이원스,114810,KOSDAQ,0,1,-45496.0,49836.0,4,0,13060.0,1.65,,,,,84.0,103.6,혼합,중립,False,False,46.8,C,2026-09-08 23:17:42
2373,LS증권,078020,KOSDAQ,1,2,9663.0,902.0,0,0,6610.0,0.4,,,,,91.6,99.5,완전역배열,중립,False,False,43.0,B,2026-09-08 23:17:47
2374,엘티씨,170920,KOSDAQ,0,2,-53417.0,28648.0,2,0,34600.0,2.44,,,,,82.2,96.3,완전역배열,중립,False,False,46.7,C,2026-09-08 23:17:51
2375,페니트리움바이오,187660,KOSDAQ,0,0,-767029.0,-6131.0,1,1,5710.0,14.42,,,,,159.5,124.4,혼합,상단돌파,False,False,19.3,D,2026-09-08 23:17:55
2376,에이스침대,003800,KOSDAQ,0,0,-343.0,-1.0,4,1,32900.0,0.46,,,,,78.8,99.8,완전역배열,중립,False,False,48.3,B,2026-09-08 23:18:00
2377,메가스터디교육,215200,KOSDAQ,1,1,1679.0,4539.0,0,0,34950.0,0.71,,,,,80.4,97.2,완전역배열,중립,False,False,1.6,B,2026-09-08 23:18:04
2378,보성파워텍,006910,KOSDAQ,0,0,-340101.0,-4618.0,1,1,7370.0,3.03,,,,,83.2,97.8,완전역배열,중립,False,False,25.1,D,2026-09-08 23:18:08
2379,큐로셀,372320,KOSDAQ,1,0,923.0,-1423.0,0,3,23700.0,5.17,,,,,97.8,97.0,완전역배열,중립,False,False,6.7,D,2026-09-08 23:18:12
2380,서울바이오시스,092190,KOSDAQ,1,1,25756.0,67.0,0,0,7740.0,3.53,,,,,70.9,96.7,혼합,중립,False,False,40.2,D,2026-09-08 23:18:16
2381,엑시콘,092870,KOSDAQ,1,0,19725.0,-77978.0,0,1,27000.0,1.72,,,,,138.3,122.3,상향전환,중립,False,False,54.1,C,2026-09-08 23:18:21
2382,동화기업,025900,KOSDAQ,0,0,-11163.0,-4538.0,3,2,6960.0,0.39,,,,,37.8,96.8,완전역배열,중립,False,False,29.0,D,2026-09-08 23:18:24
2383,네오팜,092730,KOSDAQ,2,0,36450.0,-18032.0,0,2,21900.0,1.7,,,,,91.9,96.4,혼합,중립,False,False,60.6,C,2026-09-08 23:18:28
2384,시노펙스,025320,KOSDAQ,0,0,-31622.0,-25947.0,1,2,3800.0,1.96,,,,,38.4,94.0,완전역배열,중립,False,False,15.2,D,2026-09-08 23:18:33
2385,PS일렉트로닉스,332570,KOSDAQ,1,0,59620.0,-6857.0,0,2,7500.0,2.44,,,,,39.8,89.9,하향전환,하단이탈,False,False,31.4,C,2026-09-08 23:18:36
2386,슈프리마,236200,KOSDAQ,0,0,-795.0,-2422.0,1,3,49900.0,1.16,,,,,99.6,93.1,혼합,하단이탈,False,False,56.6,B,2026-09-08 23:18:41
2387,메디포스트,078160,KOSDAQ,0,0,-4715.0,-120.0,1,2,8850.0,1.27,,,,,71.9,95.6,완전역배열,중립,False,False,7.3,D,2026-09-08 23:18:45
2388,감성코퍼레이션,036620,KOSDAQ,1,0,48326.0,-156085.0,0,1,3815.0,2.63,,,,,87.0,95.7,완전역배열,중립,False,False,6.6,B,2026-09-08 23:18:49
2389,골프존홀딩스,121440,KOSDAQ,5,0,101446.0,-2914.0,0,2,8000.0,0.41,,,,,135.9,102.4,완전정배열,중립,False,False,89.9,D,2026-09-08 23:18:53
2390,인벤티지랩,389470,KOSDAQ,3,0,24048.0,-9076.0,0,4,25750.0,4.05,,,,,109.1,90.4,완전역배열,하단이탈,False,False,3.9,D,2026-09-08 23:18:58
2391,파인엠텍,441270,KOSDAQ,0,0,-165838.0,-595008.0,8,2,8070.0,1.67,,,,,259.4,108.2,상향전환,중립,True,False,31.3,D,2026-09-08 23:19:03
2392,에이디테크놀로지,200710,KOSDAQ,1,0,18704.0,-1000.0,0,1,25200.0,1.81,,,,,109.6,90.9,완전역배열,중립,False,False,11.3,D,2026-09-08 23:19:07
2393,웹젠,069080,KOSDAQ,0,0,-13720.0,-6828.0,3,2,10950.0,0.46,,,,,86.3,99.4,완전역배열,중립,False,False,16.7,C,2026-09-08 23:19:12
2394,나이스정보통신,036800,KOSDAQ,1,2,13887.0,49905.0,0,0,7390.0,0.77,,,,,81.3,106.8,완전정배열,중립,False,False,82.7,B,2026-09-08 23:19:16
2395,큐렉소,060280,KOSDAQ,0,0,-2763.0,-9945.0,2,8,8090.0,3.31,,,,,85.2,93.0,완전역배열,중립,False,False,7.2,D,2026-09-08 23:19:20
2396,위메이드맥스,101730,KOSDAQ,0,0,-29035.0,-6640.0,2,2,3970.0,0.75,,,,,14.6,94.1,완전역배열,중립,False,False,24.6,D,2026-09-08 23:19:24
2397,엑스게이트,356680,KOSDAQ,1,5,57927.0,855.0,0,0,11600.0,6.71,,,,,47.0,95.7,완전역배열,중립,False,False,22.5,D,2026-09-08 23:19:29
2398,엔젤로보틱스,455900,KOSDAQ,0,6,-4707.0,88021.0,2,0,21300.0,10.58,,,,,104.2,96.9,완전역배열,중립,False,False,22.1,D,2026-09-08 23:19:33
2399,GRT,900290,KOSDAQ,0,0,-41662.0,-10.0,3,7,3925.0,0.29,,,,,75.3,103.2,완전정배열,중립,False,False,33.6,B,2026-09-08 23:19:38
2400,신라젠,215600,KOSDAQ,0,2,-115582.0,14022.0,13,0,2365.0,3.25,,,,,26.0,99.0,완전역배열,중립,False,False,16.2,D,2026-09-08 23:19:42
2401,헥토파이낸셜,234340,KOSDAQ,0,0,-89577.0,-4650.0,2,1,23400.0,1.8,,,,,122.9,109.1,혼합,중립,False,False,29.9,D,2026-09-08 23:19:46
2402,엠케이전자,033160,KOSDAQ,0,0,-14124.0,-16132.0,2,20,13250.0,0.75,,,,,84.4,92.3,완전역배열,하단이탈,False,False,18.6,C,2026-09-08 23:19:51
2403,유니슨,018000,KOSDAQ,0,0,-335355.0,-2039.0,1,1,1233.0,3.04,,,,,48.9,115.4,상향전환,상단돌파,False,False,49.6,D,2026-09-08 23:19:55
2404,저스템,417840,KOSDAQ,1,0,54755.0,-49517.0,0,2,13890.0,4.47,,,,,110.1,109.1,완전정배열,중립,False,False,56.6,D,2026-09-08 23:19:59
2405,프로티나,468530,KOSDAQ,1,0,10157.0,-258.0,0,3,28600.0,13.91,,,,,45.5,89.6,완전역배열,하단이탈,False,False,13.6,D,2026-09-08 23:20:03
2406,넥스틴,348210,KOSDAQ,3,0,30898.0,-17318.0,0,8,30250.0,2.08,,,,,124.4,92.3,완전역배열,중립,False,False,7.2,D,2026-09-08 23:20:08
2407,더블유씨피,393890,KOSDAQ,0,0,-53625.0,-83706.0,9,1,9300.0,0.35,,,,,88.4,106.0,혼합,중립,False,False,23.9,D,2026-09-08 23:20:12
2408,매커스,093520,KOSDAQ,0,2,-1944.0,2033.0,1,0,26300.0,1.71,,,,,42.2,99.2,혼합,중립,False,False,57.7,C,2026-09-08 23:20:18
2409,유바이오로직스,206650,KOSDAQ,0,9,-32207.0,55227.0,5,0,8500.0,1.7,,,,,67.9,97.6,완전역배열,중립,False,False,14.4,C,2026-09-08 23:20:24
2410,제우스,079370,KOSDAQ,0,5,-19892.0,73366.0,1,0,10050.0,0.95,,,,,105.0,101.2,혼합,중립,False,False,24.1,D,2026-09-08 23:20:30
2411,아스플로,159010,KOSDAQ,0,0,-19779.0,-1575.0,4,3,23300.0,5.12,,,,,138.5,109.1,완전정배열,중립,False,False,85.4,D,2026-09-08 23:20:34
2412,HLB생명과학,067630,KOSDAQ,0,0,-35236.0,-3159.0,2,1,2530.0,1.09,,,,,51.5,93.1,완전역배열,하단이탈,False,False,24.8,D,2026-09-08 23:20:39
2413,툴젠,199800,KOSDAQ,3,2,8044.0,1640.0,0,0,33800.0,6.54,,,,,104.1,94.3,완전역배열,중립,False,False,4.2,D,2026-09-08 23:20:44
2414,이지홀딩스,035810,KOSDAQ,0,0,-19000.0,-3092.0,1,2,4690.0,0.47,,,,,89.8,102.6,혼합,중립,False,False,18.9,C,2026-09-08 23:20:48
2415,한스바이오메드,042520,KOSDAQ,0,6,-13120.0,158583.0,6,0,21200.0,3.86,,,,,80.2,99.4,완전역배열,중립,False,False,28.0,D,2026-09-08 23:20:53
2416,에스티아이,039440,KOSDAQ,0,0,-16715.0,-34.0,2,1,19380.0,1.02,,,,,67.2,93.1,완전역배열,중립,False,False,8.0,C,2026-09-08 23:20:57
2417,한국피아이엠,448900,KOSDAQ,1,1,378.0,14586.0,0,0,49450.0,5.09,,,,,87.3,88.7,완전역배열,중립,False,False,22.8,D,2026-09-08 23:21:02
2418,디케이티,290550,KOSDAQ,0,0,-38693.0,-117739.0,2,2,15000.0,1.28,,,,,102.6,91.9,완전역배열,하단이탈,False,False,29.5,B,2026-09-08 23:21:06
2419,휴메딕스,200670,KOSDAQ,1,0,3670.0,-146.0,0,1,26400.0,0.94,,,,,88.6,98.4,완전역배열,중립,False,False,10.4,B,2026-09-08 23:21:10
2420,디아이티,110990,KOSDAQ,0,5,-1743.0,1802.0,4,0,15650.0,1.13,,,,,59.4,96.5,완전역배열,중립,False,False,24.7,B,2026-09-08 23:21:14
2421,한국정보통신,025770,KOSDAQ,0,3,-1174.0,329.0,1,0,7890.0,0.81,,,,,85.4,99.8,완전역배열,중립,False,False,10.2,B,2026-09-08 23:21:18
2422,한국알콜,017890,KOSDAQ,0,1,-6233.0,1.0,1,0,14250.0,0.5,,,,,35.0,100.7,완전정배열,중립,False,False,72.9,B,2026-09-08 23:21:22
2423,리파인,377450,KOSDAQ,0,16,-8795.0,1647746.0,1,0,16940.0,1.28,,,,,79.5,105.6,완전정배열,중립,False,False,87.6,D,2026-09-08 23:21:26
2424,휴온스글로벌,084110,KOSDAQ,0,1,-10660.0,40.0,9,0,23100.0,0.51,,,,,96.7,96.0,완전역배열,중립,False,False,5.3,C,2026-09-08 23:21:30
2425,인화정공,101930,KOSDAQ,0,0,-4114.0,0.0,1,0,6390.0,0.82,,,,,49.3,91.7,완전역배열,중립,False,False,7.9,C,2026-09-08 23:21:33
2426,인탑스,049070,KOSDAQ,1,5,21188.0,7091.0,0,0,18540.0,0.42,,,,,202.9,99.0,하향전환,중립,False,False,46.4,B,2026-09-08 23:21:37
2427,티로보틱스,117730,KOSDAQ,1,0,3669.0,-103.0,0,2,12890.0,4.6,,,,,90.0,95.5,완전역배열,중립,False,False,14.6,D,2026-09-08 23:21:41
2428,펨트론,168360,KOSDAQ,0,0,-3655.0,-746.0,2,2,12890.0,5.5,,,,,76.8,97.6,완전역배열,중립,False,False,16.2,B,2026-09-08 23:21:45
2429,네패스아크,330860,KOSDAQ,2,0,57188.0,-62144.0,0,7,23650.0,1.6,,,,,93.1,90.8,완전역배열,하단이탈,False,False,19.0,C,2026-09-08 23:21:49
2430,쿠콘,294570,KOSDAQ,0,0,-17387.0,-2156.0,2,2,28450.0,1.52,,,,,94.4,112.5,완전정배열,상단돌파,False,True,44.9,C,2026-09-08 23:21:53
2431,한라IMS,092460,KOSDAQ,0,0,-3517.0,-960.0,2,2,16730.0,1.4,,,,,81.5,95.9,하향전환,중립,False,False,47.2,C,2026-09-08 23:21:57
2432,한양디지텍,078350,KOSDAQ,0,1,-8114.0,1323.0,2,0,18750.0,1.41,,,,,75.0,89.0,완전역배열,하단이탈,False,False,28.1,B,2026-09-08 23:22:02
2433,씨앤씨인터내셔널,352480,KOSDAQ,0,15,-5018.0,71128.0,7,0,20900.0,0.8,,,,,58.3,98.1,완전역배열,중립,False,False,14.8,D,2026-09-08 23:22:06
2434,제이브이엠,054950,KOSDAQ,0,0,-46.0,-79.0,1,3,23400.0,1.1,,,,,77.4,98.0,혼합,중립,False,False,23.8,B,2026-09-08 23:22:10
2435,진성티이씨,036890,KOSDAQ,12,0,248573.0,-40349.0,0,2,12830.0,0.73,,,,,98.2,98.3,완전역배열,중립,False,False,16.4,B,2026-09-08 23:22:14
2436,하림,136480,KOSDAQ,1,0,7291.0,-104.0,0,3,2655.0,0.85,,,,,78.8,99.2,완전역배열,중립,False,False,10.3,C,2026-09-08 23:22:18
2437,AP시스템,265520,KOSDAQ,0,0,-5733.0,-5890.0,5,3,18680.0,0.74,,,,,80.6,96.3,완전역배열,중립,False,False,19.9,B,2026-09-08 23:22:22
2438,한텍,098070,KOSDAQ,0,0,-74421.0,-1890.0,1,2,25250.0,1.61,,,,,145.6,96.1,완전역배열,중립,False,False,10.7,B,2026-09-08 23:22:26
2439,KG이니시스,035600,KOSDAQ,2,2,17303.0,652.0,0,0,10180.0,0.51,,,,,87.9,100.9,완전정배열,중립,False,False,37.5,B,2026-09-08 23:22:30
2440,폰드그룹,472850,KOSDAQ,0,0,-3405.0,0.0,5,0,4865.0,1.17,,,,,43.5,97.3,혼합,중립,False,False,19.1,B,2026-09-08 23:22:35
2441,CJ프레시웨이,051500,KOSDAQ,3,0,5306.0,-1208.0,0,1,23450.0,0.64,,,,,83.4,98.3,완전역배열,중립,False,False,22.0,B,2026-09-08 23:22:39
2442,에코아이,448280,KOSDAQ,0,0,-1277.0,-43.0,1,2,9380.0,2.21,,,,,42.0,105.5,혼합,중립,False,False,35.9,D,2026-09-08 23:22:43
2443,덕산테코피아,317330,KOSDAQ,0,4,-52197.0,59467.0,3,0,13570.0,2.79,,,,,172.6,107.6,혼합,상단돌파,False,False,22.7,D,2026-09-08 23:22:47
2444,비츠로넥스텍,488900,KOSDAQ,1,0,5156.0,-154.0,0,1,9530.0,5.16,,,,,32.1,93.3,완전역배열,중립,False,False,12.2,D,2026-09-08 23:22:51
2445,삼양컴텍,484590,KOSDAQ,4,0,66901.0,-25694.0,0,5,6700.0,1.65,,,,,93.8,101.8,혼합,중립,False,False,11.1,C,2026-09-08 23:22:54
2446,LB세미콘,061970,KOSDAQ,0,2,-57960.0,56136.0,3,0,3930.0,0.87,,,,,62.6,87.9,완전역배열,하단이탈,False,False,26.6,D,2026-09-08 23:22:58
2447,상신이디피,091580,KOSDAQ,0,0,-105256.0,-4577.0,1,2,20550.0,1.53,,,,,66.2,105.1,완전정배열,중립,False,False,50.2,C,2026-09-08 23:23:02
2448,에이팩트,200470,KOSDAQ,5,1,517083.0,21467.0,0,0,6220.0,3.23,,,,,78.0,102.4,혼합,중립,False,False,34.6,D,2026-09-08 23:23:06
2449,파트론,091700,KOSDAQ,3,0,30043.0,-420.0,0,3,5440.0,0.51,,,,,88.0,97.2,완전역배열,중립,False,False,13.0,B,2026-09-08 23:23:11
2450,유니셈,036200,KOSDAQ,1,0,39387.0,-20413.0,0,1,8860.0,1.03,,,,,74.1,98.6,완전역배열,중립,False,False,34.1,C,2026-09-08 23:23:15
2451,에스바이오메딕스,304360,KOSDAQ,0,0,-8699.0,-3680.0,1,5,21900.0,9.39,,,,,159.5,101.9,혼합,상단돌파,False,False,27.8,D,2026-09-08 23:23:19
2452,아이티켐,309710,KOSDAQ,0,0,0.0,0.0,0,0,21000.0,4.38,,,,,,100.0,혼합,중립,False,False,38.0,D,2026-09-08 23:23:23
2453,바이오니아,064550,KOSDAQ,0,0,-36911.0,-1864.0,3,2,10370.0,1.31,,,,,137.1,116.1,완전정배열,상단돌파,False,True,48.2,D,2026-09-08 23:23:27
2454,바텍,043150,KOSDAQ,0,0,-6496.0,-1429.0,5,2,17980.0,0.5,,,,,50.6,94.8,완전역배열,중립,False,False,17.2,B,2026-09-08 23:23:31
2455,삼양엔씨켐,482630,KOSDAQ,0,0,-21420.0,-1715.0,6,2,12150.0,2.01,,,,,73.3,92.5,완전역배열,하단이탈,False,False,26.7,C,2026-09-08 23:23:35
2456,엔케이젠바이오텍코리아,182400,KOSDAQ,0,0,0.0,0.0,0,0,3670.0,40.33,,,,,,100.0,혼합,중립,False,False,100.0,D,2026-09-08 23:23:39
2457,HEM파마,376270,KOSDAQ,0,0,-439.0,-9264.0,2,3,36700.0,18.26,,,,,78.3,93.9,완전역배열,중립,False,False,22.8,D,2026-09-08 23:23:43
2458,스맥,099440,KOSDAQ,2,1,12909.0,85.0,0,0,3880.0,2.69,,,,,57.2,96.5,하향전환,중립,False,False,24.7,D,2026-09-08 23:23:47
2459,인투셀,287840,KOSDAQ,1,0,21183.0,-2445.0,0,11,17520.0,13.38,,,,,91.7,90.7,완전역배열,하단이탈,False,False,7.2,D,2026-09-08 23:23:51
2460,이뮨온시아,424870,KOSDAQ,3,0,28147.0,0.0,0,0,2880.0,2.62,,,,,74.8,94.5,완전역배열,중립,False,False,4.4,D,2026-09-08 23:23:55
2461,KG에코솔루션,151860,KOSDAQ,0,0,-2540.0,-392.0,1,2,5520.0,0.15,,,,,76.0,98.8,완전역배열,중립,False,False,27.1,B,2026-09-08 23:23:59
2462,사피엔반도체,452430,KOSDAQ,0,0,-6465.0,-3756.0,4,1,31650.0,18.72,,,,,189.6,110.8,혼합,상단돌파,False,False,34.2,D,2026-09-08 23:24:03
2463,오이솔루션,138080,KOSDAQ,0,0,-24349.0,-173.0,2,2,21100.0,3.21,,,,,65.0,91.9,완전역배열,중립,False,False,24.6,D,2026-09-08 23:24:06
2464,매일유업,267980,KOSDAQ,0,0,-79.0,0.0,2,0,34050.0,0.38,,,,,55.4,99.4,완전역배열,중립,True,False,28.0,B,2026-09-08 23:24:10
2465,마녀공장,439090,KOSDAQ,0,0,-16831.0,-7842.0,2,1,15890.0,2.08,,,,,18.8,92.5,혼합,중립,False,False,47.4,C,2026-09-08 23:24:15
2466,KH바텍,060720,KOSDAQ,1,3,11136.0,13015.0,0,0,10990.0,0.86,,,,,107.2,99.5,완전역배열,중립,False,False,23.4,C,2026-09-08 23:24:18
2467,지노믹트리,228760,KOSDAQ,0,1,-14685.0,22.0,3,0,10430.0,2.1,,,,,118.5,88.5,완전역배열,하단이탈,False,False,1.8,D,2026-09-08 23:24:22
2468,필에너지,378340,KOSDAQ,0,6,-4939.0,35.0,2,0,11950.0,2.16,,,,,124.1,105.4,혼합,중립,False,False,29.8,D,2026-09-08 23:24:26
2469,비덴트,121800,KOSDAQ,0,0,0.0,0.0,0,0,3320.0,0.43,,,,,,100.0,혼합,중립,False,False,50.0,D,2026-09-08 23:24:30
2470,큐에이드,377460,KOSDAQ,0,0,0.0,0.0,0,0,4080.0,4.76,,,,,,100.0,혼합,중립,False,False,50.0,D,2026-09-08 23:24:34
2471,아이스크림미디어,461300,KOSDAQ,1,14,6731.0,70048.0,0,0,18960.0,1.01,,,,,81.3,103.2,완전정배열,중립,False,False,36.0,B,2026-09-08 23:24:38
2472,휴온스,243070,KOSDAQ,0,0,-476.0,-773.0,2,2,21100.0,0.67,,,,,66.1,88.7,완전역배열,하단이탈,False,False,1.4,C,2026-09-08 23:24:42
2473,넥스트바이오메디컬,389650,KOSDAQ,2,0,5676.0,-4919.0,0,3,30450.0,5.13,,,,,74.9,92.4,완전역배열,하단이탈,False,False,0.6,B,2026-09-08 23:24:46
2474,유진기업,023410,KOSDAQ,0,0,-33254.0,-4708.0,1,1,3260.0,0.24,,,,,97.6,96.9,완전역배열,중립,False,False,13.8,D,2026-09-08 23:24:50
2475,세보엠이씨,011560,KOSDAQ,1,1,46377.0,381.0,0,0,24800.0,0.83,,,,,80.5,104.2,완전정배열,중립,False,False,74.1,B,2026-09-08 23:24:54
2476,에스비비테크,389500,KOSDAQ,0,0,-16113.0,-175.0,2,2,37000.0,12.2,,,,,93.9,97.2,완전역배열,중립,False,False,17.9,D,2026-09-08 23:24:58
2477,셀바스AI,108860,KOSDAQ,1,0,17095.0,-479.0,0,3,9110.0,2.23,,,,,54.0,95.9,완전역배열,중립,False,False,26.2,D,2026-09-08 23:25:02
2478,제테마,216080,KOSDAQ,0,0,-11419.0,-1823.0,3,1,6550.0,3.11,,,,,171.6,125.9,상향전환,상단돌파,True,True,36.8,D,2026-09-08 23:25:06
2479,대아티아이,045390,KOSDAQ,0,2,-82166.0,2498.0,1,0,3465.0,1.54,,,,,105.3,115.9,상향전환,중립,True,False,45.5,C,2026-09-08 23:25:11
2480,싸이맥스,160980,KOSDAQ,7,0,171977.0,-52639.0,0,9,22300.0,1.2,,,,,84.4,86.2,완전역배열,하단이탈,False,False,29.0,C,2026-09-08 23:25:14
2481,알멕,354320,KOSDAQ,1,0,17241.0,-12109.0,0,1,37800.0,1.54,,,,,214.4,102.1,혼합,상단돌파,False,False,22.2,D,2026-09-08 23:25:18
2482,뷰웍스,100120,KOSDAQ,0,2,-501.0,103.0,2,0,26700.0,0.88,,,,,40.0,97.5,혼합,중립,False,False,51.5,B,2026-09-08 23:25:23
2483,에이유브랜즈,481070,KOSDAQ,0,0,-3432.0,-2251.0,4,2,16570.0,3.03,,,,,35.2,95.0,혼합,하단이탈,False,False,33.5,D,2026-09-08 23:25:27
2484,서호전기,065710,KOSDAQ,3,1,6196.0,166.0,0,0,46100.0,2.2,,,,,74.7,101.5,완전정배열,중립,False,False,44.1,C,2026-09-08 23:25:30
2485,강원에너지,114190,KOSDAQ,0,0,-24216.0,-344.0,1,4,9040.0,7.27,,,,,79.3,97.0,완전역배열,중립,False,False,21.1,D,2026-09-08 23:25:35
2486,상아프론테크,089980,KOSDAQ,0,0,-352.0,-990.0,2,5,14750.0,1.1,,,,,57.6,100.3,혼합,중립,False,False,21.3,D,2026-09-08 23:25:39
2487,디지털대성,068930,KOSDAQ,0,5,-2850.0,22261.0,6,0,8510.0,1.44,,,,,57.9,102.8,완전정배열,중립,False,False,72.3,B,2026-09-08 23:25:43
2488,케이프,064820,KOSDAQ,4,0,42295.0,-5.0,0,2,7620.0,0.76,,,,,74.2,94.5,완전역배열,중립,False,False,7.0,B,2026-09-08 23:25:47
2489,아스트,067390,KOSDAQ,2,1,5318.0,2054.0,0,0,5580.0,0.73,,,,,213.2,103.4,혼합,상단돌파,False,False,24.8,D,2026-09-08 23:25:51
2490,콜마비앤에이치,200130,KOSDAQ,1,0,19767.0,-122170.0,0,6,8160.0,0.61,,,,,94.0,92.5,완전역배열,하단이탈,False,False,6.1,D,2026-09-08 23:25:55
2491,유니테스트,086390,KOSDAQ,0,0,-25144.0,-1223.0,3,2,11040.0,2.15,,,,,113.8,106.4,혼합,중립,False,False,28.4,D,2026-09-08 23:25:59
2492,대명에너지,389260,KOSDAQ,0,0,-46870.0,-2394.0,1,2,13020.0,1.25,,,,,55.2,95.2,완전역배열,중립,False,False,14.3,B,2026-09-08 23:26:03
2493,피에이치에이,043370,KOSDAQ,0,1,-7494.0,1400.0,1,0,11030.0,0.24,,,,,137.6,100.0,완전역배열,중립,False,False,22.1,B,2026-09-08 23:26:07
2494,삼미금속,012210,KOSDAQ,0,1,-9662.0,1204.0,1,0,10030.0,2.2,,,,,299.1,109.0,혼합,상단돌파,False,False,48.1,D,2026-09-08 23:26:10
2495,케이티알파,036030,KOSDAQ,0,0,-1736.0,-432.0,10,3,4710.0,0.74,,,,,70.9,99.7,하향전환,중립,False,False,26.1,B,2026-09-08 23:26:15
2496,HLB제약,047920,KOSDAQ,0,0,-79494.0,-184969.0,1,4,7030.0,1.76,,,,,142.8,95.2,완전역배열,하단이탈,False,False,10.0,D,2026-09-08 23:26:19
2497,슈어소프트테크,298830,KOSDAQ,0,2,-14941.0,2.0,2,0,4310.0,2.08,,,,,88.4,99.8,완전역배열,중립,False,False,16.6,D,2026-09-08 23:26:23
2498,DXVX,180400,KOSDAQ,0,0,-1526.0,0.0,10,0,2330.0,2.78,,,,,76.0,91.6,완전역배열,중립,False,False,25.0,D,2026-09-08 23:26:27
2499,아이엠바이오로직스,493280,KOSDAQ,3,1,29975.0,22590.0,0,0,15400.0,1.81,,,,,95.2,90.7,-,중립,False,False,2.4,D,2026-09-08 23:26:31
2500,아리바이오홀딩스,290690,KOSDAQ,0,0,-47227.0,0.0,1,0,4295.0,1.99,,,,,108.7,100.0,완전역배열,중립,False,False,35.7,C,2026-09-08 23:26:35
2501,지씨셀,144510,KOSDAQ,0,0,-9953.0,-65.0,1,1,14390.0,1.17,,,,,112.9,102.9,혼합,중립,False,False,16.5,D,2026-09-08 23:26:39
2502,KBI메탈,024840,KOSDAQ,0,0,-30766.0,0.0,1,0,5230.0,1.32,,,,,26.5,95.6,혼합,중립,False,False,44.5,C,2026-09-08 23:26:43
2503,갤럭시아머니트리,094480,KOSDAQ,0,1,-65276.0,153.0,2,0,5770.0,1.82,,,,,60.8,101.7,혼합,중립,False,False,20.9,D,2026-09-08 23:26:48
2504,골프존,215000,KOSDAQ,0,4,-1689.0,3498.0,3,0,36000.0,0.49,,,,,82.5,101.3,혼합,중립,False,False,6.3,C,2026-09-08 23:26:52
2505,에이직랜드,445090,KOSDAQ,3,0,11793.0,0.0,0,0,20650.0,2.64,,,,,36.7,96.0,완전역배열,중립,False,False,32.3,D,2026-09-08 23:26:57
2506,더즌,462860,KOSDAQ,0,0,-35175.0,0.0,3,0,3130.0,2.96,,,,,65.8,122.3,상향전환,상단돌파,False,False,39.1,C,2026-09-08 23:27:00
2507,칩스앤미디어,094360,KOSDAQ,0,0,-4701.0,-884.0,2,2,10450.0,2.49,,,,,145.9,99.3,완전역배열,중립,False,False,20.2,D,2026-09-08 23:27:05
2508,우리로,046970,KOSDAQ,1,2,43561.0,667.0,0,0,5060.0,5.24,,,,,96.7,102.8,혼합,중립,False,False,31.2,D,2026-09-08 23:27:09
2509,한국캐피탈,023760,KOSDAQ,0,2,-17510.0,2483.0,6,0,1402.0,0.28,,,,,100.0,102.8,혼합,중립,False,False,13.9,B,2026-09-08 23:27:13
2510,바이넥스,053030,KOSDAQ,0,0,-8287.0,-261.0,1,1,6760.0,1.34,,,,,47.0,96.9,완전역배열,중립,False,False,9.2,D,2026-09-08 23:27:18
2511,비츠로테크,042370,KOSDAQ,0,0,-15832.0,0.0,2,0,8420.0,0.85,,,,,117.5,95.6,완전역배열,중립,False,False,11.0,D,2026-09-08 23:27:21
2512,제닉,123330,KOSDAQ,0,0,-6521.0,-47228.0,1,3,27650.0,3.88,,,,,108.7,99.4,혼합,하단이탈,False,False,51.8,B,2026-09-08 23:27:26
2513,베뉴지,019010,KOSDAQ,0,1,-13044.0,7414.0,4,0,4550.0,0.28,,,,,21.3,100.2,혼합,중립,False,False,45.3,B,2026-09-08 23:27:29
2514,신성에스티,416180,KOSDAQ,0,0,-2153.0,-248.0,4,1,24250.0,2.0,,,,,79.0,104.4,혼합,중립,False,False,27.4,D,2026-09-08 23:27:33
2515,신흥에스이씨,243840,KOSDAQ,0,1,-53741.0,12396.0,11,0,5680.0,0.7,,,,,73.9,103.4,혼합,중립,False,False,25.4,C,2026-09-08 23:27:37
2516,도우인시스,484120,KOSDAQ,0,0,-3425.0,-11670.0,3,2,19980.0,1.18,,,,,198.2,103.4,완전정배열,중립,True,False,33.6,B,2026-09-08 23:27:41
2517,미래반도체,254490,KOSDAQ,0,1,-1509.0,1.0,2,0,15150.0,1.44,,,,,43.5,95.0,완전역배열,중립,False,False,12.4,B,2026-09-08 23:27:45
2518,JW신약,067290,KOSDAQ,2,0,230093.0,-9295.0,0,2,3890.0,5.34,,,,,267.7,137.6,완전정배열,상단돌파,False,True,85.6,D,2026-09-08 23:27:49
2519,오픈엣지테크놀로지,394280,KOSDAQ,3,0,39005.0,-1329.0,0,1,8270.0,9.24,,,,,91.2,91.6,완전역배열,하단이탈,False,False,4.4,D,2026-09-08 23:27:53
2520,아이씨티케이,456010,KOSDAQ,0,3,-1521.0,1388.0,2,0,14900.0,4.61,,,,,56.7,90.7,완전역배열,하단이탈,False,False,13.5,D,2026-09-08 23:27:57
2521,큐라클,365270,KOSDAQ,0,0,-8458.0,-9163.0,2,8,9750.0,4.63,,,,,81.5,91.1,완전역배열,하단이탈,False,False,35.9,D,2026-09-08 23:28:01
2522,LIG아큐버,073490,KOSDAQ,0,1,-8586.0,635.0,2,0,28400.0,1.25,,,,,67.4,95.3,완전역배열,중립,False,False,22.9,D,2026-09-08 23:28:05
2523,나무가,190510,KOSDAQ,0,4,-54804.0,14733.0,2,0,15300.0,1.24,,,,,327.7,104.1,혼합,상단돌파,False,False,24.2,C,2026-09-08 23:28:09
2524,DSC인베스트먼트,241520,KOSDAQ,3,0,31199.0,-188.0,0,1,8090.0,1.52,,,,,78.7,97.1,완전역배열,중립,False,False,14.5,B,2026-09-08 23:28:13
2525,클리오,237880,KOSDAQ,0,0,-2167.0,-5096.0,2,1,11900.0,0.8,,,,,31.7,96.8,혼합,중립,False,False,47.5,B,2026-09-08 23:28:17
2526,JTC,950170,KOSDAQ,7,0,26750.0,-885.0,0,1,4390.0,1.36,,,,,89.9,101.9,혼합,중립,False,False,25.4,D,2026-09-08 23:28:21
2527,티씨머티리얼즈,125020,KOSDAQ,0,0,-201172.0,-81286.0,8,1,6110.0,2.51,,,,,115.6,104.7,상향전환,중립,True,False,42.0,D,2026-09-08 23:28:25
2528,대원산업,005710,KOSDAQ,8,0,19436.0,-989.0,0,3,10670.0,0.34,,,,,72.3,97.0,완전역배열,중립,False,False,12.3,B,2026-09-08 23:28:28
2529,바디텍메드,206640,KOSDAQ,0,0,-2638.0,-13.0,5,1,9730.0,0.85,,,,,104.2,94.3,완전역배열,중립,False,False,2.8,B,2026-09-08 23:28:32
2530,바이오다인,314930,KOSDAQ,3,0,15109.0,-34.0,0,1,7150.0,4.79,,,,,100.1,94.3,완전역배열,중립,False,False,5.4,D,2026-09-08 23:28:36
2531,메가터치,446540,KOSDAQ,1,0,9999.0,-11552.0,0,1,7310.0,2.47,,,,,77.6,95.7,혼합,중립,False,False,52.5,D,2026-09-08 23:28:40
2532,인피니트헬스케어,071200,KOSDAQ,0,0,-14799.0,0.0,2,0,8700.0,0.94,,,,,57.1,96.0,혼합,하단이탈,False,False,60.2,B,2026-09-08 23:28:44
2533,우주일렉트로,065680,KOSDAQ,3,0,9999.0,0.0,0,0,22950.0,0.67,,,,,84.9,98.2,완전역배열,중립,False,False,12.6,B,2026-09-08 23:28:48
2534,미래나노텍,095500,KOSDAQ,0,1,-17328.0,1188.0,2,0,6720.0,0.64,,,,,67.6,96.5,완전역배열,중립,False,False,16.8,D,2026-09-08 23:28:52
2535,코텍,052330,KOSDAQ,0,0,-7396.0,-4.0,5,2,11730.0,0.39,,,,,63.2,98.9,혼합,중립,False,False,54.4,B,2026-09-08 23:28:55
2536,금화피에스시,036190,KOSDAQ,0,6,-615.0,3597.0,1,0,34700.0,0.52,,,,,53.9,100.1,혼합,중립,False,False,44.9,B,2026-09-08 23:28:59
2537,오리엔탈정공,014940,KOSDAQ,0,1,-1532.0,71.0,2,0,4545.0,1.49,,,,,74.9,96.5,완전역배열,중립,False,False,10.7,B,2026-09-08 23:29:03
2538,티엑스알로보틱스,484810,KOSDAQ,0,0,-12163.0,-109.0,2,1,13400.0,3.94,,,,,139.3,90.3,하향전환,하단이탈,False,False,30.9,D,2026-09-08 23:29:07
2539,드림시큐리티,203650,KOSDAQ,3,0,333139.0,0.0,0,0,2035.0,1.54,,,,,59.0,97.3,완전역배열,중립,False,False,18.6,C,2026-09-08 23:29:11
2540,옵티코어,380540,KOSDAQ,0,0,0.0,0.0,0,0,8450.0,18.74,,,,,,100.0,혼합,중립,True,False,76.1,D,2026-09-08 23:29:15
2541,심텍홀딩스,036710,KOSDAQ,0,0,-15963.0,-20123.0,1,7,3910.0,6.21,,,,,88.2,97.5,혼합,중립,False,False,48.5,D,2026-09-08 23:29:19
2542,지투파워,388050,KOSDAQ,1,0,191010.0,-24310.0,0,1,11040.0,4.89,,,,,112.9,104.1,혼합,상단돌파,False,False,43.4,D,2026-09-08 23:29:23
2543,강스템바이오텍,217730,KOSDAQ,3,1,70653.0,600.0,0,0,2195.0,3.65,,,,,76.7,91.8,완전역배열,하단이탈,False,False,30.9,D,2026-09-08 23:29:28
2544,아이엘,307180,KOSDAQ,0,0,-51221.0,-3008.0,2,1,5580.0,4.84,,,,,68.0,102.1,혼합,중립,False,False,39.8,D,2026-09-08 23:29:32
2545,세나테크놀로지,061090,KOSDAQ,0,0,-4558.0,-151.0,2,1,37650.0,1.05,,,,,76.8,92.1,하향전환,하단이탈,False,False,7.1,B,2026-09-08 23:29:37
2546,씨메스로보틱스,475400,KOSDAQ,0,0,-2466.0,-3297.0,1,5,17430.0,4.04,,,,,72.2,92.6,완전역배열,중립,False,False,12.0,D,2026-09-08 23:29:41
2547,바이오플러스,099430,KOSDAQ,0,0,-27016.0,-300.0,1,1,3335.0,1.15,,,,,56.0,96.1,완전역배열,중립,False,False,6.3,C,2026-09-08 23:29:44
2548,케이엔알시스템,199430,KOSDAQ,1,0,1303.0,-960.0,0,1,18300.0,8.59,,,,,127.8,114.3,상향전환,상단돌파,True,True,26.6,D,2026-09-08 23:29:48
2549,오르비텍,046120,KOSDAQ,0,0,-318716.0,-28091.0,1,1,6050.0,1.93,,,,,267.2,100.4,혼합,상단돌파,False,False,21.3,C,2026-09-08 23:29:52
2550,대화제약,067080,KOSDAQ,0,0,-1255.0,-300.0,2,6,10980.0,2.48,,,,,127.6,101.3,혼합,중립,False,False,20.2,D,2026-09-08 23:29:56
2551,에프앤가이드,064850,KOSDAQ,0,6,-15998.0,48432.0,2,0,17720.0,2.63,,,,,93.4,97.4,완전역배열,중립,False,False,33.7,C,2026-09-08 23:30:00
2552,이노스페이스,462350,KOSDAQ,1,6,36083.0,7596.0,0,0,5940.0,2.01,,,,,51.0,86.8,완전역배열,하단이탈,False,False,7.1,D,2026-09-08 23:30:04
2553,삼목에스폼,018310,KOSDAQ,0,0,-1813.0,-442.0,9,1,13680.0,0.3,,,,,47.7,98.9,완전역배열,중립,False,False,10.2,D,2026-09-08 23:30:08
2554,이지바이오,353810,KOSDAQ,0,0,-25785.0,-17067.0,7,1,6060.0,1.58,,,,,87.4,98.2,완전역배열,중립,False,False,22.4,B,2026-09-08 23:30:11
2555,그래피,318060,KOSDAQ,0,1,-2841.0,691.0,2,0,17900.0,13.25,,,,,51.2,94.1,완전역배열,중립,False,False,15.9,D,2026-09-08 23:30:16
2556,솔트룩스,304100,KOSDAQ,4,0,62007.0,-48.0,0,2,15820.0,3.18,,,,,49.1,95.4,완전역배열,중립,False,False,20.6,D,2026-09-08 23:30:20
2557,케이엔제이,272110,KOSDAQ,0,5,-9113.0,25561.0,6,0,24800.0,1.87,,,,,76.5,95.4,완전역배열,중립,False,False,32.4,B,2026-09-08 23:30:24
2558,아모텍,052710,KOSDAQ,0,0,-46916.0,-2303.0,2,1,10620.0,1.17,,,,,88.9,93.3,완전역배열,중립,False,False,13.1,D,2026-09-08 23:30:28
2559,한국정보인증,053300,KOSDAQ,1,14,674.0,214812.0,0,0,4990.0,0.96,,,,,81.6,103.4,혼합,중립,False,False,30.5,C,2026-09-08 23:30:31
2560,코메론,049430,KOSDAQ,1,3,1629.0,4920.0,0,0,21800.0,0.71,,,,,156.8,103.2,완전정배열,중립,False,False,86.3,B,2026-09-08 23:30:36
2561,아스테라시스,450950,KOSDAQ,0,0,-2202.0,-47.0,1,1,5230.0,4.35,,,,,61.1,94.5,완전역배열,중립,False,False,8.8,D,2026-09-08 23:30:39
2562,국보디자인,066620,KOSDAQ,1,3,1814.0,919.0,0,0,26100.0,0.36,,,,,107.1,103.3,완전정배열,중립,False,False,83.2,B,2026-09-08 23:30:43
2563,한선엔지니어링,452280,KOSDAQ,0,0,-12981.0,-674.0,1,2,10140.0,2.08,,,,,106.3,91.6,완전역배열,중립,False,False,9.8,D,2026-09-08 23:30:47
2564,와이씨켐,112290,KOSDAQ,0,0,-25774.0,-13.0,2,1,9630.0,3.96,,,,,121.2,92.1,완전역배열,중립,False,False,21.7,D,2026-09-08 23:30:51
2565,네오위즈홀딩스,042420,KOSDAQ,0,20,-965.0,85075.0,5,0,23900.0,0.41,,,,,82.8,100.3,완전정배열,중립,False,False,46.5,B,2026-09-08 23:30:55
2566,동원개발,013120,KOSDAQ,0,0,-7240.0,-588.0,5,1,2140.0,0.18,,,,,63.1,98.1,완전역배열,중립,False,False,12.9,B,2026-09-08 23:30:59
2567,니어스랩,417030,KOSDAQ,3,0,353873.0,-118579.0,0,2,33450.0,24.06,,,,,,,-,중립,False,False,49.3,D,2026-09-08 23:31:03
2568,KZ정밀,036560,KOSDAQ,0,1,-203.0,1.0,2,0,12260.0,0.38,,,,,30.6,99.1,완전역배열,중립,False,False,14.3,C,2026-09-08 23:31:07
2569,한국유니온제약,080720,KOSDAQ,0,0,0.0,0.0,0,0,2410.0,1.4,,,,,,100.0,혼합,중립,False,False,100.0,D,2026-09-08 23:31:11
2570,엠로,058970,KOSDAQ,0,3,-10522.0,6194.0,1,0,15550.0,2.07,,,,,66.3,97.0,완전역배열,중립,False,False,9.9,D,2026-09-08 23:31:15
2571,코오롱생명과학,102940,KOSDAQ,0,1,-5421.0,2971.0,2,0,14590.0,0.27,,,,,36.2,92.9,완전역배열,중립,False,False,2.3,B,2026-09-08 23:31:18
2572,해성산업,034810,KOSDAQ,0,4,-5379.0,6132.0,2,0,6040.0,0.27,,,,,34.5,98.9,완전역배열,중립,False,False,18.4,D,2026-09-08 23:31:22
2573,아이티엠반도체,084850,KOSDAQ,1,5,230.0,719.0,0,0,8380.0,6.27,,,,,82.8,98.3,완전역배열,중립,False,False,13.6,D,2026-09-08 23:31:26
2574,HB테크놀러지,078150,KOSDAQ,0,0,-988739.0,-1.0,2,2,1995.0,0.57,,,,,209.8,96.8,완전역배열,중립,False,False,9.2,B,2026-09-08 23:31:30
2575,노바렉스,194700,KOSDAQ,0,0,-12746.0,-3542.0,6,1,10350.0,0.68,,,,,39.6,87.8,완전역배열,하단이탈,False,False,0.1,B,2026-09-08 23:31:34
2576,비보존 제약,082800,KOSDAQ,1,0,4891.0,0.0,0,0,3105.0,1.97,,,,,29.7,100.4,완전정배열,중립,False,False,17.3,D,2026-09-08 23:31:38
2577,SAMG엔터,419530,KOSDAQ,0,0,-15047.0,-74.0,1,3,18420.0,2.08,,,,,46.9,89.8,완전역배열,하단이탈,False,False,0.9,D,2026-09-08 23:31:42
2578,데브시스터즈,194480,KOSDAQ,0,0,-10136.0,-11451.0,1,5,15420.0,1.24,,,,,90.2,92.1,완전역배열,하단이탈,False,False,5.1,D,2026-09-08 23:31:46
2579,한국비엔씨,256840,KOSDAQ,0,0,-98148.0,-101.0,3,1,2740.0,0.83,,,,,121.5,103.7,혼합,중립,False,False,16.7,D,2026-09-08 23:31:50
2580,현대사료,016790,KOSDAQ,0,0,0.0,0.0,0,0,994.0,2.49,,,,,,100.0,혼합,중립,False,False,50.0,D,2026-09-08 23:31:54
2581,네오티스,085910,KOSDAQ,1,0,90247.0,-7042.0,0,6,13530.0,2.47,,,,,106.7,85.0,완전역배열,하단이탈,False,False,31.4,D,2026-09-08 23:31:58
2582,나우로보틱스,459510,KOSDAQ,1,0,1869.0,-178.0,0,3,14380.0,7.54,,,,,104.7,92.1,완전역배열,중립,False,False,13.4,D,2026-09-08 23:32:02
2583,슈피겐코리아,192440,KOSDAQ,0,0,-681.0,-1013.0,1,4,30000.0,0.3,,,,,55.6,101.5,완전정배열,중립,False,False,64.5,B,2026-09-08 23:32:06
2584,헥토이노베이션,214180,KOSDAQ,0,0,-5879.0,-1132.0,2,2,14310.0,0.79,,,,,94.8,99.3,완전역배열,중립,False,False,15.6,B,2026-09-08 23:32:10
2585,티이엠씨,425040,KOSDAQ,0,9,-19937.0,112268.0,2,0,8460.0,0.85,,,,,77.7,93.0,완전역배열,중립,False,False,9.0,B,2026-09-08 23:32:13
2586,일진파워,094820,KOSDAQ,1,4,21468.0,4159.0,0,0,12220.0,1.22,,,,,86.0,97.3,완전역배열,중립,False,False,20.7,B,2026-09-08 23:32:17
2587,석경에이티,357550,KOSDAQ,0,0,-58.0,-540.0,3,1,33500.0,3.88,,,,,57.0,97.2,완전역배열,중립,False,False,10.4,D,2026-09-08 23:32:21
2588,사람인,143240,KOSDAQ,0,2,-1167.0,1690.0,6,0,17010.0,0.66,,,,,138.8,99.2,혼합,중립,False,False,76.2,B,2026-09-08 23:32:25
2589,원익,032940,KOSDAQ,0,1,-7853.0,500.0,8,0,10020.0,0.61,,,,,251.1,130.4,상향전환,상단돌파,True,True,42.7,B,2026-09-08 23:32:28
2590,BGF에코머티리얼즈,126600,KOSDAQ,0,0,-2021.0,0.0,3,0,2890.0,0.43,,,,,94.9,101.0,혼합,중립,False,False,10.6,C,2026-09-08 23:32:32
2591,티쓰리,204610,KOSDAQ,0,0,-8628.0,-12649.0,2,2,3240.0,1.76,,,,,71.8,98.9,혼합,중립,False,False,74.0,C,2026-09-08 23:32:36
2592,녹십자웰빙,234690,KOSDAQ,0,0,-40333.0,0.0,7,0,10050.0,1.58,,,,,368.7,108.8,혼합,중립,False,False,36.6,D,2026-09-08 23:32:40
2593,압타바이오,293780,KOSDAQ,0,9,-5.0,7213.0,3,0,6420.0,4.27,,,,,84.9,102.9,완전정배열,중립,False,False,36.3,D,2026-09-08 23:32:44
2594,스트라드비젼,475040,KOSDAQ,0,0,-143818.0,-108464.0,1,9,3350.0,2.09,,,,,200.0,94.9,-,중립,False,False,10.8,D,2026-09-08 23:32:47
2595,흥구석유,024060,KOSDAQ,0,16,-383775.0,10517.0,1,0,11990.0,2.18,,,,,238.9,105.9,혼합,상단돌파,False,False,11.3,D,2026-09-08 23:32:51
2596,에스오에스랩,464080,KOSDAQ,1,0,756.0,-438.0,0,2,9980.0,12.16,,,,,67.1,100.1,혼합,중립,False,False,15.5,D,2026-09-08 23:32:55
2597,HLB테라퓨틱스,115450,KOSDAQ,0,0,-19219.0,-102.0,3,1,2010.0,1.23,,,,,69.5,95.5,완전역배열,중립,False,False,23.7,D,2026-09-08 23:32:58
2598,더핑크퐁컴퍼니,403850,KOSDAQ,0,4,-7236.0,34135.0,1,0,12360.0,0.83,,,,,134.6,108.8,혼합,중립,False,False,5.5,B,2026-09-08 23:33:02
2599,대양전기공업,108380,KOSDAQ,4,0,24552.0,-1943.0,0,1,18500.0,0.62,,,,,117.8,99.5,완전역배열,중립,False,False,19.9,B,2026-09-08 23:33:06
2600,이랜시스,264850,KOSDAQ,0,0,-114469.0,0.0,2,0,5840.0,3.22,,,,,88.1,92.8,하향전환,중립,False,False,38.6,D,2026-09-08 23:33:10
2601,퓨쳐켐,220100,KOSDAQ,0,0,-6449.0,-1240.0,2,18,7840.0,3.35,,,,,88.2,97.3,완전역배열,중립,False,False,5.2,D,2026-09-08 23:33:14
2602,에브리봇,270660,KOSDAQ,1,0,2182.0,-182.0,0,2,13850.0,2.55,,,,,55.0,96.9,완전역배열,중립,False,False,19.5,D,2026-09-08 23:33:18
2603,듀켐바이오,176750,KOSDAQ,0,0,-158.0,0.0,2,0,6130.0,3.37,,,,,179.8,98.6,완전역배열,중립,False,False,13.4,D,2026-09-08 23:33:22
2604,이크레더블,092130,KOSDAQ,3,1,536.0,1.0,0,0,14420.0,4.05,,,,,53.9,100.9,혼합,중립,True,False,21.3,C,2026-09-08 23:33:26
2605,모두투어,080160,KOSDAQ,0,0,-5731.0,-1138.0,20,1,9170.0,1.74,,,,,81.7,100.1,혼합,중립,False,False,15.1,D,2026-09-08 23:33:30
2606,네오오토,212560,KOSDAQ,2,3,431130.0,81794.0,0,0,12850.0,1.11,,,,,141.5,102.8,완전정배열,상단돌파,True,True,70.7,C,2026-09-08 23:33:34
2607,이랜텍,054210,KOSDAQ,1,0,300.0,-8.0,0,2,6850.0,0.59,,,,,57.2,95.9,완전역배열,중립,False,False,13.1,B,2026-09-08 23:33:38
2608,아이디스,143160,KOSDAQ,0,0,-1150.0,-6.0,1,2,16140.0,0.64,,,,,67.0,100.7,혼합,중립,False,False,34.9,B,2026-09-08 23:33:43
2609,엘오티베큠,083310,KOSDAQ,3,1,14470.0,4536.0,0,0,9690.0,0.62,,,,,61.4,99.6,완전역배열,중립,False,False,30.5,D,2026-09-08 23:33:47
2610,윤성에프앤씨,372170,KOSDAQ,0,1,-2922.0,12.0,3,0,21600.0,0.89,,,,,61.6,103.4,혼합,중립,False,False,31.7,D,2026-09-08 23:33:52
2611,지놈앤컴퍼니,314130,KOSDAQ,0,0,-19575.0,-40.0,6,1,3285.0,2.51,,,,,54.4,85.5,완전역배열,하단이탈,False,False,10.9,D,2026-09-08 23:33:55
2612,코난테크놀로지,402030,KOSDAQ,0,0,-874.0,-211.0,1,2,13630.0,7.7,,,,,28.0,95.8,완전역배열,중립,False,False,18.3,D,2026-09-08 23:34:00
2613,아바코,083930,KOSDAQ,2,0,9934.0,0.0,0,0,11590.0,0.79,,,,,78.6,99.9,완전역배열,중립,False,False,29.6,C,2026-09-08 23:34:04
2614,코칩,126730,KOSDAQ,1,0,4577.0,-20.0,0,1,19210.0,2.6,,,,,47.8,103.1,완전정배열,중립,False,False,36.4,D,2026-09-08 23:34:08
2615,나이벡,138610,KOSDAQ,0,0,-651.0,-13.0,1,2,14790.0,3.51,,,,,74.6,94.3,완전역배열,중립,False,False,8.3,D,2026-09-08 23:34:13
2616,비엠티,086670,KOSDAQ,2,1,3811.0,10963.0,0,0,16930.0,1.11,,,,,57.5,101.9,완전정배열,중립,False,False,56.2,B,2026-09-08 23:34:17
2617,레드캡투어,038390,KOSDAQ,0,0,-554.0,-41.0,1,1,10040.0,0.79,,,,,85.7,100.2,혼합,중립,False,False,24.0,B,2026-09-08 23:34:21
2618,큐알티,405100,KOSDAQ,0,0,-32319.0,0.0,10,0,13630.0,1.8,,,,,82.7,110.7,혼합,상단돌파,False,False,34.5,D,2026-09-08 23:34:25
2619,하이비젼시스템,126700,KOSDAQ,0,0,-8873.0,0.0,7,0,11200.0,0.58,,,,,56.3,101.3,혼합,중립,False,False,23.7,D,2026-09-08 23:34:29
2620,EDGC,245620,KOSDAQ,0,0,0.0,0.0,0,0,741.0,7.26,,,,,,100.0,혼합,중립,False,False,100.0,B,2026-09-08 23:34:33
2621,유성티엔에스,024800,KOSDAQ,0,4,-5478.0,1131.0,3,0,4730.0,0.27,,,,,147.0,105.2,완전정배열,중립,False,False,67.7,B,2026-09-08 23:34:37
2622,바이오솔루션,086820,KOSDAQ,2,0,6321.0,0.0,0,0,6400.0,4.0,,,,,49.5,94.6,완전역배열,중립,False,False,14.1,D,2026-09-08 23:34:41
2623,엠아이텍,179290,KOSDAQ,0,0,-534.0,0.0,5,0,5100.0,1.24,,,,,45.1,98.7,완전역배열,중립,False,False,28.5,B,2026-09-08 23:34:45
2624,모베이스전자,012860,KOSDAQ,0,0,-28245.0,-2710.0,6,3,2250.0,0.63,,,,,82.0,93.9,완전역배열,중립,False,False,31.8,B,2026-09-08 23:34:49
2625,셀비온,308430,KOSDAQ,0,1,-334.0,18.0,1,0,12760.0,4.83,,,,,84.1,94.6,완전역배열,중립,False,False,8.8,D,2026-09-08 23:34:52
2626,제일일렉트릭,199820,KOSDAQ,3,3,53122.0,1958.0,0,0,7400.0,1.02,,,,,134.3,96.6,완전역배열,중립,False,False,11.8,D,2026-09-08 23:34:57
2627,아이텍,119830,KOSDAQ,1,1,1745.0,175.0,0,0,6190.0,0.84,,,,,92.3,92.1,하향전환,중립,False,False,34.8,D,2026-09-08 23:35:01
2628,빅솔론,093190,KOSDAQ,0,0,-5182.0,-105.0,1,1,8520.0,0.59,,,,,22.0,99.6,혼합,중립,False,False,70.5,B,2026-09-08 23:35:05
2629,잉글우드랩,950140,KOSDAQ,0,1,-11471.0,4355.0,4,0,8250.0,0.91,,,,,34.5,98.0,완전역배열,중립,False,False,12.6,B,2026-09-08 23:35:09
2630,인터로조,119610,KOSDAQ,0,0,-6738.0,-825.0,7,2,14300.0,1.15,,,,,86.4,97.4,완전역배열,중립,False,False,17.6,C,2026-09-08 23:35:13
2631,아나패스,123860,KOSDAQ,0,0,-891.0,-21.0,1,1,13460.0,2.3,,,,,69.5,99.6,완전역배열,중립,False,False,22.3,D,2026-09-08 23:35:19
2632,코스맥스엔비티,222040,KOSDAQ,1,0,66884.0,-25242.0,0,2,7880.0,1.75,,,,,70.5,96.1,혼합,하단이탈,False,False,60.2,B,2026-09-08 23:35:23
2633,재영솔루텍,049630,KOSDAQ,1,0,4781.0,0.0,0,0,6940.0,1.36,,,,,42.9,96.4,완전역배열,중립,False,False,9.1,B,2026-09-08 23:35:27
2634,와이솔,122990,KOSDAQ,0,0,-3460.0,-956.0,6,4,6300.0,0.57,,,,,78.5,103.1,혼합,중립,False,False,25.3,D,2026-09-08 23:35:31
2635,코리아에프티,123410,KOSDAQ,0,20,-32367.0,642403.0,1,0,5760.0,0.56,,,,,79.1,101.8,혼합,중립,False,False,23.4,B,2026-09-08 23:35:35
2636,대한약품,023910,KOSDAQ,0,0,-1219.0,0.0,3,0,26650.0,0.51,,,,,83.6,100.6,혼합,중립,False,False,34.4,B,2026-09-08 23:35:39
2637,버킷스튜디오,066410,KOSDAQ,0,0,0.0,0.0,0,0,1153.0,1.36,,,,,,100.0,혼합,중립,False,False,50.0,D,2026-09-08 23:35:43
2638,피델릭스,032580,KOSDAQ,0,2,-39952.0,9000.0,1,0,4815.0,2.7,,,,,47.0,105.2,완전정배열,중립,False,False,49.2,C,2026-09-08 23:35:47
2639,지앤비에스 에코,382800,KOSDAQ,0,0,-319703.0,-8950.0,2,2,5010.0,1.23,,,,,63.3,92.7,완전역배열,중립,False,False,32.4,B,2026-09-08 23:35:51
2640,오로라,039830,KOSDAQ,5,0,59298.0,-11632.0,0,1,14810.0,0.74,,,,,57.2,85.3,하향전환,하단이탈,False,False,33.2,B,2026-09-08 23:35:55
2641,바이오비쥬,489460,KOSDAQ,1,1,5249.0,246.0,0,0,10780.0,2.49,,,,,53.7,97.0,혼합,중립,False,False,42.0,D,2026-09-08 23:35:59
2642,범한퓨얼셀,382900,KOSDAQ,0,0,-1629.0,-462.0,1,4,17990.0,0.99,,,,,177.2,100.4,혼합,중립,False,False,19.1,D,2026-09-08 23:36:04
2643,경동제약,011040,KOSDAQ,2,0,16237.0,-292.0,0,3,5120.0,0.62,,,,,370.7,100.2,혼합,중립,False,False,26.8,B,2026-09-08 23:36:08
2644,GC메디아이,032620,KOSDAQ,0,1,-5593.0,258.0,5,0,3015.0,1.08,,,,,81.0,100.2,혼합,중립,False,False,21.2,D,2026-09-08 23:36:11
2645,우양에이치씨,101970,KOSDAQ,0,20,-1426.0,60635.0,1,0,10630.0,0.82,,,,,58.8,98.1,완전역배열,중립,False,False,19.8,D,2026-09-08 23:36:15
2646,아이디스홀딩스,054800,KOSDAQ,0,0,-28.0,0.0,4,0,15170.0,0.33,,,,,48.6,100.6,완전정배열,중립,False,False,72.0,B,2026-09-08 23:36:19
2647,나노엔텍,039860,KOSDAQ,1,6,2966.0,107645.0,0,0,4115.0,1.66,,,,,132.4,105.0,혼합,중립,False,False,17.3,D,2026-09-08 23:36:23
2648,아가방컴퍼니,013990,KOSDAQ,2,0,11764.0,0.0,0,0,4765.0,0.65,,,,,61.3,102.8,완전정배열,중립,True,False,64.6,B,2026-09-08 23:36:27
2649,셀레믹스,331920,KOSDAQ,1,1,834.0,4000.0,0,0,13990.0,5.15,,,,,36.0,127.2,상향전환,상단돌파,True,True,66.2,D,2026-09-08 23:36:31
2650,메가스터디,072870,KOSDAQ,1,0,94.0,-10.0,0,1,13110.0,0.45,,,,,64.7,100.1,완전정배열,중립,False,False,80.2,B,2026-09-08 23:36:35
2651,피아이이,452450,KOSDAQ,0,0,-18045.0,0.0,2,0,4320.0,3.54,,,,,239.3,112.4,혼합,상단돌파,False,False,31.2,D,2026-09-08 23:36:39
2652,티케이케미칼,104480,KOSDAQ,2,2,80734.0,4931.0,0,0,1711.0,0.12,,,,,88.8,101.1,혼합,중립,False,False,22.7,B,2026-09-08 23:36:43
2653,화신정공,126640,KOSDAQ,0,0,-74396.0,-971.0,2,1,4415.0,1.13,,,,,75.6,103.5,완전정배열,중립,False,False,47.9,B,2026-09-08 23:36:47
2654,에치에프알,230240,KOSDAQ,0,0,-14616.0,-876.0,2,1,11600.0,1.13,,,,,73.3,87.9,완전역배열,하단이탈,False,False,1.2,D,2026-09-08 23:36:51
2655,에스앤디,260970,KOSDAQ,0,11,-216.0,23794.0,5,0,53200.0,1.64,,,,,71.4,97.2,혼합,중립,False,False,11.8,B,2026-09-08 23:36:55
2656,서산,079650,KOSDAQ,1,0,288895.0,0.0,0,0,7680.0,2.19,,,,,181.5,127.4,완전정배열,상단돌파,False,True,74.6,D,2026-09-08 23:36:59
2657,KG파이낸셜,046440,KOSDAQ,0,0,-14033.0,-105.0,2,5,4230.0,0.43,,,,,56.6,101.1,혼합,중립,False,False,21.5,B,2026-09-08 23:37:03
2658,쓰리빌리언,394800,KOSDAQ,0,0,-1506.0,-33937.0,2,10,4800.0,5.38,,,,,116.4,87.9,완전역배열,하단이탈,False,False,3.4,D,2026-09-08 23:37:07
2659,탑코미디어,134580,KOSDAQ,4,0,224026.0,-243358.0,0,5,3095.0,4.22,,,,,79.6,122.1,완전정배열,상단돌파,False,True,72.0,D,2026-09-08 23:37:11
2660,메디아나,041920,KOSDAQ,0,0,-829.0,-356.0,8,2,8200.0,1.07,,,,,84.8,92.8,완전역배열,하단이탈,False,False,13.5,C,2026-09-08 23:37:15
2661,푸른저축은행,007330,KOSDAQ,0,0,-3737.0,-274.0,4,1,10110.0,0.37,,,,,110.4,99.7,완전역배열,중립,False,False,24.1,C,2026-09-08 23:37:19
2662,케이알엠,093640,KOSDAQ,3,0,15277.0,0.0,0,0,4630.0,2.22,,,,,67.1,101.2,완전정배열,중립,False,False,51.1,D,2026-09-08 23:37:23
2663,넥써쓰,205500,KOSDAQ,0,0,-2710.0,-215.0,2,2,1815.0,1.67,,,,,63.3,103.7,완전정배열,중립,False,False,22.5,D,2026-09-08 23:37:27
2664,SV인베스트먼트,289080,KOSDAQ,2,2,189392.0,6446.0,0,0,2510.0,1.9,,,,,107.0,102.2,혼합,상단돌파,False,False,29.8,D,2026-09-08 23:37:30
2665,안트로젠,065660,KOSDAQ,0,0,-1703.0,-191.0,1,1,15020.0,1.87,,,,,60.6,97.9,완전역배열,중립,False,False,3.1,D,2026-09-08 23:37:34
2666,지어소프트,051160,KOSDAQ,0,0,-273.0,-102.0,2,2,9710.0,0.84,,,,,113.6,101.2,완전정배열,중립,False,False,64.1,B,2026-09-08 23:37:38
2667,아이패밀리에스씨,114840,KOSDAQ,1,0,9729.0,-9383.0,0,1,8990.0,1.34,,,,,75.8,100.1,혼합,중립,False,False,13.6,B,2026-09-08 23:37:42
2668,모트렉스,118990,KOSDAQ,0,14,-8971.0,355189.0,6,0,6110.0,0.51,,,,,74.6,107.1,혼합,중립,False,False,25.5,B,2026-09-08 23:37:46
2669,제이오,418550,KOSDAQ,4,0,29264.0,-6235.0,0,1,4670.0,0.83,,,,,82.4,100.2,혼합,중립,False,False,11.6,D,2026-09-08 23:37:50
2670,삼보판지,023600,KOSDAQ,0,1,-197.0,72.0,3,0,9320.0,0.24,,,,,36.4,101.1,완전정배열,중립,False,False,46.8,B,2026-09-08 23:37:53
2671,DMS,068790,KOSDAQ,0,0,-9711.0,0.0,1,0,6610.0,0.34,,,,,61.7,91.4,하향전환,하단이탈,False,False,48.0,B,2026-09-08 23:37:57
2672,KT나스미디어,089600,KOSDAQ,3,1,6476.0,1273.0,0,0,12870.0,0.71,,,,,52.5,103.4,완전정배열,중립,False,False,62.6,C,2026-09-08 23:38:01
2673,유비쿼스,264450,KOSDAQ,0,0,-6776.0,-705.0,7,16,10140.0,0.72,,,,,58.2,97.4,완전역배열,중립,False,False,14.8,B,2026-09-08 23:38:05
2674,넥사다이내믹스,351320,KOSDAQ,4,3,337201.0,1400.0,0,0,5000.0,7.81,,,,,99.1,173.1,완전정배열,상단돌파,False,True,94.6,D,2026-09-08 23:38:09
2675,폴라리스오피스,041020,KOSDAQ,0,0,-5675.0,0.0,1,0,2980.0,1.64,,,,,67.4,98.7,완전역배열,중립,False,False,16.5,C,2026-09-08 23:38:13
2676,디오,039840,KOSDAQ,0,0,-5820.0,-4.0,1,3,11020.0,0.76,,,,,113.0,95.6,완전역배열,중립,False,False,5.8,B,2026-09-08 23:38:17
2677,자람테크놀로지,389020,KOSDAQ,3,2,7946.0,91.0,0,0,21400.0,2.44,,,,,65.0,97.5,완전역배열,중립,False,False,13.8,D,2026-09-08 23:38:21
2678,앤로보틱스,138360,KOSDAQ,0,0,-114745.0,0.0,2,0,1676.0,1.58,,,,,57.1,94.6,완전역배열,중립,False,False,33.7,C,2026-09-08 23:38:26
2679,코스텍시스,355150,KOSDAQ,0,0,-3148.0,-257.0,2,1,18820.0,4.98,,,,,53.4,91.5,완전역배열,중립,False,False,16.5,D,2026-09-08 23:38:30
2680,매일홀딩스,005990,KOSDAQ,8,0,8286.0,0.0,0,0,11000.0,0.31,,,,,137.0,101.3,상향전환,중립,True,False,39.6,B,2026-09-08 23:38:35
2681,플리토,300080,KOSDAQ,4,1,108843.0,36.0,0,0,8850.0,7.66,,,,,105.2,101.1,혼합,중립,False,False,22.7,D,2026-09-08 23:38:39
2682,인터플렉스,051370,KOSDAQ,0,1,-7845.0,232.0,5,0,6250.0,0.45,,,,,79.9,98.1,완전역배열,중립,False,False,8.2,B,2026-09-08 23:38:43
2683,쎌바이오텍,049960,KOSDAQ,2,0,4838.0,0.0,0,0,15500.0,0.78,,,,,58.2,100.8,상향전환,중립,False,False,58.0,B,2026-09-08 23:38:47
2684,새로닉스,042600,KOSDAQ,0,0,-1011.0,-16.0,3,19,11650.0,1.36,,,,,76.4,101.7,혼합,중립,False,False,30.6,B,2026-09-08 23:38:51
2685,에코앤드림,101360,KOSDAQ,0,0,-1170.0,-4266.0,8,1,8130.0,0.69,,,,,121.6,101.0,혼합,중립,False,False,14.9,D,2026-09-08 23:38:55
2686,링크솔루션,474650,KOSDAQ,0,0,-3573.0,0.0,2,0,25100.0,4.16,,,,,91.8,97.3,완전역배열,중립,False,False,11.7,D,2026-09-08 23:38:59
2687,세경하이테크,148150,KOSDAQ,0,17,-9815.0,16900.0,2,0,4050.0,0.74,,,,,95.9,110.4,상향전환,상단돌파,False,False,37.2,B,2026-09-08 23:39:03
2688,디엔에프,092070,KOSDAQ,3,0,48766.0,-311.0,0,1,12400.0,0.93,,,,,152.1,93.2,완전역배열,중립,False,False,17.1,D,2026-09-08 23:39:07
2689,씨피시스템,413630,KOSDAQ,4,0,131138.0,0.0,0,0,3935.0,3.23,,,,,79.8,105.9,완전정배열,중립,False,False,50.4,D,2026-09-08 23:39:10
2690,디바이스,187870,KOSDAQ,0,0,-19340.0,-702.0,2,1,10300.0,0.79,,,,,68.3,91.8,완전역배열,중립,False,False,19.9,B,2026-09-08 23:39:14
2691,코데즈컴바인,047770,KOSDAQ,1,0,19608.0,0.0,0,0,3750.0,1.83,,,,,105.6,115.3,상향전환,중립,False,False,45.9,C,2026-09-08 23:39:18
2692,에스텍,069510,KOSDAQ,0,0,-2592.0,-1245.0,4,2,12930.0,0.42,,,,,78.2,100.9,혼합,중립,False,False,31.4,B,2026-09-08 23:39:21
2693,텔레칩스,054450,KOSDAQ,0,1,-7664.0,1.0,2,0,9310.0,0.98,,,,,68.6,97.1,완전역배열,중립,False,False,18.1,D,2026-09-08 23:39:25
2694,시너지이노베이션,048870,KOSDAQ,2,0,39271.0,-58898.0,0,1,1597.0,0.64,,,,,81.8,96.9,완전역배열,중립,False,False,13.5,C,2026-09-08 23:39:29
2695,멀티캠퍼스,067280,KOSDAQ,1,0,1824.0,0.0,0,0,23700.0,0.6,,,,,105.7,98.7,완전역배열,중립,False,False,18.2,B,2026-09-08 23:39:33
2696,인포바인,115310,KOSDAQ,0,0,-450.0,0.0,1,0,9430.0,0.72,,,,,84.1,107.4,혼합,중립,False,False,24.0,C,2026-09-08 23:39:37
2697,유비쿼스홀딩스,078070,KOSDAQ,0,0,-11532.0,-101.0,2,2,8190.0,0.47,,,,,101.2,94.1,완전역배열,중립,False,False,6.9,B,2026-09-08 23:39:41
2698,지니언스,263860,KOSDAQ,0,2,-2820.0,2547.0,1,0,15380.0,2.07,,,,,83.3,102.9,완전정배열,중립,False,False,23.1,C,2026-09-08 23:39:45
2699,이수앱지스,086890,KOSDAQ,0,1,-1259.0,367.0,1,0,3405.0,1.17,,,,,153.9,100.9,혼합,중립,False,False,14.9,D,2026-09-08 23:39:49
2700,헬릭스미스,084990,KOSDAQ,1,0,1081.0,-1173.0,0,3,3010.0,1.0,,,,,51.6,96.0,완전역배열,중립,False,False,3.9,D,2026-09-08 23:39:53
2701,이엘씨,041520,KOSDAQ,0,0,-3033.0,0.0,1,0,11350.0,0.76,,,,,37.3,98.9,혼합,중립,False,False,69.7,B,2026-09-08 23:39:57
2702,져스텍,153890,KOSDAQ,0,0,-11159.0,-39785.0,1,2,11450.0,4.42,,,,,9.4,90.9,-,중립,False,False,16.8,D,2026-09-08 23:40:01
2703,엠디바이스,226590,KOSDAQ,3,0,25357.0,-7751.0,0,2,12860.0,2.6,,,,,92.6,97.8,완전역배열,중립,False,False,16.2,C,2026-09-08 23:40:05
2704,제룡산업,147830,KOSDAQ,3,0,44864.0,0.0,0,0,6880.0,1.38,,,,,60.2,98.4,완전역배열,중립,False,False,17.7,B,2026-09-08 23:40:09
2705,에이치엠넥스,036170,KOSDAQ,0,0,-16140.0,0.0,4,0,2235.0,0.97,,,,,94.4,92.3,완전역배열,중립,False,False,15.2,C,2026-09-08 23:40:13
2706,티움바이오,321550,KOSDAQ,0,0,-8105.0,-10243.0,9,3,4560.0,4.09,,,,,205.4,100.8,혼합,중립,False,False,11.1,D,2026-09-08 23:40:17
2707,바이젠셀,308080,KOSDAQ,1,0,28941.0,0.0,0,0,6680.0,3.53,,,,,110.0,106.5,혼합,상단돌파,False,False,38.5,D,2026-09-08 23:40:21
2708,선광,003100,KOSDAQ,0,1,-961.0,71.0,5,0,20700.0,0.29,,,,,104.1,99.9,혼합,중립,False,False,26.0,B,2026-09-08 23:40:25
2709,와이바이오로직스,338840,KOSDAQ,1,0,4756.0,-4594.0,0,2,8850.0,7.91,,,,,65.0,93.0,완전역배열,중립,False,False,5.3,D,2026-09-08 23:40:29
2710,인선이엔티,060150,KOSDAQ,0,0,-6684.0,-1763.0,2,3,2990.0,0.42,,,,,55.1,98.1,완전역배열,중립,False,False,14.3,D,2026-09-08 23:40:33
2711,켄코아에어로스페이스,274090,KOSDAQ,0,2,-4963.0,383.0,1,0,9880.0,0.79,,,,,69.9,92.4,완전역배열,중립,False,False,8.0,D,2026-09-08 23:40:37
2712,동국산업,005160,KOSDAQ,0,0,-3272.0,0.0,3,0,2505.0,0.37,,,,,79.5,98.6,완전역배열,중립,False,False,20.9,D,2026-09-08 23:40:41
2713,나우IB,293580,KOSDAQ,0,0,-6976.0,-1465.0,1,1,1430.0,1.27,,,,,97.0,97.4,완전역배열,중립,False,False,15.0,D,2026-09-08 23:40:45
2714,제넥신,095700,KOSDAQ,2,2,36713.0,12935.0,0,0,2960.0,0.67,,,,,110.0,105.6,혼합,중립,False,False,15.3,D,2026-09-08 23:40:50
2715,이노테크,469610,KOSDAQ,0,0,-198.0,-470.0,2,1,15060.0,1.95,,,,,21.4,95.2,완전역배열,중립,False,False,8.3,C,2026-09-08 23:40:53
2716,SG,255220,KOSDAQ,0,0,-5923.0,-25900.0,1,4,1228.0,1.21,,,,,150.3,92.8,완전역배열,중립,False,False,8.2,D,2026-09-08 23:40:57
2717,모다이노칩,080420,KOSDAQ,2,0,20.0,0.0,0,0,1685.0,0.37,,,,,56.4,101.2,혼합,중립,False,False,37.4,D,2026-09-08 23:41:01
2718,레메디,387690,KOSDAQ,1,0,4170.0,-6325.0,0,7,17610.0,7.15,,,,,163.3,124.6,-,상단돌파,False,False,38.4,D,2026-09-08 23:41:05
2719,우진엔텍,457550,KOSDAQ,1,2,24207.0,2063.0,0,0,14360.0,2.55,,,,,150.3,95.5,완전역배열,중립,False,False,14.9,D,2026-09-08 23:41:09
2720,퓨릿,445180,KOSDAQ,0,0,-2925.0,-322.0,2,1,7780.0,1.16,,,,,50.3,94.2,완전역배열,중립,False,False,24.2,B,2026-09-08 23:41:13
2721,에이스테크,088800,KOSDAQ,1,0,6514.0,-723.0,0,1,1769.0,2.37,,,,,95.8,93.0,완전역배열,중립,False,False,6.7,D,2026-09-08 23:41:17
2722,안국약품,001540,KOSDAQ,0,0,-15255.0,-4894.0,5,1,10240.0,0.65,,,,,48.0,95.2,혼합,중립,False,False,46.5,B,2026-09-08 23:41:21
2723,동양이엔피,079960,KOSDAQ,0,0,-4429.0,-2360.0,1,1,17660.0,0.28,,,,,86.9,95.0,완전역배열,중립,False,False,0.8,B,2026-09-08 23:41:26
2724,그래디언트,035080,KOSDAQ,0,20,-7939.0,184695.0,3,0,11850.0,0.3,,,,,95.8,100.2,완전정배열,중립,False,False,57.3,D,2026-09-08 23:41:30
2725,프레스티지바이오로직스,334970,KOSDAQ,0,1,-19113.0,521.0,1,0,1700.0,1.23,,,,,87.4,95.8,완전역배열,중립,False,False,2.3,D,2026-09-08 23:41:33
2726,윈스테크넷,136540,KOSDAQ,0,5,-748.0,21584.0,4,0,10690.0,0.62,,,,,110.0,101.4,혼합,중립,False,False,17.4,B,2026-09-08 23:41:38
2727,알에스오토메이션,140670,KOSDAQ,0,0,-3711.0,-195.0,2,2,10220.0,2.33,,,,,94.7,99.3,완전역배열,중립,False,False,13.4,D,2026-09-08 23:41:43
2728,세종텔레콤,036630,KOSDAQ,2,0,3905.0,0.0,0,0,9370.0,0.57,,,,,73.3,109.4,혼합,상단돌파,False,False,38.6,D,2026-09-08 23:41:47
2729,솔본,035610,KOSDAQ,1,0,1899.0,0.0,0,0,4795.0,0.54,,,,,85.1,100.6,완전정배열,중립,False,False,83.0,B,2026-09-08 23:41:52
2730,메쎄이상,408920,KOSDAQ,3,0,14601.0,0.0,0,0,3030.0,1.52,,,,,82.3,99.9,완전역배열,중립,False,False,24.1,B,2026-09-08 23:41:55
2731,마크로젠,038290,KOSDAQ,0,0,-3950.0,0.0,2,0,12000.0,0.84,,,,,29.6,97.3,완전역배열,중립,False,False,14.9,C,2026-09-08 23:41:59
2732,지씨지놈,340450,KOSDAQ,1,0,10801.0,-19222.0,0,1,5500.0,1.63,,,,,62.2,98.2,완전역배열,중립,False,False,25.8,D,2026-09-08 23:42:03
2733,고려신용정보,049720,KOSDAQ,1,0,1219.0,-5498.0,0,2,9070.0,1.99,,,,,58.1,98.5,완전역배열,중립,False,False,8.0,B,2026-09-08 23:42:07
2734,라이콤,388790,KOSDAQ,3,0,79833.0,0.0,0,0,4220.0,6.12,,,,,77.3,98.5,완전역배열,중립,False,False,45.2,D,2026-09-08 23:42:11
2735,노머스,473980,KOSDAQ,0,4,-39068.0,18763.0,2,0,11860.0,1.17,,,,,166.0,99.6,완전역배열,중립,False,False,11.1,B,2026-09-08 23:42:16
2736,HT로보틱스,396300,KOSDAQ,1,0,35546.0,-1784.0,0,2,4855.0,1.61,,,,,119.3,114.1,완전정배열,중립,False,False,51.0,C,2026-09-08 23:42:19
2737,아진엑스텍,059120,KOSDAQ,0,2,-107210.0,54.0,2,0,6980.0,2.96,,,,,167.2,100.4,혼합,중립,False,False,33.1,D,2026-09-08 23:42:24
2738,씨앤지하이테크,264660,KOSDAQ,0,0,-4693.0,-45.0,2,3,13140.0,0.84,,,,,95.0,96.5,완전역배열,중립,False,False,20.2,B,2026-09-08 23:42:28
2739,AP위성,211270,KOSDAQ,0,2,-1477.0,962.0,1,0,8450.0,1.18,,,,,99.1,99.3,완전역배열,중립,False,False,16.4,D,2026-09-08 23:42:32
2740,제이아이테크,417500,KOSDAQ,0,1,-172229.0,933.0,1,0,3885.0,1.52,,,,,150.9,97.8,완전역배열,중립,False,False,38.2,C,2026-09-08 23:42:36
2741,엘케이켐,489500,KOSDAQ,1,0,1242.0,-1607.0,0,1,19900.0,1.99,,,,,67.7,96.5,완전역배열,중립,False,False,11.9,D,2026-09-08 23:42:40
2742,KCC건설,021320,KOSDAQ,0,1,-14872.0,40741.0,1,0,5930.0,0.21,,,,,133.4,99.9,완전역배열,중립,False,False,43.7,B,2026-09-08 23:42:44
2743,큐리오시스,494120,KOSDAQ,0,2,-10622.0,6462.0,1,0,8260.0,5.1,,,,,78.4,86.0,완전역배열,하단이탈,False,False,0.3,D,2026-09-08 23:42:48
2744,팜스토리,027710,KOSDAQ,0,1,-10820.0,7545.0,2,0,1130.0,0.44,,,,,126.3,103.5,혼합,중립,False,False,28.0,B,2026-09-08 23:42:52
2745,코맥스,036690,KOSDAQ,0,0,0.0,0.0,0,0,2885.0,3.67,,,,,,100.0,혼합,중립,False,False,50.0,D,2026-09-08 23:42:56
2746,톱텍,108230,KOSDAQ,0,2,-88957.0,1370.0,4,0,3295.0,0.31,,,,,51.6,103.2,혼합,중립,False,False,27.5,C,2026-09-08 23:43:00
2747,금강철강,053260,KOSDAQ,0,2,-8432.0,1029.0,1,0,6660.0,0.82,,,,,257.7,108.2,완전정배열,상단돌파,False,True,66.7,C,2026-09-08 23:43:04
2748,노바텍,285490,KOSDAQ,0,0,-12764.0,0.0,1,0,11780.0,0.67,,,,,94.9,98.5,완전역배열,중립,False,False,10.1,B,2026-09-08 23:43:08
2749,액트로,290740,KOSDAQ,0,1,-9760.0,24.0,1,0,12350.0,1.41,,,,,133.2,125.1,혼합,상단돌파,False,False,27.7,C,2026-09-08 23:43:11
2750,와이엠티,251370,KOSDAQ,8,0,167962.0,-11687.0,0,7,6880.0,0.61,,,,,142.8,88.9,완전역배열,하단이탈,False,False,3.9,D,2026-09-08 23:43:15
2751,나인테크,267320,KOSDAQ,1,0,13187.0,0.0,0,0,2150.0,1.36,,,,,76.2,100.6,혼합,중립,False,False,25.4,D,2026-09-08 23:43:19
2752,국전,307750,KOSDAQ,1,0,4801.0,0.0,0,0,2285.0,1.09,,,,,59.2,102.1,혼합,중립,False,False,13.6,D,2026-09-08 23:43:23
2753,대동기어,008830,KOSDAQ,4,0,156825.0,-7564.0,0,2,6430.0,1.26,,,,,58.4,101.0,혼합,중립,False,False,7.3,D,2026-09-08 23:43:27
2754,엔에프씨,265740,KOSDAQ,0,1,-52637.0,163755.0,3,0,6890.0,1.73,,,,,65.7,99.1,혼합,중립,False,False,49.2,B,2026-09-08 23:43:31
2755,신화프리텍,095190,KOSDAQ,3,1,28424.0,4020.0,0,0,1883.0,1.11,,,,,86.3,97.6,완전역배열,중립,False,False,17.8,D,2026-09-08 23:43:36
2756,퀄리타스반도체,432720,KOSDAQ,0,0,-4540.0,-1233.0,2,1,8650.0,4.0,,,,,90.3,95.8,완전역배열,중립,False,False,11.1,D,2026-09-08 23:43:40
2757,라온로보틱스,232680,KOSDAQ,0,1,-10729.0,119.0,2,0,9240.0,2.48,,,,,59.5,96.9,완전역배열,중립,False,False,13.1,D,2026-09-08 23:43:44
2758,나노팀,417010,KOSDAQ,0,0,-2251.0,-4284.0,1,3,6070.0,2.49,,,,,27.5,106.7,혼합,중립,False,False,21.7,D,2026-09-08 23:43:47
2759,지에프아이,493330,KOSDAQ,0,0,-14163.0,-11216.0,1,2,15190.0,1.76,,,,,188.8,116.3,상향전환,상단돌파,True,True,44.3,D,2026-09-08 23:43:51
2760,유니트론텍,142210,KOSDAQ,0,0,-16577.0,0.0,2,0,5870.0,0.72,,,,,30.8,97.9,하향전환,중립,False,False,30.5,B,2026-09-08 23:43:55
2761,어보브반도체,102120,KOSDAQ,0,2,-12651.0,3.0,2,0,6840.0,0.91,,,,,69.3,94.1,완전역배열,중립,False,False,12.5,C,2026-09-08 23:43:59
2762,켐트로스,220260,KOSDAQ,0,14,-603.0,650.0,1,0,3785.0,1.2,,,,,61.0,97.5,완전역배열,중립,False,False,16.6,D,2026-09-08 23:44:03
2763,엠에스씨,009780,KOSDAQ,0,0,-220.0,0.0,14,0,6880.0,0.59,,,,,24.4,100.4,완전정배열,중립,False,False,15.1,B,2026-09-08 23:44:07
2764,시지메드텍,056090,KOSDAQ,0,5,-383056.0,286506.0,7,0,1169.0,1.26,,,,,175.7,103.3,혼합,중립,False,False,11.8,C,2026-09-08 23:44:11
2765,HB솔루션,297890,KOSDAQ,0,1,-20500.0,2296.0,2,0,1650.0,0.44,,,,,72.4,97.4,완전역배열,중립,False,False,17.0,B,2026-09-08 23:44:14
2766,라온텍,418420,KOSDAQ,0,0,-2476.0,-154.0,2,3,3920.0,11.4,,,,,80.3,100.9,혼합,중립,False,False,13.0,D,2026-09-08 23:44:18
2767,쇼박스,086980,KOSDAQ,1,4,3177.0,16545.0,0,0,1932.0,0.89,,,,,74.3,96.5,완전역배열,중립,False,False,16.1,B,2026-09-08 23:44:22
2768,아바텍,149950,KOSDAQ,0,0,-12515.0,-1.0,3,2,8810.0,0.8,,,,,111.0,101.1,혼합,중립,False,False,16.2,C,2026-09-08 23:44:25
2769,중앙첨단소재,051980,KOSDAQ,0,0,-153676.0,0.0,1,0,1083.0,1.18,,,,,261.0,101.9,혼합,중립,False,False,7.8,D,2026-09-08 23:44:29
2770,현대에버다임,041440,KOSDAQ,0,20,-24119.0,37.0,2,0,6740.0,0.62,,,,,219.6,102.5,혼합,중립,False,False,27.3,C,2026-09-08 23:44:33
2771,동방메디컬,240550,KOSDAQ,3,0,22858.0,-15168.0,0,5,5740.0,0.89,,,,,217.6,96.8,완전역배열,중립,False,False,17.9,B,2026-09-08 23:44:37
2772,고스트스튜디오,950190,KOSDAQ,8,1,118480.0,365.0,0,0,9210.0,0.74,,,,,64.7,104.3,완전정배열,중립,False,False,65.2,C,2026-09-08 23:44:41
2773,아이앤씨,052860,KOSDAQ,0,1,-16796.0,4.0,1,0,6700.0,3.0,,,,,143.4,113.2,완전정배열,상단돌파,False,True,87.6,D,2026-09-08 23:44:45
2774,제이엘케이,322510,KOSDAQ,1,0,3092.0,-345.0,0,2,4640.0,3.42,,,,,40.6,93.7,완전역배열,중립,False,False,16.1,D,2026-09-08 23:44:49
2775,제노코,361390,KOSDAQ,0,3,-4632.0,9003.0,8,0,12260.0,1.82,,,,,97.0,94.9,완전역배열,중립,False,False,9.4,D,2026-09-08 23:44:53
2776,KX,122450,KOSDAQ,0,0,-374.0,-2695.0,5,2,2660.0,0.31,,,,,103.8,98.8,완전역배열,중립,False,False,18.6,B,2026-09-08 23:44:57
2777,현대바이오랜드,052260,KOSDAQ,0,0,-4808.0,-3756.0,1,1,3970.0,0.82,,,,,55.0,98.8,혼합,중립,False,False,38.5,B,2026-09-08 23:45:02
2778,나라스페이스테크놀로지,478340,KOSDAQ,0,1,-1688.0,963.0,1,0,10290.0,2.85,,,,,64.4,94.7,완전역배열,중립,False,False,4.9,D,2026-09-08 23:45:06
2779,유아이엘,049520,KOSDAQ,0,1,-14088.0,12453.0,2,0,3860.0,0.57,,,,,81.3,101.7,상향전환,중립,False,False,66.3,B,2026-09-08 23:45:10
2780,파세코,037070,KOSDAQ,0,1,-13830.0,3.0,3,0,5940.0,1.45,,,,,57.8,105.7,혼합,중립,False,False,19.0,D,2026-09-08 23:45:14
2781,오로스테크놀로지,322310,KOSDAQ,0,0,-6281.0,-2685.0,1,1,12580.0,2.09,,,,,63.0,90.8,완전역배열,중립,False,False,4.1,D,2026-09-08 23:45:17
2782,컨텍,451760,KOSDAQ,1,6,13341.0,4015.0,0,0,7100.0,1.0,,,,,62.9,93.9,완전역배열,중립,False,False,6.5,C,2026-09-08 23:45:21
2783,슈프리마에이치큐,094840,KOSDAQ,0,18,-3182.0,64171.0,1,0,11950.0,0.46,,,,,100.1,95.4,혼합,중립,False,False,62.5,B,2026-09-08 23:45:25
2784,강동씨앤엘,198440,KOSDAQ,0,0,-66463.0,0.0,1,0,1922.0,0.87,,,,,152.1,130.7,완전정배열,상단돌파,False,True,50.1,D,2026-09-08 23:45:29
2785,레이언스,228850,KOSDAQ,1,0,811.0,-204.0,0,1,7050.0,0.46,,,,,33.7,102.9,완전정배열,중립,False,False,69.5,D,2026-09-08 23:45:33
2786,비씨엔씨,146320,KOSDAQ,0,0,-759.0,0.0,1,0,9120.0,1.46,,,,,58.9,94.7,완전역배열,중립,False,False,16.8,D,2026-09-08 23:45:37
2787,일승,333430,KOSDAQ,3,0,75004.0,0.0,0,0,3795.0,2.21,,,,,135.1,97.4,완전역배열,중립,False,False,12.5,B,2026-09-08 23:45:41
2788,플래스크,041590,KOSDAQ,0,0,0.0,0.0,0,0,2370.0,2.78,,,,,,100.0,혼합,중립,False,False,50.0,D,2026-09-08 23:45:44
2789,성우,458650,KOSDAQ,0,0,-1477.0,0.0,2,0,7700.0,0.51,,,,,56.4,98.1,완전역배열,중립,False,False,14.2,C,2026-09-08 23:45:48
2790,코윈테크,282880,KOSDAQ,0,0,-3655.0,0.0,2,0,9900.0,0.66,,,,,48.8,99.8,완전역배열,중립,False,False,18.5,D,2026-09-08 23:45:52
2791,NICE인프라,063570,KOSDAQ,0,0,-208.0,-888.0,1,1,3385.0,0.56,,,,,61.4,102.0,혼합,중립,False,False,27.2,C,2026-09-08 23:45:56
2792,탑런토탈솔루션,336680,KOSDAQ,7,6,17410.0,29342.0,0,0,2950.0,0.61,,,,,120.2,105.3,혼합,상단돌파,False,False,34.5,D,2026-09-08 23:46:00
2793,오늘이엔엠,192410,KOSDAQ,0,0,-10365.0,-393.0,1,1,4585.0,10.76,,,,,60.1,101.7,혼합,중립,False,False,53.3,D,2026-09-08 23:46:04
2794,케이엔솔,053080,KOSDAQ,0,0,-4268.0,0.0,1,0,8880.0,0.97,,,,,24.6,96.2,완전역배열,중립,False,False,20.0,D,2026-09-08 23:46:08
2795,코아스템켐온,166480,KOSDAQ,0,0,-11300.0,-28456.0,2,1,2170.0,2.34,,,,,193.6,104.0,혼합,중립,False,False,22.7,D,2026-09-08 23:46:11
2796,킵스파마,256940,KOSDAQ,3,1,22039.0,66.0,0,0,5690.0,1.83,,,,,85.4,97.4,완전역배열,중립,False,False,6.3,D,2026-09-08 23:46:15
2797,루미르,474170,KOSDAQ,1,2,6529.0,324.0,0,0,6400.0,1.21,,,,,70.2,96.1,완전역배열,중립,False,False,12.7,D,2026-09-08 23:46:19
2798,디에스케이,109740,KOSDAQ,2,1,11938.0,508.0,0,0,4390.0,1.08,,,,,62.3,97.1,완전역배열,중립,False,False,10.0,D,2026-09-08 23:46:23
2799,아이비김영,339950,KOSDAQ,1,1,717.0,111.0,0,0,2510.0,1.79,,,,,53.6,97.8,하향전환,중립,False,False,52.9,B,2026-09-08 23:46:27
2800,NH농우바이오,054050,KOSDAQ,0,0,-3027.0,-107.0,2,4,7030.0,0.39,,,,,101.5,101.6,혼합,중립,False,False,24.0,B,2026-09-08 23:46:31
2801,세명전기,017510,KOSDAQ,3,0,26723.0,-5623.0,0,1,7370.0,1.19,,,,,72.6,97.2,완전역배열,중립,False,False,17.7,B,2026-09-08 23:46:36
2802,현대이지웰,090850,KOSDAQ,0,0,-4039.0,-322.0,2,1,4980.0,0.98,,,,,87.2,97.8,완전역배열,중립,False,False,11.2,B,2026-09-08 23:46:40
2803,아톤,158430,KOSDAQ,0,0,-11230.0,-176.0,2,1,4560.0,1.0,,,,,134.8,99.9,완전역배열,중립,False,False,15.6,D,2026-09-08 23:46:44
2804,엠플러스,259630,KOSDAQ,1,0,7416.0,-22.0,0,1,9120.0,0.94,,,,,66.0,98.0,완전역배열,중립,False,False,16.2,B,2026-09-08 23:46:48
2805,와이엔텍,067900,KOSDAQ,8,0,28171.0,-138.0,0,2,6110.0,0.3,,,,,61.5,100.2,혼합,중립,False,False,26.5,B,2026-09-08 23:46:52
2806,성도이엔지,037350,KOSDAQ,0,1,-53919.0,732.0,2,0,7310.0,0.36,,,,,103.2,94.5,완전역배열,중립,False,False,27.2,B,2026-09-08 23:46:55
2807,하나기술,299030,KOSDAQ,3,0,1703.0,-906.0,0,1,13860.0,1.13,,,,,64.7,98.0,완전역배열,중립,False,False,17.3,D,2026-09-08 23:46:59
2808,씨에스베어링,297090,KOSDAQ,0,0,-15493.0,-257.0,1,2,4060.0,0.98,,,,,99.1,101.8,혼합,중립,False,False,15.4,B,2026-09-08 23:47:03
2809,케이에스피,073010,KOSDAQ,1,0,10961.0,0.0,0,0,2745.0,1.25,,,,,58.7,95.0,완전역배열,중립,False,False,11.2,C,2026-09-08 23:47:07
2810,넵튠,217270,KOSDAQ,0,0,-5688.0,-9.0,2,2,2360.0,0.33,,,,,46.6,97.2,완전역배열,중립,False,False,7.3,D,2026-09-08 23:47:11
2811,진로발효,018120,KOSDAQ,0,0,-32.0,-8.0,5,2,16620.0,1.23,,,,,60.2,99.9,완전역배열,중립,False,False,17.4,C,2026-09-08 23:47:15
2812,도이치모터스,067990,KOSDAQ,0,2,-980.0,2102.0,1,0,3765.0,0.29,,,,,62.3,100.2,혼합,중립,False,False,11.4,D,2026-09-08 23:47:19
2813,토비스,051360,KOSDAQ,1,1,2497.0,1583.0,0,0,11390.0,0.56,,,,,45.0,99.7,혼합,중립,False,False,60.1,B,2026-09-08 23:47:22
2814,엘앤케이바이오,156100,KOSDAQ,0,0,-21298.0,-8651.0,2,3,4910.0,1.72,,,,,200.3,105.1,혼합,상단돌파,False,False,15.9,D,2026-09-08 23:47:26
2815,파워로직스,047310,KOSDAQ,0,0,-15825.0,0.0,2,0,2990.0,0.5,,,,,60.6,98.2,완전역배열,중립,False,False,13.3,C,2026-09-08 23:47:30
2816,핑거,163730,KOSDAQ,0,1,-9742.0,27.0,2,0,9080.0,1.15,,,,,93.1,95.5,완전역배열,중립,False,False,14.8,C,2026-09-08 23:47:34
2817,하이텍팜,106190,KOSDAQ,2,0,5424.0,0.0,0,0,10190.0,0.81,,,,,72.1,91.9,완전역배열,하단이탈,False,False,4.2,B,2026-09-08 23:47:38
2818,한국경제TV,039340,KOSDAQ,4,1,441.0,685.0,0,0,4925.0,0.54,,,,,56.4,100.4,완전정배열,중립,False,False,33.9,C,2026-09-08 23:47:42
2819,상상인,038540,KOSDAQ,0,5,-63408.0,74044.0,2,0,1950.0,0.27,,,,,115.6,98.8,완전역배열,중립,False,False,37.0,D,2026-09-08 23:47:45
2820,한빛레이저,452190,KOSDAQ,0,0,-149648.0,-238.0,5,1,4500.0,3.4,,,,,299.3,104.2,혼합,상단돌파,False,False,23.6,D,2026-09-08 23:47:49
2821,테라뷰,950250,KOSDAQ,0,2,-104279.0,112953.0,1,0,3015.0,3.37,,,,,298.7,100.9,혼합,상단돌파,False,False,6.9,D,2026-09-08 23:47:53
2822,서울옥션,063170,KOSDAQ,0,1,-3241.0,2.0,3,0,6050.0,1.04,,,,,87.9,105.1,상향전환,중립,True,False,33.3,D,2026-09-08 23:47:57
2823,세운메디칼,100700,KOSDAQ,0,3,-8778.0,457.0,2,0,2450.0,0.66,,,,,27.4,102.4,혼합,중립,False,False,29.0,B,2026-09-08 23:48:01
2824,워트,396470,KOSDAQ,1,1,58958.0,297.0,0,0,6630.0,1.57,,,,,31.5,99.1,완전역배열,중립,False,False,36.6,D,2026-09-08 23:48:04
2825,로체시스템즈,071280,KOSDAQ,1,0,7132.0,-1593.0,0,1,6980.0,0.72,,,,,119.6,102.5,혼합,중립,False,False,20.5,B,2026-09-08 23:48:08
2826,우리손에프앤지,073560,KOSDAQ,0,0,-12336.0,0.0,4,0,1534.0,0.32,,,,,36.4,99.8,완전역배열,중립,False,False,22.0,B,2026-09-08 23:48:12
2827,애니플러스,310200,KOSDAQ,1,0,7995.0,-1257.0,0,1,2035.0,0.87,,,,,26.5,84.0,완전역배열,하단이탈,False,False,7.2,C,2026-09-08 23:48:16
2828,대정화금,120240,KOSDAQ,1,1,84.0,51.0,0,0,14760.0,0.56,,,,,45.4,99.6,혼합,중립,False,False,85.8,B,2026-09-08 23:48:20
2829,우림피티에스,101170,KOSDAQ,0,0,-2358.0,0.0,2,0,7860.0,1.23,,,,,56.6,94.7,완전역배열,중립,False,False,15.3,C,2026-09-08 23:48:24
2830,나무에이엑스,242040,KOSDAQ,3,1,77102.0,902.0,0,0,3065.0,2.56,,,,,91.4,91.2,완전역배열,중립,False,False,17.9,D,2026-09-08 23:48:27
2831,삼보모터스,053700,KOSDAQ,0,0,-13725.0,-3523.0,2,1,3970.0,0.23,,,,,27.3,97.2,완전역배열,중립,False,False,7.0,C,2026-09-08 23:48:31
2832,메타바이오메드,059210,KOSDAQ,1,0,8910.0,0.0,0,0,3900.0,0.79,,,,,66.5,97.6,완전역배열,중립,False,False,19.0,B,2026-09-08 23:48:35
2833,케이씨에스,115500,KOSDAQ,0,0,-10737.0,0.0,2,0,8830.0,5.78,,,,,58.8,97.2,완전역배열,중립,False,False,12.7,D,2026-09-08 23:48:39
2834,그린리소스,402490,KOSDAQ,0,0,-7658.0,-322.0,2,1,6250.0,1.23,,,,,80.5,92.6,완전역배열,중립,False,False,7.1,C,2026-09-08 23:48:44
2835,지오엘리먼트,311320,KOSDAQ,0,0,-5007.0,0.0,2,0,8390.0,1.68,,,,,54.0,99.5,혼합,중립,False,False,48.2,C,2026-09-08 23:48:48
2836,티앤알바이오팹,246710,KOSDAQ,3,0,31796.0,-4763.0,0,3,2220.0,4.99,,,,,94.5,92.1,완전역배열,중립,False,False,28.8,D,2026-09-08 23:48:51
2837,케이엔더블유,105330,KOSDAQ,2,0,7271.0,0.0,0,0,6590.0,0.93,,,,,58.5,98.7,완전역배열,중립,False,False,34.1,D,2026-09-08 23:48:56
2838,에스투더블유,488280,KOSDAQ,1,0,12127.0,-15064.0,0,2,9730.0,5.64,,,,,76.6,93.3,완전역배열,중립,False,False,5.4,D,2026-09-08 23:48:59
2839,씨이랩,189330,KOSDAQ,0,1,-23651.0,176.0,4,0,11210.0,5.03,,,,,43.6,76.8,혼합,하단이탈,False,False,49.7,D,2026-09-08 23:49:03
2840,리센스메디컬,394420,KOSDAQ,0,0,-1442.0,-1966.0,2,1,9550.0,5.29,,,,,51.2,88.0,-,하단이탈,False,False,4.7,D,2026-09-08 23:49:07
2841,엠에스오토텍,123040,KOSDAQ,0,2,-18124.0,937.0,2,0,1677.0,0.47,,,,,41.9,98.3,완전역배열,중립,False,False,19.9,D,2026-09-08 23:49:11
2842,SM C&C,048550,KOSDAQ,0,1,-34082.0,4788.0,1,0,1080.0,1.38,,,,,76.5,87.9,하향전환,하단이탈,False,False,27.0,D,2026-09-08 23:49:16
2843,비아트론,141000,KOSDAQ,1,0,7816.0,-9451.0,0,1,8620.0,0.47,,,,,74.3,98.9,완전역배열,중립,False,False,33.2,B,2026-09-08 23:49:19
2844,그리드위즈,453450,KOSDAQ,5,0,9211.0,0.0,0,0,13110.0,0.8,,,,,63.1,91.5,완전역배열,중립,False,False,12.6,D,2026-09-08 23:49:23
2845,박셀바이오,323990,KOSDAQ,0,5,-18637.0,150.0,1,0,4465.0,1.94,,,,,226.6,107.1,혼합,중립,False,False,13.6,D,2026-09-08 23:49:27
2846,에이티넘인베스트,021080,KOSDAQ,0,0,-16762.0,-478.0,2,1,2155.0,0.5,,,,,91.0,96.4,완전역배열,중립,False,False,13.4,B,2026-09-08 23:49:30
2847,푸드나무,290720,KOSDAQ,1,0,4452.0,0.0,0,0,2710.0,3.92,,,,,89.6,95.6,완전역배열,중립,False,False,40.7,D,2026-09-08 23:49:34
2848,나인앤컴퍼니,366030,KOSDAQ,1,0,6919.0,0.0,0,0,4545.0,1.1,,,,,75.8,95.2,완전역배열,하단이탈,False,False,20.2,B,2026-09-08 23:49:38
2849,신스틸,162300,KOSDAQ,1,0,149257.0,-1798.0,0,1,2470.0,1.18,,,,,295.0,116.2,완전정배열,상단돌파,True,True,81.9,D,2026-09-08 23:49:42
2850,위더스제약,330350,KOSDAQ,3,0,66140.0,0.0,0,0,7750.0,0.98,,,,,107.1,93.8,하향전환,중립,False,False,30.5,C,2026-09-08 23:49:46
2851,한컴위드,054920,KOSDAQ,1,0,216.0,0.0,0,0,3625.0,0.57,,,,,55.9,96.9,완전역배열,중립,False,False,13.4,C,2026-09-08 23:49:50
2852,동구바이오제약,006620,KOSDAQ,0,9,-12010.0,196019.0,5,0,3570.0,0.68,,,,,51.4,97.2,완전역배열,중립,False,False,8.3,B,2026-09-08 23:49:55
2853,다산네트웍스,039560,KOSDAQ,1,0,3496.0,-1069.0,0,5,2365.0,0.36,,,,,85.5,97.3,완전역배열,중립,False,False,10.1,D,2026-09-08 23:49:59
2854,LB인베스트먼트,309960,KOSDAQ,0,0,-103198.0,-500.0,4,1,4365.0,0.79,,,,,143.3,97.3,완전역배열,중립,False,False,18.4,B,2026-09-08 23:50:03
2855,옵투스제약,131030,KOSDAQ,0,0,-909.0,0.0,4,0,5660.0,0.55,,,,,85.6,98.6,완전역배열,중립,False,False,6.5,B,2026-09-08 23:50:08
2856,스톰테크,352090,KOSDAQ,0,0,-5194.0,0.0,4,0,3710.0,1.1,,,,,82.3,101.7,상향전환,중립,False,False,43.7,B,2026-09-08 23:50:12
2857,아스타,246720,KOSDAQ,0,0,0.0,0.0,0,0,6070.0,5.69,,,,,,100.0,혼합,중립,False,False,54.8,D,2026-09-08 23:50:16
2858,엔알비,475230,KOSDAQ,0,0,-5254.0,-210.0,9,1,9110.0,1.03,,,,,47.7,103.1,혼합,중립,False,False,14.6,C,2026-09-08 23:50:20
2859,비투엔,307870,KOSDAQ,0,0,-33289.0,0.0,3,0,1331.0,2.69,,,,,73.8,121.3,완전정배열,상단돌파,False,True,69.2,D,2026-09-08 23:50:24
2860,RF시스템즈,474610,KOSDAQ,0,0,-5429.0,-8300.0,1,1,6800.0,1.73,,,,,94.0,94.6,완전역배열,중립,False,False,21.0,C,2026-09-08 23:50:28
2861,에스와이,109610,KOSDAQ,6,0,131448.0,0.0,0,0,1999.0,0.58,,,,,84.5,100.7,혼합,중립,False,False,23.7,D,2026-09-08 23:50:32
2862,라온시큐어,042510,KOSDAQ,0,0,-7651.0,-68.0,3,2,8800.0,1.82,,,,,79.1,104.1,혼합,중립,False,False,23.3,D,2026-09-08 23:50:36
2863,아미노로직스,074430,KOSDAQ,0,0,-91352.0,-35980.0,4,3,1105.0,1.67,,,,,111.6,98.1,완전역배열,중립,False,False,23.0,D,2026-09-08 23:50:41
2864,씨씨에스,066790,KOSDAQ,0,0,0.0,0.0,0,0,2205.0,3.81,,,,,,100.0,혼합,중립,False,False,100.0,D,2026-09-08 23:50:44
2865,모비스,250060,KOSDAQ,1,0,31819.0,0.0,0,0,3020.0,2.95,,,,,119.8,100.5,혼합,중립,False,False,12.2,D,2026-09-08 23:50:48
2866,아리바이오랩,261780,KOSDAQ,2,0,70561.0,0.0,0,0,3350.0,9.1,,,,,191.9,111.3,혼합,상단돌파,False,False,31.2,D,2026-09-08 23:50:52
2867,한울소재과학,091440,KOSDAQ,1,0,46165.0,0.0,0,0,2800.0,3.39,,,,,58.8,93.0,하향전환,중립,False,False,46.8,D,2026-09-08 23:50:56
2868,에이럭스,475580,KOSDAQ,0,0,-4525.0,0.0,2,0,7100.0,2.15,,,,,24.0,94.3,완전역배열,중립,False,False,19.6,D,2026-09-08 23:50:59
2869,SKAI,357880,KOSDAQ,1,0,18055.0,0.0,0,0,1783.0,4.82,,,,,44.3,94.3,완전역배열,중립,False,False,7.8,D,2026-09-08 23:51:03
2870,다원시스,068240,KOSDAQ,0,0,0.0,0.0,0,0,2530.0,0.19,,,,,,100.0,혼합,중립,True,False,33.9,D,2026-09-08 23:51:07
2871,이지케어텍,099750,KOSDAQ,2,0,5786.0,-100.0,0,1,7050.0,2.11,,,,,138.2,99.4,완전역배열,중립,False,False,21.1,C,2026-09-08 23:51:11
2872,링네트,042500,KOSDAQ,0,1,-39689.0,177.0,2,0,4315.0,0.77,,,,,159.8,100.2,혼합,중립,False,False,22.7,B,2026-09-08 23:51:15
2873,오성첨단소재,052420,KOSDAQ,0,20,-2073.0,113011.0,7,0,9800.0,0.21,,,,,82.2,101.6,혼합,중립,False,False,20.5,B,2026-09-08 23:51:19
2874,삼기에너지솔루션즈,419050,KOSDAQ,1,0,50590.0,0.0,0,0,1663.0,1.31,,,,,33.4,100.7,완전정배열,중립,False,False,49.9,D,2026-09-08 23:51:23
2875,YTN,040300,KOSDAQ,0,0,-5876.0,0.0,18,0,1993.0,0.42,,,,,64.8,99.0,완전역배열,중립,False,False,7.1,D,2026-09-08 23:51:27
2876,큐브엔터,182360,KOSDAQ,0,0,-3912.0,-490.0,7,1,6110.0,0.59,,,,,108.9,101.3,혼합,중립,False,False,11.7,D,2026-09-08 23:51:31
2877,메드팩토,235980,KOSDAQ,3,1,13300.0,1455.0,0,0,2770.0,2.4,,,,,73.8,103.3,혼합,중립,False,False,8.3,D,2026-09-08 23:51:35
2878,피에스텍,002230,KOSDAQ,0,1,-6566.0,320.0,2,0,5120.0,0.59,,,,,77.9,97.8,완전역배열,중립,False,False,10.6,B,2026-09-08 23:51:38
2879,더네이쳐홀딩스,298540,KOSDAQ,0,0,-644.0,-205.0,9,4,6510.0,0.27,,,,,48.1,99.2,완전역배열,중립,False,False,17.5,D,2026-09-08 23:51:42
2880,나이스디앤비,130580,KOSDAQ,1,4,2895.0,16616.0,0,0,6120.0,0.77,,,,,298.6,103.2,완전정배열,상단돌파,False,False,66.2,B,2026-09-08 23:51:46
2881,CMG제약,058820,KOSDAQ,0,1,-106103.0,84211.0,7,0,636.0,0.46,,,,,109.8,102.0,혼합,중립,False,False,6.6,D,2026-09-08 23:51:50
2882,에스피소프트,443670,KOSDAQ,0,0,-143909.0,0.0,1,0,3910.0,1.41,,,,,249.5,119.7,상향전환,상단돌파,True,True,29.1,D,2026-09-08 23:51:54
2883,한일사료,005860,KOSDAQ,0,0,-7706.0,0.0,1,0,2375.0,0.58,,,,,88.2,98.5,완전역배열,중립,False,False,11.2,C,2026-09-08 23:51:57
2884,대림제지,017650,KOSDAQ,0,1,-3398.0,334.0,3,0,10650.0,0.32,,,,,60.2,101.8,완전정배열,중립,False,False,91.6,C,2026-09-08 23:52:02
2885,동아엘텍,088130,KOSDAQ,3,0,28329.0,-72.0,0,1,5350.0,0.48,,,,,76.7,98.5,완전역배열,중립,False,False,18.5,B,2026-09-08 23:52:06
2886,원익피앤이,217820,KOSDAQ,0,2,-21832.0,29508.0,2,0,1970.0,0.92,,,,,101.7,99.1,완전역배열,중립,False,False,14.6,D,2026-09-08 23:52:10
2887,나노,187790,KOSDAQ,1,6,49625.0,122071.0,0,0,3015.0,2.25,,,,,87.2,96.4,완전역배열,중립,False,False,22.6,D,2026-09-08 23:52:14
2888,위드텍,348350,KOSDAQ,2,0,4197.0,0.0,0,0,9510.0,0.71,,,,,58.9,97.1,하향전환,중립,False,False,47.1,B,2026-09-08 23:52:18
2889,광무,029480,KOSDAQ,2,0,56929.0,0.0,0,0,1549.0,0.38,,,,,67.0,97.8,완전역배열,중립,False,False,19.3,B,2026-09-08 23:52:22
2890,아비코전자,036010,KOSDAQ,0,0,-31142.0,-59.0,1,1,6950.0,0.74,,,,,126.4,101.0,혼합,중립,False,False,26.2,B,2026-09-08 23:52:26
2891,웹케시,053580,KOSDAQ,0,0,-1172.0,0.0,1,0,7130.0,0.79,,,,,53.1,100.4,혼합,중립,False,False,16.2,B,2026-09-08 23:52:29
2892,에프엔에스테크,083500,KOSDAQ,0,1,-16886.0,60.0,1,0,11080.0,0.96,,,,,76.0,93.8,완전역배열,중립,False,False,10.5,C,2026-09-08 23:52:34
2893,풍국주정,023900,KOSDAQ,2,0,1051.0,-16.0,0,2,7300.0,0.53,,,,,55.9,99.0,완전역배열,중립,False,False,12.0,B,2026-09-08 23:52:37
2894,오상헬스케어,036220,KOSDAQ,0,0,-4113.0,0.0,3,0,6380.0,0.31,,,,,58.9,96.1,완전역배열,중립,False,False,9.8,D,2026-09-08 23:52:42
2895,청담글로벌,362320,KOSDAQ,0,0,-619.0,0.0,2,0,4410.0,0.88,,,,,13.6,92.7,하향전환,중립,False,False,16.9,D,2026-09-08 23:52:46
2896,정상제이엘에스,040420,KOSDAQ,0,0,-1437.0,-4664.0,6,2,5820.0,1.0,,,,,97.8,99.9,혼합,중립,False,False,22.0,C,2026-09-08 23:52:49
2897,아진산업,013310,KOSDAQ,0,0,-8973.0,-1559.0,2,1,2350.0,0.24,,,,,49.1,95.7,완전역배열,중립,False,False,3.8,B,2026-09-08 23:52:53
2898,미래컴퍼니,049950,KOSDAQ,0,0,-933.0,0.0,2,0,10320.0,0.75,,,,,40.5,94.8,완전역배열,중립,False,False,16.9,D,2026-09-08 23:52:57
2899,이스트소프트,047560,KOSDAQ,3,5,28786.0,15008.0,0,0,7740.0,1.54,,,,,78.2,96.1,완전역배열,중립,False,False,5.7,D,2026-09-08 23:53:01
2900,에스트래픽,234300,KOSDAQ,0,2,-5261.0,103779.0,2,0,3340.0,0.95,,,,,177.8,112.3,상향전환,상단돌파,True,True,50.0,D,2026-09-08 23:53:05
2901,에이엘티,172670,KOSDAQ,1,2,799.0,2564.0,0,0,10140.0,0.98,,,,,45.0,95.5,완전역배열,중립,False,False,22.3,D,2026-09-08 23:53:09
2902,웨이비스,289930,KOSDAQ,0,0,-13293.0,-2.0,2,11,6900.0,0.86,,,,,80.1,98.8,완전역배열,중립,False,False,6.7,B,2026-09-08 23:53:13
2903,아모그린텍,125210,KOSDAQ,0,0,-5824.0,-7.0,1,5,5480.0,1.07,,,,,52.7,95.4,완전역배열,중립,False,False,9.1,C,2026-09-08 23:53:16
2904,아이진,185490,KOSDAQ,1,0,16402.0,0.0,0,0,2090.0,1.8,,,,,52.2,102.7,완전정배열,중립,False,False,55.9,D,2026-09-08 23:53:20
2905,야스,255440,KOSDAQ,0,1,-1535.0,448.0,2,0,6910.0,0.49,,,,,35.8,95.9,완전역배열,중립,False,False,33.3,B,2026-09-08 23:53:24
2906,서원인텍,093920,KOSDAQ,0,0,-423.0,-43.0,1,1,4850.0,0.42,,,,,55.8,99.6,완전역배열,중립,False,False,28.0,B,2026-09-08 23:53:27
2907,금양그린파워,282720,KOSDAQ,0,0,-5.0,-5.0,1,7,7400.0,0.81,,,,,48.5,97.2,완전역배열,중립,False,False,8.6,D,2026-09-08 23:53:31
2908,지엘팜텍,204840,KOSDAQ,0,0,-34369.0,0.0,1,0,5780.0,4.51,,,,,98.7,117.7,상향전환,상단돌파,False,False,69.9,D,2026-09-08 23:53:35
2909,스모트로닉,066590,KOSDAQ,1,1,921.0,1578.0,0,0,2315.0,1.04,,,,,88.7,92.4,하향전환,하단이탈,False,False,22.2,D,2026-09-08 23:53:39
2910,컴퍼니케이,307930,KOSDAQ,1,0,12887.0,-261.0,0,1,5710.0,1.11,,,,,58.5,94.9,완전역배열,중립,False,False,14.2,C,2026-09-08 23:53:43
2911,삼아제약,009300,KOSDAQ,0,0,-179.0,0.0,2,0,13960.0,0.37,,,,,34.0,100.9,혼합,중립,False,False,36.3,B,2026-09-08 23:53:47
2912,엑셈,205100,KOSDAQ,0,3,-34809.0,19288.0,2,0,1312.0,0.67,,,,,35.7,98.3,완전역배열,중립,False,False,4.6,B,2026-09-08 23:53:51
2913,APS이노베이션,079810,KOSDAQ,0,0,-17769.0,-41.0,7,3,4100.0,0.5,,,,,158.1,110.3,혼합,상단돌파,False,False,29.7,B,2026-09-08 23:53:55
2914,삼익제약,014950,KOSDAQ,0,0,-35315.0,-66783.0,2,4,8750.0,1.21,,,,,291.9,124.1,혼합,상단돌파,False,False,23.6,D,2026-09-08 23:53:59
2915,에이치피오,357230,KOSDAQ,0,0,-3871.0,-4491.0,4,1,2115.0,0.55,,,,,82.2,97.6,완전역배열,중립,False,False,13.8,B,2026-09-08 23:54:03
2916,크레버스,096240,KOSDAQ,0,0,-2119.0,-81.0,1,2,8520.0,1.34,,,,,74.5,100.5,혼합,중립,False,False,9.7,B,2026-09-08 23:54:07
2917,동신건설,025950,KOSDAQ,0,0,-1648.0,0.0,1,0,10370.0,0.9,,,,,22.6,95.5,완전역배열,중립,False,False,10.0,D,2026-09-08 23:54:11
2918,제이씨케미칼,137950,KOSDAQ,0,1,-4636.0,1078.0,2,0,3905.0,0.57,,,,,99.0,105.7,완전정배열,중립,False,False,36.9,C,2026-09-08 23:54:15
2919,오스테오닉,226400,KOSDAQ,1,0,3606.0,-1286.0,0,1,4205.0,1.17,,,,,42.7,96.1,완전역배열,중립,False,False,11.0,B,2026-09-08 23:54:19
2920,디앤씨미디어,263720,KOSDAQ,0,0,-2152.0,0.0,2,0,6990.0,0.88,,,,,72.8,97.3,완전역배열,중립,False,False,11.0,B,2026-09-08 23:54:23
2921,엑세스바이오,950130,KOSDAQ,3,1,45717.0,700.0,0,0,2460.0,0.16,,,,,47.9,104.0,혼합,중립,False,False,15.4,D,2026-09-08 23:54:27
2922,로스웰,900260,KOSDAQ,2,0,71748.0,-3000.0,0,1,1876.0,0.26,,,,,256.2,105.8,완전정배열,상단돌파,False,False,79.1,B,2026-09-08 23:54:31
2923,인트론바이오,048530,KOSDAQ,0,0,-23069.0,0.0,5,0,2785.0,1.38,,,,,79.6,101.7,혼합,중립,False,False,11.2,D,2026-09-08 23:54:35
2924,중앙백신,072020,KOSDAQ,0,0,-925.0,0.0,4,0,9290.0,0.8,,,,,89.7,100.0,완전역배열,중립,False,False,40.8,C,2026-09-08 23:54:38
2925,동양파일,228340,KOSDAQ,0,1,-134630.0,5000.0,2,0,4295.0,0.72,,,,,230.6,124.5,완전정배열,상단돌파,False,True,47.7,D,2026-09-08 23:54:43
2926,와이제이링크,209640,KOSDAQ,1,0,3931.0,0.0,0,0,3020.0,0.92,,,,,77.4,91.9,완전역배열,중립,False,False,7.9,C,2026-09-08 23:54:47
2927,삼영엠텍,054540,KOSDAQ,4,9,12837.0,18.0,0,0,6600.0,0.91,,,,,76.2,98.0,완전역배열,중립,False,False,8.2,B,2026-09-08 23:54:51
2928,이니텍,053350,KOSDAQ,0,1,-15802.0,524.0,4,0,3895.0,0.55,,,,,138.7,107.0,완전정배열,중립,False,False,21.4,D,2026-09-08 23:54:55
2929,창해에탄올,004650,KOSDAQ,0,0,-5691.0,-8768.0,9,2,9330.0,0.49,,,,,79.7,99.8,완전역배열,중립,False,False,11.9,B,2026-09-08 23:54:59
2930,대봉엘에스,078140,KOSDAQ,0,0,-2160.0,-5.0,3,2,7700.0,0.59,,,,,79.9,97.0,완전역배열,중립,False,False,12.7,D,2026-09-08 23:55:04
2931,한국파마,032300,KOSDAQ,0,7,-3549.0,11.0,11,0,7820.0,1.16,,,,,163.5,99.2,완전역배열,중립,False,False,17.1,D,2026-09-08 23:55:08
2932,엠엑스로보틱스,007820,KOSDAQ,1,0,18867.0,0.0,0,0,3655.0,1.38,,,,,8.4,90.5,하향전환,하단이탈,False,False,23.1,D,2026-09-08 23:55:14
2933,로젠,033290,KOSDAQ,0,0,-1440.0,-1230.0,1,2,1518.0,0.2,,,,,56.1,98.6,완전역배열,중립,False,False,11.7,C,2026-09-08 23:55:18
2934,선진뷰티사이언스,086710,KOSDAQ,0,0,-302.0,0.0,1,0,6980.0,0.97,,,,,82.0,92.1,완전역배열,하단이탈,False,False,16.7,C,2026-09-08 23:55:23
2935,스톤브릿지벤처스,330730,KOSDAQ,0,2,-10659.0,4502.0,6,0,4670.0,0.8,,,,,105.1,97.3,완전역배열,중립,False,False,20.5,B,2026-09-08 23:55:27
2936,드림씨아이에스,223250,KOSDAQ,1,0,5234.0,0.0,0,0,3450.0,1.13,,,,,50.1,98.8,완전역배열,중립,False,False,17.4,D,2026-09-08 23:55:32
2937,남화토건,091590,KOSDAQ,0,0,-26308.0,0.0,2,0,7220.0,0.49,,,,,101.9,113.6,완전정배열,중립,False,False,44.7,B,2026-09-08 23:55:36
2938,지아이에스,306620,KOSDAQ,0,0,-15812.0,-12531.0,2,1,1767.0,1.47,,,,,47.2,98.8,완전역배열,중립,False,False,17.6,D,2026-09-08 23:55:40
2939,뉴로핏,380550,KOSDAQ,1,0,3384.0,-12118.0,0,7,6930.0,2.53,,,,,88.6,90.7,완전역배열,하단이탈,False,False,4.6,D,2026-09-08 23:55:44
2940,로보로보,215100,KOSDAQ,1,1,10880.0,1.0,0,0,4150.0,3.06,,,,,86.8,97.8,완전역배열,중립,False,False,8.3,D,2026-09-08 23:55:48
2941,KNN,058400,KOSDAQ,0,0,0.0,-135.0,0,3,6370.0,0.34,,,,,78.8,108.9,혼합,상단돌파,False,False,43.1,B,2026-09-08 23:55:52
2942,LS티라유텍,322180,KOSDAQ,0,0,-6802.0,-5924.0,1,1,3920.0,1.37,,,,,81.3,94.2,완전역배열,중립,False,False,7.7,D,2026-09-08 23:55:56
2943,제너셈,217190,KOSDAQ,1,1,53487.0,3449.0,0,0,6400.0,1.71,,,,,156.8,99.7,혼합,중립,False,False,42.7,D,2026-09-08 23:56:00
2944,셀루메드,049180,KOSDAQ,0,0,0.0,0.0,0,0,1009.0,3.3,,,,,,100.0,혼합,중립,False,False,33.9,D,2026-09-08 23:56:04
2945,엔지켐생명과학,183490,KOSDAQ,0,0,0.0,0.0,0,0,990.0,0.58,,,,,,100.0,혼합,중립,False,False,56.1,D,2026-09-08 23:56:08
2946,대원미디어,048910,KOSDAQ,0,2,-4967.0,2124.0,2,0,6660.0,0.77,,,,,129.4,111.2,상향전환,상단돌파,True,True,45.7,B,2026-09-08 23:56:11
2947,MDS테크,086960,KOSDAQ,1,0,1046.0,0.0,0,0,1967.0,0.52,,,,,68.3,97.5,완전역배열,중립,False,False,13.9,B,2026-09-08 23:56:16
2948,새빗켐,107600,KOSDAQ,0,0,-4103.0,-2078.0,6,4,14800.0,1.8,,,,,32.7,94.7,완전역배열,중립,False,False,16.4,D,2026-09-08 23:56:20
2949,엑스페릭스,317770,KOSDAQ,0,0,-24691.0,0.0,2,0,2275.0,0.89,,,,,78.8,93.2,완전역배열,하단이탈,False,False,9.7,D,2026-09-08 23:56:24
2950,네오이뮨텍,950220,KOSDAQ,0,0,-96003.0,0.0,2,0,2435.0,1.48,,,,,24.8,106.9,완전정배열,중립,False,False,26.6,D,2026-09-08 23:56:28
2951,SBI인베스트먼트,019550,KOSDAQ,0,1,-13525.0,62571.0,2,0,1027.0,0.54,,,,,101.8,99.1,완전역배열,중립,False,False,18.8,B,2026-09-08 23:56:32
2952,미투온,201490,KOSDAQ,0,1,-55141.0,171.0,3,0,2540.0,0.5,,,,,52.5,104.9,상향전환,중립,True,False,15.5,D,2026-09-08 23:56:35
2953,이엠텍,091120,KOSDAQ,0,1,-15879.0,2.0,10,0,4850.0,0.43,,,,,58.7,105.9,혼합,중립,False,False,20.3,D,2026-09-08 23:56:40
2954,에이치엔에스하이텍,044990,KOSDAQ,0,1,-6588.0,269.0,9,0,10800.0,0.73,,,,,90.0,94.1,완전역배열,중립,False,False,14.6,B,2026-09-08 23:56:44
2955,에코플라스틱,038110,KOSDAQ,0,0,-5746.0,0.0,2,0,2015.0,0.22,,,,,88.6,101.8,혼합,중립,False,False,10.6,B,2026-09-08 23:56:48
2956,누리플렉스,040160,KOSDAQ,2,0,4623.0,0.0,0,0,6970.0,1.05,,,,,61.1,105.7,혼합,상단돌파,False,False,24.9,D,2026-09-08 23:56:52
2957,빅텍,065450,KOSDAQ,4,8,119604.0,573.0,0,0,2805.0,1.31,,,,,105.0,94.5,완전역배열,중립,False,False,6.7,D,2026-09-08 23:56:56
2958,케이옥션,102370,KOSDAQ,0,1,-6459.0,1.0,2,0,3195.0,0.79,,,,,81.7,99.9,혼합,중립,False,False,28.6,D,2026-09-08 23:57:00
2959,오파스넷,173130,KOSDAQ,3,0,43577.0,0.0,0,0,6320.0,1.23,,,,,137.7,102.1,혼합,상단돌파,False,False,31.2,B,2026-09-08 23:57:04
2960,하이로닉,149980,KOSDAQ,0,0,-2648.0,0.0,1,0,4790.0,1.04,,,,,129.7,95.9,완전역배열,중립,False,False,17.8,D,2026-09-08 23:57:08
2961,대성하이텍,129920,KOSDAQ,1,0,26980.0,-21059.0,0,3,5060.0,1.21,,,,,80.2,88.3,완전역배열,하단이탈,False,False,14.4,D,2026-09-08 23:57:12
2962,코아시아,045970,KOSDAQ,0,0,-11695.0,0.0,1,0,3115.0,0.92,,,,,43.5,99.7,완전역배열,중립,False,False,22.9,D,2026-09-08 23:57:16
2963,에스와이스틸텍,365330,KOSDAQ,3,0,127408.0,0.0,0,0,1632.0,0.91,,,,,102.5,99.9,완전역배열,중립,False,False,14.5,D,2026-09-08 23:57:20
2964,모베이스,101330,KOSDAQ,0,0,-11373.0,0.0,2,0,3535.0,0.2,,,,,93.9,99.8,완전역배열,중립,False,False,11.0,B,2026-09-08 23:57:23
2965,컴투스홀딩스,063080,KOSDAQ,0,0,-5158.0,-3.0,2,2,12370.0,0.35,,,,,69.4,98.7,완전역배열,중립,False,False,12.4,B,2026-09-08 23:57:27
2966,KT밀리의서재,418470,KOSDAQ,0,1,-7602.0,90.0,2,0,9510.0,0.92,,,,,49.7,99.3,완전역배열,중립,False,False,6.0,B,2026-09-08 23:57:31
2967,기도산업,282620,KOSDAQ,3,9,70578.0,81807.0,0,0,13890.0,0.43,,,,,,,-,중립,False,False,6.3,B,2026-09-08 23:57:35
2968,대한뉴팜,054670,KOSDAQ,7,0,9226.0,0.0,0,0,5670.0,0.53,,,,,69.0,98.5,완전역배열,중립,False,False,22.3,B,2026-09-08 23:57:39
2969,한성크린텍,066980,KOSDAQ,0,0,-1663.0,0.0,2,0,1512.0,1.34,,,,,59.4,94.8,완전역배열,중립,False,False,26.2,D,2026-09-08 23:57:43
2970,센서뷰,321370,KOSDAQ,0,0,-139603.0,-117214.0,2,1,1149.0,5.15,,,,,43.1,86.8,완전역배열,하단이탈,False,False,8.4,D,2026-09-08 23:57:47
2971,리메드,302550,KOSDAQ,0,0,-1970.0,0.0,10,0,2680.0,2.08,,,,,74.1,96.4,완전역배열,중립,False,False,16.6,D,2026-09-08 23:57:51
2972,제일엠앤에스,412540,KOSDAQ,0,0,0.0,0.0,0,0,3935.0,1.08,,,,,,100.0,혼합,중립,False,False,50.0,D,2026-09-08 23:57:56
2973,HRS,036640,KOSDAQ,0,1,-9399.0,602.0,2,0,4940.0,0.59,,,,,64.5,99.6,하향전환,중립,False,False,48.7,B,2026-09-08 23:58:00
2974,케이엔에스,432470,KOSDAQ,1,0,10539.0,0.0,0,0,9210.0,1.41,,,,,28.0,106.1,혼합,중립,False,False,22.7,D,2026-09-08 23:58:03
2975,조이시티,067000,KOSDAQ,0,1,-14094.0,990.0,5,0,1154.0,0.93,,,,,103.7,100.2,혼합,중립,False,False,10.0,D,2026-09-08 23:58:07
2976,아이로보틱스,066430,KOSDAQ,1,0,31856.0,0.0,0,0,2060.0,1.85,,,,,24.1,95.3,완전역배열,중립,False,False,25.9,D,2026-09-08 23:58:11
2977,케이앤에스아이앤씨,487400,KOSDAQ,1,0,9516.0,-107.0,0,1,7830.0,5.96,,,,,,,-,중립,False,False,5.0,D,2026-09-08 23:58:16
2978,디알텍,214680,KOSDAQ,0,0,0.0,0.0,0,0,960.0,1.0,,,,,0.0,99.5,완전역배열,중립,False,False,40.6,D,2026-09-08 23:58:20
2979,디케이락,105740,KOSDAQ,1,7,7170.0,89076.0,0,0,7880.0,0.58,,,,,166.7,102.7,혼합,중립,False,False,31.0,B,2026-09-08 23:58:23
2980,크레오에스지,040350,KOSDAQ,0,2,-23984.0,527.0,1,0,4025.0,1.64,,,,,129.6,73.1,하향전환,하단이탈,False,False,12.4,D,2026-09-08 23:58:28
2981,서남,294630,KOSDAQ,0,0,-32039.0,0.0,2,0,3015.0,10.58,,,,,275.4,103.3,혼합,중립,False,False,14.8,D,2026-09-08 23:58:32
2982,블랙야크아이앤씨,478560,KOSDAQ,1,0,29450.0,-13752.0,0,3,3090.0,1.86,,,,,22.1,106.7,상향전환,중립,False,False,50.5,B,2026-09-08 23:58:36
2983,쎄니트,037760,KOSDAQ,0,0,-114.0,0.0,1,0,2355.0,0.88,,,,,74.9,100.0,혼합,중립,False,False,79.0,D,2026-09-08 23:58:40
2984,알서포트,131370,KOSDAQ,0,0,-23978.0,-6165.0,2,1,1495.0,0.79,,,,,54.0,100.3,혼합,중립,False,False,12.0,D,2026-09-08 23:58:43
2985,지니너스,389030,KOSDAQ,0,0,-41876.0,-38497.0,1,3,2020.0,2.24,,,,,182.5,87.9,완전역배열,중립,False,False,10.6,D,2026-09-08 23:58:47
2986,서한,011370,KOSDAQ,0,0,-1627.0,0.0,6,0,3930.0,0.14,,,,,204.9,99.6,완전역배열,중립,False,False,20.8,B,2026-09-08 23:58:52
2987,아이씨디,040910,KOSDAQ,0,0,-1534.0,0.0,4,0,4355.0,0.72,,,,,56.6,98.8,완전역배열,중립,False,False,22.2,C,2026-09-08 23:58:56
2988,SCL사이언스,246960,KOSDAQ,1,0,4339.0,-1135.0,0,2,2325.0,3.28,,,,,43.1,105.7,완전정배열,중립,False,False,50.3,D,2026-09-08 23:59:00
2989,우리넷,115440,KOSDAQ,0,0,-2699.0,-97.0,2,4,7310.0,0.79,,,,,83.4,96.9,완전역배열,중립,False,False,12.6,D,2026-09-08 23:59:05
2990,네오리진,094860,KOSDAQ,2,0,64310.0,0.0,0,0,1484.0,1.58,,,,,97.2,107.8,상향전환,상단돌파,False,False,60.6,D,2026-09-08 23:59:09
2991,파워넷,037030,KOSDAQ,1,0,46275.0,-35000.0,0,3,3080.0,0.51,,,,,71.6,91.7,완전역배열,하단이탈,False,False,8.3,B,2026-09-08 23:59:13
2992,제닉스로보틱스,381620,KOSDAQ,0,0,-4327.0,0.0,1,0,5970.0,1.72,,,,,52.2,95.4,완전역배열,중립,False,False,9.2,D,2026-09-08 23:59:17
2993,제이스로보틱스,090470,KOSDAQ,0,0,-169.0,0.0,1,0,4465.0,0.63,,,,,334.8,101.9,혼합,중립,False,False,21.0,D,2026-09-08 23:59:20
2994,테라젠이텍스,066700,KOSDAQ,1,1,9590.0,3893.0,0,0,2090.0,0.62,,,,,49.5,99.8,완전역배열,중립,False,False,15.1,D,2026-09-08 23:59:24
2995,엠오티,413390,KOSDAQ,1,0,919.0,0.0,0,0,6700.0,1.28,,,,,100.9,96.2,완전역배열,중립,False,False,27.3,C,2026-09-08 23:59:28
2996,포커스에이아이,331380,KOSDAQ,0,0,-28680.0,0.0,1,0,2120.0,2.51,,,,,114.2,96.1,완전역배열,중립,False,False,33.8,D,2026-09-08 23:59:32
2997,예스24,053280,KOSDAQ,0,1,-140.0,1.0,1,0,3100.0,0.47,,,,,86.1,98.6,완전역배열,중립,False,False,30.0,D,2026-09-08 23:59:36
2998,동국S&C,100130,KOSDAQ,1,0,9431.0,-3576.0,0,1,1355.0,0.45,,,,,50.2,95.6,완전역배열,중립,False,False,8.0,D,2026-09-08 23:59:40
2999,SY동아,041930,KOSDAQ,1,1,9840.0,2.0,0,0,5080.0,0.39,,,,,382.7,102.9,혼합,중립,False,False,23.0,B,2026-09-08 23:59:45
3000,리드코프,012700,KOSDAQ,0,20,-4667.0,46.0,10,0,2970.0,0.18,,,,,49.1,98.5,완전역배열,중립,False,False,20.3,B,2026-09-08 23:59:49
3001,태웅로직스,124560,KOSDAQ,0,1,-1837.0,1.0,7,0,1992.0,0.26,,,,,54.1,101.6,혼합,중립,False,False,25.9,D,2026-09-08 23:59:52
3002,가온그룹,078890,KOSDAQ,0,0,-11080.0,0.0,3,0,4180.0,0.57,,,,,103.8,95.4,완전역배열,중립,False,False,12.7,C,2026-09-08 23:59:56
3003,폴레드,487580,KOSDAQ,0,0,-2569.0,-5.0,7,2,3050.0,1.47,,,,,55.2,92.2,-,중립,False,False,0.2,B,2026-09-09 00:00:00
3004,초록뱀미디어,047820,KOSDAQ,2,2,2405.0,253.0,0,0,3140.0,0.29,,,,,67.5,98.6,완전역배열,중립,False,False,7.2,D,2026-09-09 00:00:04
3005,선바이오,067370,KOSDAQ,3,0,12339.0,0.0,0,0,6280.0,2.55,,,,,59.3,99.2,완전역배열,중립,False,False,39.3,C,2026-09-09 00:00:08
3006,블루콤,033560,KOSDAQ,0,0,-2432.0,-29.0,6,1,4485.0,0.39,,,,,47.6,101.3,완전정배열,중립,False,False,64.2,B,2026-09-09 00:00:11
3007,휴마시스,205470,KOSDAQ,0,1,-26260.0,626.0,3,0,3105.0,0.33,,,,,43.5,107.7,상향전환,중립,True,False,22.6,D,2026-09-09 00:00:16
3008,에이텍,045660,KOSDAQ,1,1,367.0,1.0,0,0,9260.0,0.62,,,,,26.3,100.8,완전정배열,중립,False,False,31.9,D,2026-09-09 00:00:20
3009,중앙에너비스,000440,KOSDAQ,0,0,-2905.0,0.0,1,0,12280.0,1.1,,,,,246.9,100.4,혼합,중립,False,False,4.1,D,2026-09-09 00:00:24
3010,TJ미디어,032540,KOSDAQ,0,0,-1580.0,0.0,3,0,3655.0,0.95,,,,,264.5,110.3,상향전환,상단돌파,True,True,44.4,C,2026-09-09 00:00:29
3011,엠엑스온,347890,KOSDAQ,1,0,723.0,0.0,0,0,4485.0,1.0,,,,,7.1,98.5,완전역배열,중립,False,False,16.8,D,2026-09-09 00:00:33
3012,젝시믹스,337930,KOSDAQ,1,2,11726.0,740.0,0,0,2570.0,0.63,,,,,156.8,91.7,완전역배열,하단이탈,False,False,0.5,B,2026-09-09 00:00:36
3013,데이타솔루션,263800,KOSDAQ,0,0,-18639.0,0.0,1,0,4700.0,2.13,,,,,67.5,91.9,하향전환,중립,False,False,12.7,C,2026-09-09 00:00:41
3014,이노메트리,302430,KOSDAQ,0,0,-55772.0,-5572.0,1,1,7770.0,1.31,,,,,102.0,109.9,상향전환,상단돌파,False,False,49.8,D,2026-09-09 00:00:45
3015,디와이피엔에프,104460,KOSDAQ,3,0,468.0,-5334.0,0,1,7240.0,0.46,,,,,101.8,94.4,완전역배열,중립,False,False,0.5,B,2026-09-09 00:00:49
3016,테라사이언스,073640,KOSDAQ,0,0,0.0,0.0,0,0,654.0,2.78,,,,,,100.0,혼합,중립,False,False,50.0,D,2026-09-09 00:00:52
3017,양지사,030960,KOSDAQ,0,0,-5469.0,0.0,2,0,4760.0,0.36,,,,,126.7,102.4,혼합,중립,False,False,13.1,D,2026-09-09 00:00:56
3018,HC보광산업,225530,KOSDAQ,2,0,4527.0,0.0,0,0,2090.0,0.83,,,,,72.1,102.1,혼합,중립,False,False,16.6,D,2026-09-09 00:01:01
3019,한일단조,024740,KOSDAQ,0,1,-35822.0,854.0,1,0,2305.0,0.49,,,,,231.2,100.6,혼합,중립,False,False,18.2,C,2026-09-09 00:01:05
3020,케이피에프,024880,KOSDAQ,0,0,-4615.0,-1010.0,5,1,3790.0,0.27,,,,,66.8,98.9,완전역배열,중립,False,False,13.4,B,2026-09-09 00:01:09
3021,에스넷,038680,KOSDAQ,0,0,-32943.0,0.0,4,0,3790.0,0.66,,,,,43.9,97.0,혼합,중립,False,False,27.7,B,2026-09-09 00:01:13
3022,한국가구,004590,KOSDAQ,0,0,-2938.0,-1.0,2,1,5030.0,0.37,,,,,53.7,99.3,완전역배열,중립,False,False,15.5,B,2026-09-09 00:01:18
3023,폴라리스AI,039980,KOSDAQ,1,0,5720.0,-131.0,0,1,5220.0,0.8,,,,,94.9,93.5,완전역배열,중립,False,False,13.2,D,2026-09-09 00:01:21
3024,원준,382840,KOSDAQ,0,20,-4201.0,52.0,1,0,4915.0,0.85,,,,,25.8,99.7,완전역배열,중립,False,False,18.9,D,2026-09-09 00:01:25
3025,엠게임,058630,KOSDAQ,0,0,-23341.0,-20007.0,2,15,3995.0,0.55,,,,,118.5,96.8,완전역배열,중립,False,False,7.0,B,2026-09-09 00:01:29
3026,이녹스,088390,KOSDAQ,3,0,1092.0,0.0,0,0,7990.0,0.4,,,,,79.2,103.1,혼합,중립,False,False,23.6,B,2026-09-09 00:01:34
3027,휴비츠,065510,KOSDAQ,0,0,-10314.0,-756.0,3,1,6890.0,0.66,,,,,44.4,100.7,혼합,중립,False,False,16.2,D,2026-09-09 00:01:38
3028,삐아,451250,KOSDAQ,1,0,253.0,0.0,0,0,7320.0,1.57,,,,,18.1,97.9,완전역배열,중립,False,False,17.6,C,2026-09-09 00:01:41
3029,KX하이텍,052900,KOSDAQ,0,0,-118520.0,-20861.0,2,1,974.0,0.47,,,,,48.9,91.0,완전역배열,중립,False,False,10.9,B,2026-09-09 00:01:45
3030,트루엔,417790,KOSDAQ,0,20,-2104.0,65579.0,1,0,7120.0,0.65,,,,,86.9,106.1,완전정배열,중립,False,False,50.8,B,2026-09-09 00:01:50
3031,수젠텍,253840,KOSDAQ,1,0,18288.0,0.0,0,0,4445.0,0.99,,,,,36.6,101.3,혼합,중립,False,False,19.4,D,2026-09-09 00:01:54
3032,뉴엔AI,463020,KOSDAQ,1,0,641.0,-118.0,0,2,8250.0,1.36,,,,,20.8,90.1,완전역배열,하단이탈,False,False,11.0,D,2026-09-09 00:01:58
3033,바이오에프디엔씨,251120,KOSDAQ,1,0,9175.0,-109.0,0,1,8520.0,1.0,,,,,87.9,98.2,완전역배열,중립,False,False,16.7,C,2026-09-09 00:02:02
3034,삼현철강,017480,KOSDAQ,0,0,-720.0,-1933.0,1,2,4795.0,0.37,,,,,115.4,99.1,혼합,중립,True,False,33.7,B,2026-09-09 00:02:06
3035,THE E&M,089230,KOSDAQ,0,0,-41566.0,-419.0,2,2,1878.0,2.5,,,,,48.7,93.5,완전역배열,하단이탈,False,False,28.0,D,2026-09-09 00:02:10
3036,씨티씨바이오,060590,KOSDAQ,0,0,-6504.0,-1507.0,1,1,3060.0,0.93,,,,,73.6,99.9,완전역배열,중립,False,False,9.6,B,2026-09-09 00:02:14
3037,정다운,208140,KOSDAQ,1,0,4544.0,-12286.0,0,3,2260.0,0.58,,,,,137.5,100.3,혼합,중립,False,False,28.6,C,2026-09-09 00:02:18
3038,녹십자엠에스,142280,KOSDAQ,0,0,-29901.0,-270.0,1,4,3080.0,1.37,,,,,149.2,105.5,혼합,중립,False,False,19.7,D,2026-09-09 00:02:22
3039,CG인바이츠,083790,KOSDAQ,2,0,62210.0,0.0,0,0,957.0,0.94,,,,,60.0,102.0,혼합,상단돌파,False,False,19.3,D,2026-09-09 00:02:26
3040,시공테크,020710,KOSDAQ,0,0,-15020.0,0.0,1,0,3670.0,0.37,,,,,51.9,101.6,혼합,중립,False,False,18.3,B,2026-09-09 00:02:31
3041,서플러스글로벌,140070,KOSDAQ,0,1,-41893.0,33121.0,1,0,1988.0,0.4,,,,,46.5,105.2,상향전환,중립,True,False,49.0,D,2026-09-09 00:02:35
3042,피제이메탈,128660,KOSDAQ,0,2,-13481.0,750.0,6,0,2955.0,0.9,,,,,13.8,99.1,완전역배열,중립,False,False,29.9,B,2026-09-09 00:02:40
3043,포바이포,389140,KOSDAQ,3,2,26362.0,227.0,0,0,5130.0,1.99,,,,,82.7,98.7,완전역배열,중립,False,False,10.7,D,2026-09-09 00:02:44
3044,신일제약,012790,KOSDAQ,0,0,-541.0,-431.0,1,1,6090.0,0.46,,,,,56.8,101.5,완전정배열,중립,False,False,63.5,C,2026-09-09 00:02:48
3045,현대공업,170030,KOSDAQ,0,0,-2880.0,-16.0,1,2,4745.0,0.4,,,,,54.0,97.2,완전역배열,중립,False,False,21.3,B,2026-09-09 00:02:52
3046,오텍,067170,KOSDAQ,6,0,156874.0,0.0,0,0,2650.0,0.69,,,,,53.7,100.7,완전정배열,중립,False,False,28.2,D,2026-09-09 00:02:56
3047,대창솔루션,096350,KOSDAQ,2,0,46747.0,0.0,0,0,1974.0,2.24,,,,,59.2,99.3,완전역배열,중립,False,False,22.1,D,2026-09-09 00:03:01
3048,유라테크,048430,KOSDAQ,0,0,-4754.0,0.0,1,0,6310.0,0.45,,,,,314.8,103.0,혼합,중립,False,False,25.5,B,2026-09-09 00:03:06
3049,키스트론,475430,KOSDAQ,0,0,-17505.0,0.0,2,0,4060.0,0.37,,,,,33.5,94.3,완전역배열,중립,False,False,16.5,B,2026-09-09 00:03:10
3050,뉴프렉스,085670,KOSDAQ,0,0,-13305.0,-6.0,1,2,2950.0,0.66,,,,,58.2,99.1,완전역배열,중립,False,False,13.7,B,2026-09-09 00:03:15
3051,유니크,011320,KOSDAQ,1,0,5226.0,0.0,0,0,3735.0,0.49,,,,,76.8,98.1,완전역배열,중립,False,False,18.9,B,2026-09-09 00:03:19
3052,뷰노,338220,KOSDAQ,0,0,-4758.0,-131.0,1,2,5150.0,2.02,,,,,120.1,76.6,완전역배열,하단이탈,False,False,0.6,D,2026-09-09 00:03:22
3053,센코,347000,KOSDAQ,0,0,-3780.0,0.0,4,0,1906.0,1.15,,,,,104.4,102.1,혼합,중립,False,False,45.1,B,2026-09-09 00:03:26
3054,오가닉티코스메틱,900300,KOSDAQ,2,0,28821.0,0.0,0,0,3500.0,0.09,,,,,15.9,111.6,혼합,중립,False,False,8.4,D,2026-09-09 00:03:30
3055,APS,054620,KOSDAQ,0,0,-5377.0,-391.0,2,1,3915.0,0.32,,,,,93.7,97.9,완전역배열,중립,False,False,8.5,B,2026-09-09 00:03:33
3056,폴라리스AI파마,041910,KOSDAQ,2,0,21765.0,0.0,0,0,5420.0,0.49,,,,,34.4,99.6,완전역배열,중립,False,False,21.5,B,2026-09-09 00:03:37
3057,레이,228670,KOSDAQ,1,3,8347.0,4.0,0,0,4595.0,0.88,,,,,16.7,96.9,완전역배열,중립,False,False,11.4,B,2026-09-09 00:03:41
3058,자이글,234920,KOSDAQ,0,0,0.0,0.0,0,0,5310.0,3.57,,,,,,100.0,혼합,중립,False,False,84.7,D,2026-09-09 00:03:45
3059,영화테크,265560,KOSDAQ,0,0,-1655.0,0.0,1,0,6720.0,0.68,,,,,108.0,96.4,완전역배열,중립,False,False,15.2,B,2026-09-09 00:03:49
3060,동국생명과학,303810,KOSDAQ,0,0,-2958.0,0.0,6,0,2245.0,0.54,,,,,53.0,98.9,완전역배열,중립,False,False,4.0,C,2026-09-09 00:03:53
3061,라이온켐텍,171120,KOSDAQ,0,0,-8499.0,-3673.0,2,1,1999.0,0.49,,,,,62.1,98.8,완전역배열,중립,False,False,7.6,B,2026-09-09 00:03:56
3062,한국컴퓨터,054040,KOSDAQ,0,0,-1495.0,-4.0,2,2,4465.0,0.34,,,,,41.4,97.0,완전역배열,중립,False,False,3.3,B,2026-09-09 00:04:01
3063,이상네트웍스,080010,KOSDAQ,0,0,-664.0,0.0,2,0,7280.0,0.45,,,,,104.9,94.9,혼합,중립,False,False,56.2,B,2026-09-09 00:04:05
3064,아이크래프트,052460,KOSDAQ,1,1,23262.0,2366.0,0,0,4895.0,1.43,,,,,86.7,76.2,혼합,하단이탈,False,False,41.6,C,2026-09-09 00:04:09
3065,엔브이에이치코리아,067570,KOSDAQ,2,1,22251.0,4277.0,0,0,1694.0,0.33,,,,,92.1,97.8,완전역배열,중립,False,False,11.3,D,2026-09-09 00:04:13
3066,현대에이치티,039010,KOSDAQ,1,1,9753.0,500.0,0,0,8280.0,0.64,,,,,83.0,102.7,혼합,중립,False,False,39.6,D,2026-09-09 00:04:18
3067,팅크웨어,084730,KOSDAQ,3,0,11370.0,0.0,0,0,6420.0,0.32,,,,,388.3,98.9,완전역배열,중립,False,False,17.6,D,2026-09-09 00:04:22
3068,아이디피,332370,KOSDAQ,0,0,-19.0,0.0,1,0,5360.0,0.86,,,,,76.7,100.5,완전정배열,중립,False,False,72.1,B,2026-09-09 00:04:26
3069,싸이토젠,217330,KOSDAQ,1,0,108.0,-4891.0,0,3,3065.0,2.12,,,,,93.1,92.6,완전역배열,중립,False,False,9.0,D,2026-09-09 00:04:30
3070,세원물산,024830,KOSDAQ,0,0,-55.0,0.0,5,0,8490.0,0.18,,,,,30.6,97.6,완전역배열,중립,False,False,8.6,B,2026-09-09 00:04:34
3071,옵티팜,153710,KOSDAQ,0,0,-1173.0,0.0,4,0,4830.0,2.89,,,,,93.8,100.7,혼합,중립,False,False,34.7,D,2026-09-09 00:04:37
3072,해성옵틱스,076610,KOSDAQ,0,0,-42902.0,0.0,2,0,1196.0,2.17,,,,,23.1,90.3,완전역배열,하단이탈,False,False,29.1,D,2026-09-09 00:04:41
3073,티에스아이,277880,KOSDAQ,0,0,-367.0,0.0,1,0,3570.0,0.63,,,,,104.1,101.3,혼합,중립,False,False,29.1,B,2026-09-09 00:04:45
3074,피제이전자,006140,KOSDAQ,0,2,-10609.0,13200.0,2,0,4760.0,0.5,,,,,84.8,97.9,완전역배열,중립,False,False,9.4,B,2026-09-09 00:04:49
3075,기가레인,049080,KOSDAQ,0,0,-38871.0,0.0,2,0,8330.0,1.89,,,,,116.4,96.5,완전역배열,중립,False,False,17.2,D,2026-09-09 00:04:54
3076,일지테크,019540,KOSDAQ,0,1,-7185.0,316.0,2,0,5230.0,0.32,,,,,45.5,93.1,완전역배열,중립,False,False,33.5,B,2026-09-09 00:04:58
3077,아미코젠,092040,KOSDAQ,0,0,-4585.0,-3775.0,2,2,1000.0,0.6,,,,,54.1,99.7,완전역배열,중립,False,False,2.1,D,2026-09-09 00:05:02
3078,마음AI,377480,KOSDAQ,3,0,23743.0,0.0,0,0,9890.0,3.16,,,,,65.4,94.6,완전역배열,중립,False,False,11.5,D,2026-09-09 00:05:07
3079,라파스,214260,KOSDAQ,0,0,-491.0,0.0,7,0,7880.0,2.59,,,,,92.1,94.5,완전역배열,중립,False,False,15.7,D,2026-09-09 00:05:10
3080,신신제약,002800,KOSDAQ,0,0,-7337.0,0.0,2,0,4625.0,0.89,,,,,47.6,102.1,혼합,중립,False,False,23.5,B,2026-09-09 00:05:14
3081,내츄럴엔도텍,168330,KOSDAQ,0,0,-1162.0,-997.0,19,1,2200.0,2.92,,,,,62.9,102.1,혼합,중립,False,False,21.9,D,2026-09-09 00:05:18
3082,앱튼,270520,KOSDAQ,0,0,-10553.0,0.0,3,0,3015.0,0.75,,,,,81.7,82.6,혼합,하단이탈,False,False,19.3,D,2026-09-09 00:05:23
3083,레이저쎌,412350,KOSDAQ,0,0,-6336.0,-38117.0,3,1,4775.0,3.02,,,,,185.0,110.4,혼합,중립,False,False,24.5,D,2026-09-09 00:05:27
3084,아이에스티이,212710,KOSDAQ,0,0,-13034.0,0.0,1,0,7170.0,2.91,,,,,81.8,92.2,완전역배열,중립,False,False,15.8,D,2026-09-09 00:05:30
3085,빛샘전자,072950,KOSDAQ,0,0,-119710.0,-265.0,2,2,8640.0,0.78,,,,,84.3,94.5,완전역배열,중립,False,False,19.1,B,2026-09-09 00:05:34
3086,딜리셔스,483350,KOSDAQ,0,8,-122917.0,265654.0,1,0,3135.0,2.75,,,,,,,-,중립,False,False,8.4,C,2026-09-09 00:05:38
3087,특수건설,026150,KOSDAQ,1,6,4964.0,908.0,0,0,3940.0,0.77,,,,,73.4,99.3,완전역배열,중립,False,False,17.5,D,2026-09-09 00:05:42
3088,디에이테크놀로지,196490,KOSDAQ,0,0,0.0,0.0,0,0,6090.0,13.38,,,,,,100.0,혼합,중립,False,False,100.0,D,2026-09-09 00:05:45
3089,파로스아이바이오,388870,KOSDAQ,1,0,1544.0,-3169.0,0,1,5340.0,7.11,,,,,91.9,96.1,완전역배열,중립,False,False,19.4,D,2026-09-09 00:05:49
3090,화일약품,061250,KOSDAQ,0,0,-5145.0,0.0,2,0,8200.0,0.32,,,,,206.0,105.8,상향전환,중립,True,False,16.5,C,2026-09-09 00:05:53
3091,크리스에프앤씨,110790,KOSDAQ,0,0,-9.0,0.0,5,0,2945.0,0.16,,,,,48.2,100.0,혼합,중립,False,False,17.3,D,2026-09-09 00:05:57
3092,싸이닉솔루션,234030,KOSDAQ,0,0,-5946.0,0.0,1,0,2920.0,1.75,,,,,99.5,95.2,완전역배열,중립,False,False,8.9,C,2026-09-09 00:06:01
3093,셀리드,299660,KOSDAQ,3,0,85988.0,0.0,0,0,2335.0,1.28,,,,,43.9,111.1,상향전환,중립,True,False,36.0,D,2026-09-09 00:06:04
3094,탑머티리얼,360070,KOSDAQ,0,2,-330.0,1253.0,2,0,8400.0,0.68,,,,,51.0,96.1,완전역배열,중립,False,False,8.5,D,2026-09-09 00:06:08
3095,KT지니뮤직,043610,KOSDAQ,1,0,16141.0,0.0,0,0,1182.0,0.48,,,,,63.2,97.6,완전역배열,중립,False,False,3.9,D,2026-09-09 00:06:12
3096,한울반도체,320000,KOSDAQ,0,0,-1340.0,0.0,2,0,9930.0,3.44,,,,,219.0,99.6,완전역배열,중립,False,False,13.0,D,2026-09-09 00:06:16
3097,다이나믹솔루션,290660,KOSDAQ,0,0,-18834.0,-24145.0,2,2,1602.0,1.24,,,,,61.0,89.5,완전역배열,하단이탈,False,False,17.6,D,2026-09-09 00:06:20
3098,아이티센엔텍,010280,KOSDAQ,0,0,-9183.0,0.0,2,0,5250.0,0.59,,,,,43.3,98.3,완전역배열,중립,False,False,30.8,B,2026-09-09 00:06:24
3099,블루엠텍,439580,KOSDAQ,0,1,-12172.0,5000.0,2,0,2020.0,1.39,,,,,97.7,109.4,혼합,상단돌파,False,False,12.8,C,2026-09-09 00:06:28
3100,풍원정밀,371950,KOSDAQ,1,0,37980.0,-37777.0,0,4,2900.0,7.32,,,,,108.1,81.1,완전역배열,하단이탈,False,False,0.2,D,2026-09-09 00:06:32
3101,대륙제관,004780,KOSDAQ,1,0,1996.0,-2316.0,0,2,4290.0,0.42,,,,,103.0,102.2,완전정배열,중립,False,False,97.8,B,2026-09-09 00:06:36
3102,알트,459550,KOSDAQ,0,0,-206389.0,-2582.0,1,3,2705.0,1.42,,,,,135.4,106.1,완전정배열,상단돌파,False,True,32.6,D,2026-09-09 00:06:40
3103,TPC로보틱스,048770,KOSDAQ,0,0,-23092.0,-993.0,2,1,4315.0,1.9,,,,,368.2,117.3,상향전환,상단돌파,True,True,27.5,D,2026-09-09 00:06:44
3104,포니링크,064800,KOSDAQ,0,0,-4622.0,-2.0,3,5,2645.0,0.4,,,,,62.8,97.4,완전역배열,중립,False,False,25.9,D,2026-09-09 00:06:48
3105,바이오스마트,038460,KOSDAQ,0,0,-14765.0,0.0,1,0,2675.0,0.45,,,,,80.2,97.7,완전역배열,중립,False,False,8.0,B,2026-09-09 00:06:52
3106,알에프텍,061040,KOSDAQ,0,0,-1735.0,0.0,1,0,7470.0,0.32,,,,,64.9,108.5,혼합,중립,False,False,20.7,D,2026-09-09 00:06:56
3107,잉크테크,049550,KOSDAQ,0,0,-1088.0,0.0,4,0,3445.0,0.82,,,,,82.4,99.0,혼합,중립,False,False,41.4,B,2026-09-09 00:07:00
3108,동일금속,109860,KOSDAQ,1,2,38.0,2550.0,0,0,7420.0,0.4,,,,,123.7,101.6,완전정배열,중립,False,False,25.9,C,2026-09-09 00:07:04
3109,레몬헬스케어,365660,KOSDAQ,3,0,263450.0,-834.0,0,1,5010.0,3.69,,,,,102.3,92.0,-,중립,False,False,7.2,D,2026-09-09 00:07:08
3110,예림당,036000,KOSDAQ,0,0,-4124.0,0.0,5,0,2925.0,0.25,,,,,23.4,100.4,혼합,중립,False,False,27.5,B,2026-09-09 00:07:11
3111,피앤에스로보틱스,460940,KOSDAQ,3,0,31576.0,0.0,0,0,5000.0,1.58,,,,,56.3,95.0,완전역배열,중립,False,False,12.5,D,2026-09-09 00:07:15
3112,아이큐어,175250,KOSDAQ,0,0,-104232.0,0.0,4,0,1790.0,2.38,,,,,400.0,80.2,완전역배열,하단이탈,False,False,1.9,D,2026-09-09 00:07:19
3113,한국전자인증,041460,KOSDAQ,0,4,-6914.0,28675.0,2,0,3530.0,0.94,,,,,60.0,101.2,혼합,중립,False,False,27.6,C,2026-09-09 00:07:23
3114,모델솔루션,417970,KOSDAQ,0,0,-4952.0,0.0,2,0,10470.0,0.9,,,,,78.6,96.9,완전역배열,중립,False,False,8.3,B,2026-09-09 00:07:27
3115,넥스트칩,396270,KOSDAQ,3,0,135162.0,0.0,0,0,2030.0,4.87,,,,,98.6,95.8,완전역배열,중립,False,False,7.6,D,2026-09-09 00:07:30
3116,나래나노텍,137080,KOSDAQ,0,0,-2270.0,0.0,2,0,6220.0,0.49,,,,,32.8,99.3,혼합,중립,False,False,79.6,B,2026-09-09 00:07:34
3117,팬젠,222110,KOSDAQ,0,0,-33.0,0.0,1,0,4925.0,2.16,,,,,33.7,100.4,혼합,중립,False,False,16.4,D,2026-09-09 00:07:38
3118,팬스타엔터프라이즈,054300,KOSDAQ,0,0,-47389.0,0.0,2,0,1150.0,0.74,,,,,112.5,105.3,완전정배열,중립,False,False,32.2,D,2026-09-09 00:07:42
3119,와이즈넛,096250,KOSDAQ,0,0,-2072.0,0.0,1,0,5610.0,1.16,,,,,78.3,93.7,완전역배열,중립,False,False,4.9,D,2026-09-09 00:07:46
3120,디지틀조선,033130,KOSDAQ,0,4,-10674.0,18811.0,1,0,1783.0,0.69,,,,,168.2,96.7,완전역배열,중립,False,False,24.8,B,2026-09-09 00:07:50
3121,남화산업,111710,KOSDAQ,0,0,-14485.0,0.0,3,0,3195.0,0.35,,,,,104.2,102.7,혼합,중립,False,False,11.4,B,2026-09-09 00:07:54
3122,위메이드플레이,123420,KOSDAQ,1,0,722.0,0.0,0,0,6320.0,0.24,,,,,14.5,98.1,완전역배열,중립,False,False,21.6,B,2026-09-09 00:07:58
3123,지구홀딩스,221800,KOSDAQ,1,0,10119.0,0.0,0,0,4020.0,1.14,,,,,72.8,95.8,완전역배열,중립,False,False,12.3,D,2026-09-09 00:08:01
3124,삼기,122350,KOSDAQ,1,0,37575.0,0.0,0,0,1709.0,0.67,,,,,72.8,105.7,완전정배열,중립,False,False,57.9,D,2026-09-09 00:08:06
3125,벡트,457600,KOSDAQ,0,0,-11469.0,0.0,7,0,4760.0,4.04,,,,,73.6,107.1,완전정배열,중립,False,False,78.1,D,2026-09-09 00:08:10
3126,애드바이오텍,179530,KOSDAQ,0,0,-15548.0,0.0,1,0,2405.0,2.29,,,,,68.6,103.8,완전정배열,중립,False,False,35.8,D,2026-09-09 00:08:14
3127,인지소프트,100030,KOSDAQ,0,0,-2798.0,0.0,3,0,19850.0,0.4,,,,,82.1,99.7,혼합,중립,False,False,54.2,B,2026-09-09 00:08:17
3128,삼륭물산,014970,KOSDAQ,0,0,-10552.0,0.0,1,0,4385.0,1.12,,,,,141.9,99.1,완전역배열,중립,False,False,10.0,C,2026-09-09 00:08:21
3129,티플랙스,081150,KOSDAQ,0,4,-28286.0,54882.0,10,0,2675.0,0.39,,,,,73.4,98.5,완전역배열,중립,False,False,12.1,C,2026-09-09 00:08:25
3130,원일티엔아이,136150,KOSDAQ,0,0,-810.0,0.0,1,0,7740.0,1.33,,,,,68.2,97.6,완전역배열,중립,False,False,9.9,D,2026-09-09 00:08:29
3131,프로티아,303360,KOSDAQ,3,0,29996.0,0.0,0,0,5020.0,1.95,,,,,133.6,102.8,완전정배열,중립,False,False,41.7,C,2026-09-09 00:08:33
3132,큐에스아이,066310,KOSDAQ,0,0,-13215.0,0.0,2,0,6930.0,0.69,,,,,111.0,95.0,완전역배열,중립,False,False,9.0,B,2026-09-09 00:08:37
3133,디에스엠,104040,KOSDAQ,1,0,1711.0,0.0,0,0,2395.0,0.58,,,,,63.4,93.1,완전역배열,하단이탈,False,False,19.5,D,2026-09-09 00:08:40
3134,비엘팜텍,065170,KOSDAQ,3,1,95670.0,2.0,0,0,2300.0,7.72,,,,,70.7,102.4,혼합,중립,False,False,28.2,D,2026-09-09 00:08:44
3135,국순당,043650,KOSDAQ,0,1,-3377.0,2255.0,5,0,3590.0,0.24,,,,,169.0,98.9,완전역배열,중립,False,False,23.8,C,2026-09-09 00:08:48
3136,샌즈랩,411080,KOSDAQ,0,0,-2534.0,-943.0,2,1,4195.0,1.3,,,,,40.7,99.5,완전역배열,중립,False,False,16.6,D,2026-09-09 00:08:52
3137,지아이텍,382480,KOSDAQ,0,0,-840.0,0.0,5,0,1616.0,0.73,,,,,74.2,95.6,완전역배열,중립,False,False,4.9,C,2026-09-09 00:08:56
3138,유니테크노,241690,KOSDAQ,0,0,-3852.0,-1301.0,6,2,2595.0,0.44,,,,,73.7,98.3,완전역배열,중립,False,False,15.6,D,2026-09-09 00:09:00
3139,푸드웰,005670,KOSDAQ,0,0,-5175.0,-5000.0,10,2,6340.0,0.52,,,,,45.0,99.6,혼합,중립,False,False,18.8,B,2026-09-09 00:09:04
3140,케이엘넷,039420,KOSDAQ,4,0,18438.0,0.0,0,0,2760.0,0.82,,,,,57.8,98.9,완전역배열,중립,False,False,40.5,B,2026-09-09 00:09:07
3141,흥국,010240,KOSDAQ,1,0,1293.0,-376.0,0,2,5410.0,0.49,,,,,87.5,99.0,완전역배열,중립,False,False,48.5,B,2026-09-09 00:09:11
3142,아이엠티,451220,KOSDAQ,0,0,-2950.0,0.0,1,0,8010.0,1.71,,,,,79.2,91.1,완전역배열,하단이탈,False,False,13.3,C,2026-09-09 00:09:15
3143,아우토크립트,331740,KOSDAQ,0,0,-1602.0,0.0,2,0,6460.0,2.4,,,,,65.7,98.4,완전역배열,중립,False,False,7.6,D,2026-09-09 00:09:18
3144,레뷰코퍼레이션,443250,KOSDAQ,1,0,335.0,0.0,0,0,5820.0,1.22,,,,,84.7,97.5,완전역배열,중립,False,False,15.4,C,2026-09-09 00:09:22
3145,소마젠,950200,KOSDAQ,0,0,-3173.0,0.0,1,0,3270.0,1.97,,,,,48.2,100.3,완전정배열,중립,False,False,38.5,D,2026-09-09 00:09:26
3146,이화공영,001840,KOSDAQ,0,0,0.0,0.0,0,0,2215.0,4.62,,,,,,100.0,혼합,중립,False,False,100.0,D,2026-09-09 00:09:30
3147,비트컴퓨터,032850,KOSDAQ,0,1,-1970.0,1.0,7,0,3765.0,0.75,,,,,75.6,95.3,완전역배열,중립,False,False,14.1,B,2026-09-09 00:09:34
3148,화성밸브,039610,KOSDAQ,0,0,-30973.0,0.0,1,0,6010.0,0.64,,,,,217.7,102.6,혼합,중립,False,False,23.6,B,2026-09-09 00:09:38
3149,셀바스헬스케어,208370,KOSDAQ,0,0,-2452.0,0.0,9,0,2430.0,0.82,,,,,42.3,96.3,완전역배열,중립,False,False,5.6,B,2026-09-09 00:09:41
3150,아고스,175140,KOSDAQ,0,0,-4521.0,0.0,7,0,2500.0,1.57,,,,,52.7,100.5,혼합,중립,False,False,19.3,D,2026-09-09 00:09:45
3151,인크로스,216050,KOSDAQ,0,0,-3307.0,-453.0,9,2,5110.0,0.47,,,,,112.6,99.1,완전역배열,중립,False,False,21.1,B,2026-09-09 00:09:49
3152,이오플로우,294090,KOSDAQ,0,0,0.0,0.0,0,0,1490.0,1.31,,,,,,100.0,혼합,중립,False,False,50.0,B,2026-09-09 00:09:53
3153,3S,060310,KOSDAQ,0,0,-3400.0,-365.0,7,1,1171.0,1.4,,,,,28.7,101.4,혼합,중립,False,False,28.2,D,2026-09-09 00:09:57
3154,프리엠스,053160,KOSDAQ,5,0,20290.0,0.0,0,0,10350.0,0.64,,,,,129.4,105.4,완전정배열,중립,False,False,90.8,D,2026-09-09 00:10:01
3155,스마트레이더시스템,424960,KOSDAQ,0,0,-5171.0,0.0,2,0,3750.0,2.32,,,,,99.5,98.3,완전역배열,중립,False,False,13.2,D,2026-09-09 00:10:06
3156,티이엠씨씨엔에스,241790,KOSDAQ,0,7,-4956.0,54712.0,1,0,6180.0,0.52,,,,,80.4,105.8,혼합,중립,False,False,37.4,D,2026-09-09 00:10:10
3157,이엔셀,456070,KOSDAQ,1,0,1374.0,0.0,0,0,5590.0,2.21,,,,,42.7,93.8,완전역배열,중립,False,False,4.9,D,2026-09-09 00:10:14
3158,홈캐스트,064240,KOSDAQ,0,0,-12678.0,0.0,6,0,1777.0,0.75,,,,,72.8,107.2,상향전환,중립,False,False,43.6,D,2026-09-09 00:10:18
3159,오비고,352910,KOSDAQ,0,0,-1307.0,-683.0,7,3,4870.0,1.8,,,,,76.8,117.9,상향전환,상단돌파,False,False,41.9,D,2026-09-09 00:10:22
3160,피엠티,147760,KOSDAQ,0,0,-6305.0,-2000.0,2,1,3070.0,1.29,,,,,47.4,94.5,완전역배열,중립,False,False,14.7,D,2026-09-09 00:10:26
3161,한켐,457370,KOSDAQ,3,0,41638.0,-1206.0,0,1,7610.0,1.01,,,,,21.9,91.5,완전역배열,하단이탈,False,False,18.6,C,2026-09-09 00:10:30
3162,참좋은여행,094850,KOSDAQ,0,0,-1841.0,0.0,2,0,4380.0,0.59,,,,,39.3,100.4,혼합,중립,False,False,11.9,B,2026-09-09 00:10:34
3163,유비벨록스,089850,KOSDAQ,8,0,12061.0,-14.0,0,2,4140.0,0.45,,,,,89.9,99.6,완전역배열,중립,False,False,15.4,D,2026-09-09 00:10:38
3164,에이비온,203400,KOSDAQ,0,0,0.0,0.0,0,0,676.0,1.15,,,,,0.0,97.2,완전역배열,중립,False,False,15.0,D,2026-09-09 00:10:42
3165,컴투스엔,291230,KOSDAQ,2,0,41119.0,-305.0,0,1,2535.0,1.0,,,,,90.1,99.7,완전역배열,중립,False,False,11.6,D,2026-09-09 00:10:46
3166,테고사이언스,191420,KOSDAQ,0,0,-770.0,0.0,20,0,7480.0,1.37,,,,,34.1,97.7,완전역배열,중립,False,False,15.9,D,2026-09-09 00:10:50
3167,대주산업,003310,KOSDAQ,0,3,-4800.0,10310.0,1,0,1704.0,0.53,,,,,124.4,100.5,혼합,중립,False,False,7.4,B,2026-09-09 00:10:54
3168,SGC E&C,016250,KOSDAQ,0,0,-595.0,-15.0,3,1,11970.0,0.19,,,,,73.1,98.9,완전역배열,중립,False,False,17.4,D,2026-09-09 00:10:58
3169,서울평가정보,036120,KOSDAQ,0,7,-9828.0,140244.0,2,0,1708.0,1.66,,,,,109.4,103.7,혼합,중립,False,False,27.3,B,2026-09-09 00:11:01
3170,원풍,008370,KOSDAQ,2,0,155.0,0.0,0,0,4995.0,0.54,,,,,134.9,100.0,완전정배열,중립,False,False,46.0,B,2026-09-09 00:11:05
3171,부방,014470,KOSDAQ,1,0,23929.0,-7028.0,0,1,998.0,0.31,,,,,221.2,102.9,혼합,중립,False,False,29.8,D,2026-09-09 00:11:09
3172,HLB제넥스,187420,KOSDAQ,0,1,-22413.0,238.0,2,0,1834.0,1.11,,,,,56.7,100.0,완전역배열,중립,False,False,21.7,B,2026-09-09 00:11:13
3173,다원넥스뷰,323350,KOSDAQ,0,0,-902.0,0.0,1,0,7450.0,2.83,,,,,90.5,91.9,완전역배열,중립,False,False,10.8,C,2026-09-09 00:11:17
3174,디티씨,066670,KOSDAQ,0,0,-348.0,0.0,2,0,3190.0,0.3,,,,,46.3,102.6,완전정배열,중립,False,False,64.5,C,2026-09-09 00:11:20
3175,희림,037440,KOSDAQ,1,0,11513.0,0.0,0,0,4265.0,0.61,,,,,56.5,102.0,혼합,중립,False,False,26.8,B,2026-09-09 00:11:24
3176,아모센스,357580,KOSDAQ,0,3,-7961.0,8654.0,6,0,5030.0,1.28,,,,,105.2,88.1,완전역배열,하단이탈,False,False,3.6,D,2026-09-09 00:11:28
3177,코츠테크놀로지,448710,KOSDAQ,3,0,10791.0,-1575.0,0,2,11180.0,0.9,,,,,81.9,97.1,완전역배열,중립,False,False,11.5,B,2026-09-09 00:11:32
3178,삼천리자전거,024950,KOSDAQ,1,0,52032.0,-18922.0,0,2,4765.0,0.56,,,,,52.4,103.2,완전정배열,중립,False,False,42.3,C,2026-09-09 00:11:36
3179,태양,053620,KOSDAQ,2,0,296.0,0.0,0,0,6870.0,0.27,,,,,52.3,102.2,상향전환,중립,False,False,61.5,B,2026-09-09 00:11:40
3180,지에스이,053050,KOSDAQ,4,3,120638.0,6951.0,0,0,1970.0,0.57,,,,,182.1,104.4,혼합,중립,False,False,18.9,C,2026-09-09 00:11:44
3181,이건홀딩스,039020,KOSDAQ,3,2,17003.0,14400.0,0,0,2615.0,0.31,,,,,24.8,96.1,완전역배열,중립,False,False,12.6,D,2026-09-09 00:11:48
3182,토탈소프트,045340,KOSDAQ,7,1,43807.0,5000.0,0,0,6900.0,1.43,,,,,80.8,101.0,상향전환,중립,False,False,31.4,B,2026-09-09 00:11:52
3183,제이씨현시스템,033320,KOSDAQ,2,1,9856.0,1.0,0,0,3085.0,0.49,,,,,18.8,99.6,완전역배열,중립,False,False,19.1,B,2026-09-09 00:11:56
3184,좋은사람들,033340,KOSDAQ,0,0,-1549254.0,0.0,1,0,607.0,1.09,,,,,178.4,127.4,혼합,상단돌파,False,False,23.3,D,2026-09-09 00:12:00
3185,엔시스,333620,KOSDAQ,4,1,2835.0,277.0,0,0,5350.0,1.04,,,,,84.6,96.8,완전역배열,중립,False,False,18.8,D,2026-09-09 00:12:04
3186,FSN,214270,KOSDAQ,0,1,-782.0,938.0,1,0,1300.0,0.97,,,,,52.9,96.6,완전역배열,중립,False,False,6.2,D,2026-09-09 00:12:08
3187,와이엠씨,155650,KOSDAQ,0,0,-3834.0,0.0,5,0,3100.0,0.47,,,,,23.1,100.4,혼합,중립,False,False,23.4,C,2026-09-09 00:12:11
3188,오리콤,010470,KOSDAQ,3,0,651.0,0.0,0,0,4905.0,0.44,,,,,104.7,101.4,혼합,중립,False,False,24.5,B,2026-09-09 00:12:15
3189,쿼드메디슨,464490,KOSDAQ,1,0,18506.0,-4370.0,0,1,5100.0,2.39,,,,,108.8,92.7,완전역배열,중립,False,False,1.6,D,2026-09-09 00:12:19
3190,수산아이앤티,050960,KOSDAQ,1,0,103.0,0.0,0,0,8670.0,0.62,,,,,90.4,99.4,혼합,중립,False,False,42.2,B,2026-09-09 00:12:23
3191,비트플래닛,049470,KOSDAQ,2,0,4732.0,0.0,0,0,2480.0,1.16,,,,,27.7,110.2,상향전환,상단돌파,False,False,7.8,D,2026-09-09 00:12:27
3192,해성에어로보틱스,059270,KOSDAQ,1,0,320.0,0.0,0,0,5210.0,1.43,,,,,105.2,92.6,완전역배열,중립,False,False,3.6,D,2026-09-09 00:12:31
3193,DGI,099520,KOSDAQ,0,0,0.0,0.0,0,0,1284.0,2.39,,,,,,100.0,혼합,중립,False,False,50.0,D,2026-09-09 00:12:35
3194,엠투엔,033310,KOSDAQ,2,20,14677.0,84261.0,0,0,1449.0,0.37,,,,,37.8,103.5,혼합,중립,False,False,26.5,D,2026-09-09 00:12:39
3195,셀바이오휴먼텍,318160,KOSDAQ,0,0,-8599.0,0.0,3,0,6200.0,0.83,,,,,31.9,96.8,하향전환,중립,False,False,18.9,B,2026-09-09 00:12:43
3196,LK삼양,225190,KOSDAQ,0,0,0.0,0.0,0,0,821.0,2.06,,,,,26.1,87.3,완전역배열,하단이탈,False,False,26.0,D,2026-09-09 00:12:47
3197,이글루,067920,KOSDAQ,0,3,-1602.0,5402.0,2,0,5260.0,0.75,,,,,46.3,98.3,완전역배열,중립,False,False,16.1,D,2026-09-09 00:12:51
3198,위닉스,044340,KOSDAQ,0,0,-5165.0,0.0,2,0,3230.0,0.72,,,,,27.5,90.4,완전역배열,하단이탈,False,False,3.7,D,2026-09-09 00:12:55
3199,우리산업,215360,KOSDAQ,0,0,-6244.0,0.0,3,0,6320.0,0.45,,,,,67.0,97.1,완전역배열,중립,False,False,14.8,B,2026-09-09 00:12:59
3200,웨이브일렉트로,095270,KOSDAQ,0,0,-14126.0,-1242.0,2,3,4015.0,0.95,,,,,80.8,97.3,완전역배열,중립,False,False,9.0,D,2026-09-09 00:13:03
3201,옵트론텍,082210,KOSDAQ,0,0,-1707.0,0.0,7,0,1650.0,0.89,,,,,112.4,97.5,완전역배열,중립,False,False,31.5,D,2026-09-09 00:13:06
3202,한국첨단소재,062970,KOSDAQ,0,0,-66061.0,-410.0,2,1,2020.0,1.47,,,,,96.5,83.3,완전역배열,하단이탈,False,False,20.0,D,2026-09-09 00:13:10
3203,위지트,036090,KOSDAQ,0,0,-21298.0,0.0,5,0,1351.0,0.38,,,,,214.1,97.9,완전역배열,중립,False,False,20.7,C,2026-09-09 00:13:14
3204,제이엔케이글로벌,126880,KOSDAQ,0,0,-3303.0,-38.0,2,1,2480.0,0.3,,,,,14.7,95.5,완전역배열,중립,False,False,6.9,C,2026-09-09 00:13:18
3205,머큐리,100590,KOSDAQ,0,0,-15736.0,-111.0,2,3,3350.0,0.39,,,,,55.7,92.9,완전역배열,중립,False,False,8.5,D,2026-09-09 00:13:22
3206,오픈베이스,049480,KOSDAQ,0,0,-11580.0,0.0,2,0,1827.0,0.55,,,,,96.7,97.3,완전역배열,중립,False,False,11.4,B,2026-09-09 00:13:26
3207,덕우전자,263600,KOSDAQ,0,15,-10017.0,31.0,2,0,3580.0,0.47,,,,,71.5,97.5,완전역배열,중립,False,False,18.9,B,2026-09-09 00:13:30
3208,에이프로,262260,KOSDAQ,2,1,26081.0,214.0,0,0,3765.0,0.93,,,,,98.1,103.7,혼합,상단돌파,False,False,15.4,D,2026-09-09 00:13:34
3209,드림어스컴퍼니,060570,KOSDAQ,0,0,-889.0,-965.0,3,1,3820.0,0.39,,,,,91.8,106.2,혼합,중립,False,False,6.6,D,2026-09-09 00:13:38
3210,진양제약,007370,KOSDAQ,0,0,-2923.0,-1907.0,2,2,4005.0,0.35,,,,,74.1,99.9,완전역배열,중립,False,False,24.3,B,2026-09-09 00:13:42
3211,디알젬,263690,KOSDAQ,0,1,-1220.0,199.0,9,0,4985.0,0.55,,,,,85.4,99.5,완전역배열,중립,False,False,20.2,B,2026-09-09 00:13:45
3212,브이원텍,251630,KOSDAQ,0,0,-3029.0,0.0,5,0,3535.0,0.55,,,,,77.3,96.8,완전역배열,중립,False,False,5.3,D,2026-09-09 00:13:49
3213,유신,054930,KOSDAQ,1,1,1258.0,33.0,0,0,18760.0,0.36,,,,,52.3,101.2,혼합,중립,False,False,30.0,B,2026-09-09 00:13:53
3214,이닉스,452400,KOSDAQ,0,0,-2013.0,0.0,1,0,6200.0,0.44,,,,,157.8,101.4,혼합,중립,False,False,15.5,D,2026-09-09 00:13:57
3215,와이어블,065530,KOSDAQ,0,0,-2007.0,0.0,2,0,1175.0,0.72,,,,,49.8,96.2,완전역배열,중립,False,False,7.5,B,2026-09-09 00:14:01
3216,레몬,294140,KOSDAQ,0,0,-3905.0,0.0,2,0,2250.0,7.65,,,,,18.9,99.1,완전역배열,중립,False,False,12.7,D,2026-09-09 00:14:05
3217,구영테크,053270,KOSDAQ,0,0,-433.0,0.0,9,0,2040.0,0.33,,,,,40.8,100.4,혼합,중립,False,False,28.6,B,2026-09-09 00:14:09
3218,앤디포스,238090,KOSDAQ,0,0,-1130.0,0.0,1,0,1833.0,0.51,,,,,72.7,95.1,완전역배열,중립,False,False,11.3,C,2026-09-09 00:14:12
3219,경창산업,024910,KOSDAQ,0,0,-35588.0,0.0,2,0,1560.0,0.45,,,,,43.2,99.6,완전역배열,중립,False,False,27.5,D,2026-09-09 00:14:16
3220,고바이오랩,348150,KOSDAQ,0,0,-6132.0,0.0,1,0,2875.0,1.96,,,,,69.9,95.2,완전역배열,중립,False,False,8.8,D,2026-09-09 00:14:20
3221,에스엠씨지,460870,KOSDAQ,0,0,-4352.0,-1000.0,10,1,2780.0,1.24,,,,,46.1,99.8,완전역배열,중립,False,False,18.9,C,2026-09-09 00:14:23
3222,서전기전,189860,KOSDAQ,0,1,-139250.0,9611.0,1,0,5750.0,1.67,,,,,250.6,101.9,혼합,상단돌파,False,False,33.8,B,2026-09-09 00:14:27
3223,성원에너텍,340930,KOSDAQ,0,0,0.0,0.0,0,0,806.0,1.25,,,,,,100.0,혼합,중립,False,False,34.0,D,2026-09-09 00:14:31
3224,엔젯,419080,KOSDAQ,0,1,-684.0,130.0,1,0,5100.0,1.48,,,,,87.8,89.0,혼합,하단이탈,False,False,21.4,D,2026-09-09 00:14:35
3225,와이엠텍,273640,KOSDAQ,4,0,8811.0,0.0,0,0,5030.0,0.81,,,,,53.8,99.3,완전역배열,중립,False,False,11.2,D,2026-09-09 00:14:40
3226,위츠,459100,KOSDAQ,0,0,-938.0,0.0,1,0,4080.0,1.3,,,,,67.9,95.2,완전역배열,중립,False,False,16.5,D,2026-09-09 00:14:43
3227,에스디생명공학,217480,KOSDAQ,0,0,0.0,0.0,0,0,499.0,2.02,,,,,,100.0,혼합,중립,False,False,100.0,D,2026-09-09 00:14:47
3228,퀀텀레일,070300,KOSDAQ,1,0,35396.0,-18.0,0,2,1540.0,1.15,,,,,46.2,88.9,완전역배열,하단이탈,False,False,16.0,D,2026-09-09 00:14:51
3229,알체라,347860,KOSDAQ,3,1,66896.0,127.0,0,0,1297.0,2.84,,,,,124.5,94.1,완전역배열,중립,False,False,4.8,D,2026-09-09 00:14:55
3230,삼양케이씨아이,036670,KOSDAQ,0,0,-3027.0,0.0,14,0,5060.0,0.42,,,,,117.8,99.3,완전역배열,중립,False,False,12.8,B,2026-09-09 00:15:00
3231,케이피항공산업,288180,KOSDAQ,2,0,7478.0,0.0,0,0,7360.0,1.51,,,,,51.0,91.8,-,중립,False,False,4.0,D,2026-09-09 00:15:03
3232,에르코스,435570,KOSDAQ,0,0,-655.0,0.0,2,0,7140.0,0.97,,,,,93.0,100.1,혼합,중립,False,False,11.7,D,2026-09-09 00:15:07
3233,시선AI,340810,KOSDAQ,3,0,155580.0,0.0,0,0,3895.0,4.87,,,,,143.8,106.2,완전정배열,중립,False,False,70.9,D,2026-09-09 00:15:11
3234,코스리거글로벌,043710,KOSDAQ,0,0,-937.0,0.0,6,0,3135.0,2.27,,,,,26.5,97.3,완전역배열,중립,False,False,18.9,D,2026-09-09 00:15:15
3235,피엔케이피부임상연구센타,347740,KOSDAQ,0,0,-3888.0,0.0,7,0,1805.0,0.63,,,,,41.1,97.1,완전역배열,중립,False,False,27.2,C,2026-09-09 00:15:19
3236,한국선재,025550,KOSDAQ,0,0,-9152.0,0.0,1,0,2115.0,0.37,,,,,89.1,97.0,완전역배열,중립,False,False,9.7,D,2026-09-09 00:15:23
3237,SG&G,040610,KOSDAQ,0,0,-4542.0,-3101.0,1,1,3165.0,0.11,,,,,84.2,98.8,완전역배열,중립,False,False,20.6,B,2026-09-09 00:15:27
3238,에너토크,019990,KOSDAQ,0,17,-93564.0,10037.0,8,0,5500.0,1.41,,,,,275.0,99.2,완전역배열,상단돌파,False,False,20.5,D,2026-09-09 00:15:31
3239,노랑풍선,104620,KOSDAQ,1,0,2589.0,0.0,0,0,3190.0,1.26,,,,,32.9,99.6,완전역배열,중립,False,False,10.8,D,2026-09-09 00:15:35
3240,동우팜투테이블,088910,KOSDAQ,0,3,-5180.0,16610.0,2,0,2080.0,0.21,,,,,76.1,99.0,완전역배열,중립,False,False,13.6,B,2026-09-09 00:15:39
3241,한패스,408470,KOSDAQ,0,0,-3606.0,-1138.0,2,1,5060.0,0.92,,,,,82.7,95.8,-,중립,False,False,1.5,D,2026-09-09 00:15:42
3242,알피바이오,314140,KOSDAQ,0,0,-6026.0,0.0,1,0,6170.0,0.46,,,,,81.5,100.8,완전정배열,중립,False,False,31.5,B,2026-09-09 00:15:46
3243,디와이디,219550,KOSDAQ,0,0,-824.0,-1036.0,1,1,1288.0,2.79,,,,,85.8,103.4,혼합,중립,False,False,32.7,D,2026-09-09 00:15:50
3244,알파칩스,117670,KOSDAQ,0,0,-61.0,0.0,2,0,8000.0,1.28,,,,,37.9,97.9,완전역배열,중립,False,False,12.5,D,2026-09-09 00:15:54
3245,윈팩,097800,KOSDAQ,1,0,4148.0,0.0,0,0,1951.0,0.87,,,,,18.2,95.5,완전역배열,중립,False,False,25.7,D,2026-09-09 00:15:58
3246,이지스,261520,KOSDAQ,0,6,-20831.0,138587.0,1,0,5180.0,1.17,,,,,123.7,112.5,혼합,상단돌파,False,False,6.3,D,2026-09-09 00:16:02
3247,코렌텍,104540,KOSDAQ,0,0,-2838.0,0.0,5,0,3970.0,0.64,,,,,48.4,98.0,완전역배열,중립,False,False,14.4,B,2026-09-09 00:16:06
3248,다보링크,340360,KOSDAQ,0,0,-19789.0,0.0,2,0,1001.0,4.3,,,,,103.9,106.6,혼합,중립,False,False,25.6,D,2026-09-09 00:16:10
3249,푸른로보틱스,094940,KOSDAQ,0,1,-18676.0,314.0,2,0,6320.0,1.4,,,,,125.4,99.9,완전역배열,중립,False,False,14.6,D,2026-09-09 00:16:14
3250,에이에스텍,453860,KOSDAQ,0,0,-3452.0,0.0,10,0,8190.0,0.8,,,,,70.7,94.9,완전역배열,중립,False,False,1.6,D,2026-09-09 00:16:18
3251,파이오링크,170790,KOSDAQ,0,0,-2011.0,0.0,4,0,8230.0,0.63,,,,,69.7,98.7,완전역배열,중립,False,False,15.8,B,2026-09-09 00:16:22
3252,퓨런티어,370090,KOSDAQ,0,2,-10750.0,2.0,9,0,6140.0,1.32,,,,,142.5,98.3,완전역배열,중립,False,False,11.9,D,2026-09-09 00:16:26
3253,코리아나,027050,KOSDAQ,0,0,-12636.0,0.0,2,0,1313.0,0.5,,,,,27.7,93.6,완전역배열,중립,False,False,8.6,D,2026-09-09 00:16:30
3254,TS인베스트먼트,246690,KOSDAQ,0,20,-8150.0,272173.0,2,0,2205.0,0.53,,,,,78.0,107.4,혼합,상단돌파,False,False,27.1,B,2026-09-09 00:16:34
3255,우원개발,046940,KOSDAQ,1,0,8548.0,0.0,0,0,2885.0,0.33,,,,,52.9,96.7,완전역배열,중립,False,False,10.0,B,2026-09-09 00:16:38
3256,딥노이드,315640,KOSDAQ,3,0,31654.0,0.0,0,0,1770.0,2.43,,,,,73.0,101.9,혼합,중립,False,False,15.2,D,2026-09-09 00:16:42
3257,인성정보,033230,KOSDAQ,0,0,-23547.0,0.0,5,0,1027.0,0.57,,,,,57.3,95.6,완전역배열,중립,False,False,13.9,B,2026-09-09 00:16:46
3258,MSDI,123010,KOSDAQ,2,0,5256.0,0.0,0,0,2560.0,1.45,,,,,98.3,110.9,혼합,상단돌파,False,False,25.3,D,2026-09-09 00:16:50
3259,제이투케이바이오,420570,KOSDAQ,0,0,-7815.0,0.0,1,0,8850.0,1.42,,,,,45.8,95.7,혼합,하단이탈,False,False,34.8,B,2026-09-09 00:16:54
3260,대모,317850,KOSDAQ,0,15,-5563.0,247.0,3,0,6160.0,1.03,,,,,228.6,101.8,혼합,중립,False,False,22.3,D,2026-09-09 00:16:58
3261,에피소드컴퍼니,317530,KOSDAQ,1,0,351.0,0.0,0,0,2925.0,1.63,,,,,135.4,100.4,혼합,중립,False,False,23.8,D,2026-09-09 00:17:02
3262,경남스틸,039240,KOSDAQ,0,0,-17887.0,0.0,19,0,1894.0,0.45,,,,,167.7,99.0,완전역배열,중립,False,False,18.4,B,2026-09-09 00:17:06
3263,HLB파나진,046210,KOSDAQ,0,1,-16715.0,235.0,2,0,1120.0,0.69,,,,,74.0,99.2,완전역배열,중립,False,False,7.1,D,2026-09-09 00:17:09
3264,코콤,015710,KOSDAQ,1,0,777.0,0.0,0,0,2905.0,0.39,,,,,10.4,100.0,혼합,중립,False,False,25.9,C,2026-09-09 00:17:13
3265,포스뱅크,105760,KOSDAQ,0,0,-4567.0,0.0,2,0,4995.0,0.55,,,,,69.1,102.5,완전정배열,중립,False,False,48.1,B,2026-09-09 00:17:17
3266,CJ 바이오사이언스,311690,KOSDAQ,0,0,-407.0,0.0,7,0,3895.0,1.22,,,,,83.0,101.2,혼합,중립,False,False,11.3,D,2026-09-09 00:17:21
3267,엘컴텍,037950,KOSDAQ,0,0,-1193.0,0.0,2,0,3010.0,0.59,,,,,63.4,99.7,완전역배열,중립,False,False,20.9,B,2026-09-09 00:17:25
3268,모티브링크,463480,KOSDAQ,1,0,1419.0,0.0,0,0,4075.0,1.44,,,,,78.1,97.5,완전역배열,중립,False,False,16.0,D,2026-09-09 00:17:29
3269,포인트엔지니어링,256630,KOSDAQ,3,0,515.0,0.0,0,0,4350.0,0.74,,,,,60.8,100.2,혼합,중립,False,False,20.4,D,2026-09-09 00:17:33
3270,대진첨단소재,393970,KOSDAQ,0,0,0.0,0.0,0,0,2825.0,0.81,,,,,,100.0,혼합,중립,False,False,33.8,D,2026-09-09 00:17:37
3271,레이저옵텍,199550,KOSDAQ,0,0,-9393.0,0.0,1,0,3395.0,1.68,,,,,64.6,114.3,혼합,상단돌파,False,False,24.1,D,2026-09-09 00:17:41
3272,HC홈센타,060560,KOSDAQ,0,1,-515.0,41.0,2,0,1983.0,0.37,,,,,91.1,100.8,혼합,중립,False,False,10.9,D,2026-09-09 00:17:45
3273,현우산업,092300,KOSDAQ,0,0,-11763.0,0.0,6,0,2495.0,0.39,,,,,90.8,96.1,완전역배열,중립,False,False,20.4,B,2026-09-09 00:17:49
3274,더블유에스아이,299170,KOSDAQ,0,0,-93967.0,0.0,2,0,1209.0,0.83,,,,,69.1,97.2,완전역배열,중립,False,False,4.9,D,2026-09-09 00:17:53
3275,에스씨디,042110,KOSDAQ,0,0,-7419.0,0.0,7,0,1038.0,0.36,,,,,48.0,97.2,완전역배열,중립,False,False,5.9,D,2026-09-09 00:17:56
3276,케이사인,192250,KOSDAQ,0,0,-5390.0,-5.0,5,1,7030.0,0.52,,,,,44.1,95.2,완전역배열,중립,False,False,7.2,B,2026-09-09 00:18:00
3277,에이테크솔루션,071670,KOSDAQ,1,0,1183.0,0.0,0,0,4965.0,0.57,,,,,97.5,98.0,완전역배열,중립,False,False,9.5,D,2026-09-09 00:18:04
3278,마이크로투나노,424980,KOSDAQ,0,0,-4169.0,0.0,3,0,8360.0,1.79,,,,,185.6,107.4,혼합,상단돌파,False,False,30.6,D,2026-09-09 00:18:08
3279,츌립앤사이언스,291650,KOSDAQ,0,0,-1765.0,-28.0,4,1,1620.0,1.21,,,,,49.5,93.0,완전역배열,하단이탈,False,False,10.2,D,2026-09-09 00:18:12
3280,일신바이오,068330,KOSDAQ,0,0,-2801.0,0.0,1,0,1118.0,0.69,,,,,96.6,106.6,혼합,중립,False,False,22.2,B,2026-09-09 00:18:16
3281,씨유테크,376290,KOSDAQ,0,0,-1208.0,0.0,2,0,2790.0,0.4,,,,,18.4,98.7,혼합,중립,False,False,59.7,B,2026-09-09 00:18:20
3282,러셀,217500,KOSDAQ,0,0,-14168.0,0.0,1,0,1546.0,0.81,,,,,74.8,96.3,완전역배열,중립,False,False,7.2,D,2026-09-09 00:18:24
3283,코위버,056360,KOSDAQ,0,10,-20010.0,194.0,2,0,5010.0,0.29,,,,,65.2,93.9,완전역배열,중립,False,False,8.9,C,2026-09-09 00:18:27
3284,제이티,089790,KOSDAQ,0,0,-7165.0,0.0,1,0,4755.0,0.6,,,,,160.0,111.8,혼합,중립,False,False,35.7,B,2026-09-09 00:18:31
3285,대성창투,027830,KOSDAQ,0,0,-16946.0,0.0,1,0,899.0,0.48,,,,,103.6,94.9,완전역배열,중립,False,False,14.5,B,2026-09-09 00:18:36
3286,우리바이오,082850,KOSDAQ,0,0,-8712.0,-24.0,2,2,5000.0,0.22,,,,,373.1,105.7,혼합,중립,False,False,14.7,C,2026-09-09 00:18:39
3287,일월지엠엘,178780,KOSDAQ,3,0,10289.0,0.0,0,0,2590.0,1.3,,,,,106.5,105.6,상향전환,상단돌파,True,True,45.5,C,2026-09-09 00:18:43
3288,HB인베스트먼트,440290,KOSDAQ,3,0,3385.0,-1539.0,0,4,1755.0,0.55,,,,,57.2,100.4,혼합,중립,False,False,19.1,B,2026-09-09 00:18:46
3289,퀀타매트릭스,317690,KOSDAQ,0,0,-2813.0,-15632.0,1,1,2390.0,1.5,,,,,34.3,96.5,완전역배열,중립,False,False,12.2,D,2026-09-09 00:18:50
3290,윙입푸드,900340,KOSDAQ,0,0,-19328.0,0.0,1,0,1349.0,0.06,,,,,7.5,92.3,완전역배열,하단이탈,False,False,11.4,B,2026-09-09 00:18:54
3291,에스피시스템스,317830,KOSDAQ,0,1,-8133.0,1.0,2,0,4450.0,0.88,,,,,129.8,93.1,완전역배열,중립,False,False,6.9,D,2026-09-09 00:18:58
3292,코스나인,082660,KOSDAQ,0,0,0.0,0.0,0,0,480.0,10.21,,,,,,100.0,혼합,중립,False,False,50.0,D,2026-09-09 00:19:02
3293,엑스플러스,373200,KOSDAQ,5,0,54786.0,0.0,0,0,1909.0,2.01,,,,,221.1,100.1,혼합,중립,False,False,16.2,D,2026-09-09 00:19:06
3294,제일테크노스,038010,KOSDAQ,0,0,-733.0,-2986.0,1,1,5310.0,0.29,,,,,96.6,97.8,완전역배열,중립,False,False,21.2,B,2026-09-09 00:19:09
3295,에어레인,163280,KOSDAQ,0,0,-622.0,-300.0,3,1,3505.0,0.64,,,,,33.9,104.2,혼합,중립,False,False,12.1,B,2026-09-09 00:19:13
3296,제노레이,122310,KOSDAQ,0,0,-314.0,0.0,2,0,3275.0,0.51,,,,,9.2,99.6,완전역배열,중립,False,False,7.0,C,2026-09-09 00:19:17
3297,본느,226340,KOSDAQ,0,0,-28184.0,0.0,1,0,5680.0,1.43,,,,,37.0,92.6,혼합,중립,False,False,58.7,D,2026-09-09 00:19:21
3298,시큐레터,418250,KOSDAQ,0,0,0.0,0.0,0,0,6550.0,17.47,,,,,,100.0,혼합,중립,False,False,50.0,D,2026-09-09 00:19:24
3299,아이컴포넌트,059100,KOSDAQ,0,0,-2849.0,-1048.0,5,1,6670.0,0.86,,,,,108.0,107.3,완전정배열,중립,False,False,63.2,B,2026-09-09 00:19:28
3300,흥국에프엔비,189980,KOSDAQ,0,0,-108817.0,0.0,20,0,1175.0,0.46,,,,,147.6,101.7,혼합,중립,False,False,11.3,C,2026-09-09 00:19:32
3301,제이스코홀딩스,023440,KOSDAQ,0,0,0.0,0.0,0,0,521.0,0.9,,,,,,100.0,혼합,중립,False,False,30.0,D,2026-09-09 00:19:37
3302,쎄크,081180,KOSDAQ,1,1,9703.0,630.0,0,0,5320.0,1.68,,,,,83.8,95.0,완전역배열,중립,False,False,8.4,D,2026-09-09 00:19:41
3303,에이텀,355690,KOSDAQ,0,0,-11377.0,0.0,2,0,4900.0,3.65,,,,,108.2,100.8,완전정배열,중립,True,False,38.8,D,2026-09-09 00:19:45
3304,미트박스,475460,KOSDAQ,3,4,14483.0,16016.0,0,0,8280.0,1.23,,,,,342.3,119.4,상향전환,상단돌파,True,True,49.8,C,2026-09-09 00:19:49
3305,옵티시스,109080,KOSDAQ,1,0,2393.0,0.0,0,0,8250.0,0.63,,,,,85.4,95.2,완전역배열,중립,False,False,8.8,B,2026-09-09 00:19:52
3306,SM Life Design,063440,KOSDAQ,0,0,-19482.0,-60.0,2,2,1026.0,0.67,,,,,60.2,97.2,완전역배열,중립,False,False,7.2,B,2026-09-09 00:19:56
3307,유티아이,179900,KOSDAQ,0,0,-167072.0,-28139.0,2,1,2155.0,0.58,,,,,114.4,88.8,완전역배열,하단이탈,False,False,1.7,D,2026-09-09 00:20:00
3308,코닉오토메이션,391710,KOSDAQ,0,0,-35522.0,0.0,2,0,1090.0,2.46,,,,,81.9,93.9,완전역배열,하단이탈,False,False,4.5,D,2026-09-09 00:20:04
3309,캐프,198080,KOSDAQ,0,0,-8578.0,-771.0,1,1,2155.0,0.32,,,,,95.1,97.6,완전역배열,중립,False,False,13.7,B,2026-09-09 00:20:08
3310,티케이지애강,022220,KOSDAQ,6,0,178695.0,-100.0,0,1,894.0,0.57,,,,,139.9,126.7,상향전환,상단돌파,True,True,82.9,D,2026-09-09 00:20:12
3311,영우디에스피,143540,KOSDAQ,0,0,-49109.0,0.0,1,0,1035.0,1.27,,,,,54.2,98.2,완전역배열,중립,False,False,37.4,B,2026-09-09 00:20:16
3312,노브랜드,145170,KOSDAQ,0,0,-12244.0,0.0,6,0,2725.0,0.28,,,,,66.8,96.8,완전역배열,중립,False,False,9.3,B,2026-09-09 00:20:20
3313,오상자이엘,053980,KOSDAQ,0,0,-14860.0,0.0,1,0,2425.0,0.4,,,,,19.1,98.2,완전역배열,중립,False,False,11.0,B,2026-09-09 00:20:24
3314,씨티케이,260930,KOSDAQ,0,0,-5212.0,0.0,3,0,2380.0,0.31,,,,,108.2,95.0,완전역배열,중립,False,False,4.6,D,2026-09-09 00:20:28
3315,동방선기,099410,KOSDAQ,0,0,-100.0,0.0,7,0,3275.0,0.84,,,,,28.9,101.0,혼합,중립,False,False,16.4,B,2026-09-09 00:20:32
3316,셀로맥스사이언스,471820,KOSDAQ,0,0,-108.0,0.0,6,0,4055.0,0.95,,,,,77.8,99.4,완전역배열,중립,False,False,15.1,C,2026-09-09 00:20:36
3317,이브이첨단소재,131400,KOSDAQ,0,0,-62381.0,0.0,2,0,766.0,0.43,,,,,52.7,101.1,혼합,중립,False,False,10.0,D,2026-09-09 00:20:40
3318,엔투텍,227950,KOSDAQ,2,1,17472.0,508.0,0,0,1322.0,0.33,,,,,22.2,95.1,완전역배열,중립,False,False,13.7,B,2026-09-09 00:20:44
3319,프로이천,321260,KOSDAQ,2,0,34245.0,0.0,0,0,1614.0,0.92,,,,,100.7,97.2,완전역배열,중립,False,False,7.5,B,2026-09-09 00:20:47
3320,그린생명과학,114450,KOSDAQ,2,0,10569.0,0.0,0,0,2275.0,1.01,,,,,59.5,102.4,혼합,중립,False,False,20.6,B,2026-09-09 00:20:51
3321,엔바이오니아,317870,KOSDAQ,0,0,-5105.0,0.0,2,0,5130.0,1.19,,,,,61.0,95.1,완전역배열,중립,False,False,10.8,D,2026-09-09 00:20:55
3322,알비더블유,361570,KOSDAQ,0,1,-10775.0,878.0,2,0,1578.0,0.71,,,,,47.7,98.0,완전역배열,중립,False,False,16.5,C,2026-09-09 00:20:59
3323,탑엔지니어링,065130,KOSDAQ,0,0,-4913.0,-6217.0,4,4,2820.0,0.25,,,,,66.2,97.9,완전역배열,중립,False,False,17.8,D,2026-09-09 00:21:03
3324,ES큐브,050120,KOSDAQ,0,0,-95.0,0.0,2,0,3325.0,0.47,,,,,10.5,98.1,혼합,중립,False,False,72.1,B,2026-09-09 00:21:06
3325,앱코,129890,KOSDAQ,0,0,-12030.0,0.0,2,0,990.0,0.8,,,,,53.5,99.9,혼합,중립,False,False,28.7,B,2026-09-09 00:21:10
3326,세코닉스,053450,KOSDAQ,0,0,-6800.0,0.0,2,0,3045.0,0.39,,,,,48.9,95.7,완전역배열,중립,False,False,3.1,D,2026-09-09 00:21:14
3327,에이텍모빌리티,224110,KOSDAQ,0,0,-521.0,0.0,2,0,8860.0,0.65,,,,,74.5,98.2,혼합,중립,False,False,31.5,D,2026-09-09 00:21:18
3328,엘엠에스,073110,KOSDAQ,0,0,-367.0,-5.0,1,1,5040.0,0.47,,,,,140.7,102.6,혼합,중립,False,False,33.1,C,2026-09-09 00:21:22
3329,아셈스,136410,KOSDAQ,3,0,25264.0,-163.0,0,1,4060.0,0.59,,,,,137.6,94.2,완전역배열,중립,False,False,1.3,B,2026-09-09 00:21:26
3330,오가노이드사이언스,476040,KOSDAQ,3,0,11498.0,-2254.0,0,7,6780.0,1.64,,,,,105.8,90.9,완전역배열,중립,False,False,1.7,D,2026-09-09 00:21:30
3331,YW,051390,KOSDAQ,2,0,53.0,0.0,0,0,3930.0,0.37,,,,,82.8,97.3,완전역배열,중립,False,False,25.5,B,2026-09-09 00:21:34
3332,우리산업홀딩스,072470,KOSDAQ,0,0,-577.0,0.0,14,0,2360.0,0.31,,,,,97.9,95.9,완전역배열,중립,False,False,7.4,B,2026-09-09 00:21:38
3333,액토즈소프트,052790,KOSDAQ,0,0,-1001.0,0.0,2,0,4080.0,0.15,,,,,46.5,101.0,혼합,중립,False,False,10.7,B,2026-09-09 00:21:42
3334,대보마그네틱,290670,KOSDAQ,2,0,1781.0,-151.0,0,1,5670.0,3.06,,,,,118.1,106.8,혼합,중립,False,False,13.6,D,2026-09-09 00:21:46
3335,케이엠,083550,KOSDAQ,0,0,-2399.0,0.0,8,0,3280.0,0.31,,,,,109.6,102.5,완전정배열,중립,False,False,60.8,B,2026-09-09 00:21:51
3336,아시아경제,127710,KOSDAQ,0,0,-960.0,0.0,5,0,1005.0,0.4,,,,,117.9,98.9,완전역배열,중립,False,False,23.2,D,2026-09-09 00:21:55
3337,다산디엠씨,208860,KOSDAQ,0,0,0.0,0.0,0,0,1303.0,0.71,,,,,0.0,108.8,완전정배열,중립,False,False,51.7,D,2026-09-09 00:21:58
3338,온코크로스,382150,KOSDAQ,0,0,-11164.0,0.0,3,0,3390.0,3.05,,,,,50.0,97.3,완전역배열,중립,False,False,9.4,D,2026-09-09 00:22:02
3339,제로투세븐,159580,KOSDAQ,0,0,-7052.0,0.0,1,0,2205.0,0.52,,,,,16.8,100.0,완전역배열,중립,False,False,15.4,B,2026-09-09 00:22:06
3340,하츠,066130,KOSDAQ,0,0,-1654.0,-2223.0,4,3,3450.0,0.35,,,,,43.7,98.2,완전역배열,중립,False,False,24.2,B,2026-09-09 00:22:10
3341,제이엠티,094970,KOSDAQ,0,2,-30040.0,777.0,6,0,2635.0,0.28,,,,,56.1,96.3,완전역배열,중립,False,False,18.4,B,2026-09-09 00:22:15
3342,파라택시스코리아,288330,KOSDAQ,0,0,0.0,0.0,0,0,416.0,1.22,,,,,,100.0,혼합,중립,False,False,15.1,D,2026-09-09 00:22:18
3343,쏘닉스,088280,KOSDAQ,0,0,-3832.0,0.0,1,0,2535.0,1.34,,,,,80.9,98.8,완전역배열,중립,False,False,13.2,D,2026-09-09 00:22:22
3344,에이치시티,072990,KOSDAQ,0,0,-7536.0,0.0,15,0,3015.0,0.45,,,,,81.6,97.0,완전역배열,중립,False,False,2.2,D,2026-09-09 00:22:26
3345,대원,007680,KOSDAQ,1,0,608.0,-1066.0,0,1,3305.0,0.16,,,,,72.9,99.0,완전역배열,중립,False,False,6.0,D,2026-09-09 00:22:30
3346,젠큐릭스,229000,KOSDAQ,2,1,33140.0,1063.0,0,0,1860.0,3.46,,,,,47.6,100.7,혼합,중립,False,False,9.0,D,2026-09-09 00:22:34
3347,코리아에셋투자증권,190650,KOSDAQ,0,0,-65.0,0.0,3,0,6820.0,0.44,,,,,40.6,99.8,완전역배열,중립,False,False,8.7,B,2026-09-09 00:22:39
3348,원익큐브,014190,KOSDAQ,0,1,-7006.0,3467.0,2,0,1228.0,0.37,,,,,163.7,103.5,혼합,중립,False,False,15.3,B,2026-09-09 00:22:42
3349,코어라인소프트,384470,KOSDAQ,3,0,14200.0,-460.0,0,1,2420.0,3.43,,,,,109.8,93.7,완전역배열,중립,False,False,16.8,D,2026-09-09 00:22:46
3350,사이냅소프트,466410,KOSDAQ,0,0,-96.0,0.0,3,0,8620.0,0.58,,,,,67.1,100.4,혼합,중립,False,False,20.7,B,2026-09-09 00:22:50
3351,경남제약,053950,KOSDAQ,0,1,-495.0,262.0,2,0,2210.0,0.33,,,,,365.4,120.5,혼합,상단돌파,False,False,19.1,D,2026-09-09 00:22:54
3352,위너스일렉,479960,KOSDAQ,0,0,-1396.0,0.0,8,0,6080.0,1.07,,,,,86.3,97.8,완전역배열,중립,False,False,14.6,C,2026-09-09 00:22:59
3353,디케이앤디,263020,KOSDAQ,0,0,-6452.0,0.0,2,0,3110.0,0.5,,,,,48.2,99.8,완전역배열,중립,False,False,20.5,B,2026-09-09 00:23:02
3354,크리스탈신소재,900250,KOSDAQ,3,0,43591.0,-1760.0,0,2,1201.0,0.08,,,,,27.4,98.7,완전역배열,중립,False,False,11.8,D,2026-09-09 00:23:06
3355,대창스틸,140520,KOSDAQ,0,1,-337.0,958.0,1,0,2020.0,0.29,,,,,51.4,100.9,혼합,중립,False,False,28.6,B,2026-09-09 00:23:10
3356,케일럼,258610,KOSDAQ,0,1,-1532.0,4806.0,9,0,1166.0,0.87,,,,,84.4,102.4,혼합,중립,False,False,16.7,D,2026-09-09 00:23:14
3357,아이빔테크놀로지,460470,KOSDAQ,0,0,-1262.0,0.0,2,0,2810.0,1.62,,,,,87.2,96.6,완전역배열,중립,False,False,15.6,D,2026-09-09 00:23:18
3358,와이즈버즈,273060,KOSDAQ,0,0,0.0,0.0,0,0,864.0,0.84,,,,,0.0,99.4,완전역배열,중립,False,False,60.0,B,2026-09-09 00:23:22
3359,원바이오젠,307280,KOSDAQ,3,2,20314.0,9862.0,0,0,5980.0,0.91,,,,,144.4,98.5,완전역배열,중립,False,False,33.4,B,2026-09-09 00:23:26
3360,비아이매트릭스,413640,KOSDAQ,0,0,-6846.0,0.0,2,0,5850.0,1.31,,,,,91.0,98.1,완전역배열,중립,False,False,5.4,D,2026-09-09 00:23:30
3361,포시에스,189690,KOSDAQ,0,0,-3065.0,0.0,2,0,1536.0,0.5,,,,,83.1,100.2,혼합,중립,False,False,15.4,B,2026-09-09 00:23:34
3362,나노실리칸첨단소재,286750,KOSDAQ,0,0,-11245.0,0.0,1,0,2620.0,1.86,,,,,332.6,95.2,완전역배열,중립,False,False,22.1,D,2026-09-09 00:23:38
3363,한국팩키지,037230,KOSDAQ,1,0,279.0,-2487.0,0,1,1404.0,0.37,,,,,90.5,100.4,혼합,중립,False,False,8.0,C,2026-09-09 00:23:43
3364,데이원컴퍼니,373160,KOSDAQ,0,0,-267.0,0.0,5,0,3015.0,0.98,,,,,72.0,100.4,혼합,중립,False,False,14.3,C,2026-09-09 00:23:47
3365,아티스트컴퍼니,321820,KOSDAQ,0,0,-1514.0,0.0,2,0,2670.0,1.09,,,,,155.5,103.3,혼합,중립,False,False,16.3,D,2026-09-09 00:23:52
3366,신화인터텍,056700,KOSDAQ,0,0,-19710.0,0.0,6,0,1425.0,0.43,,,,,96.0,99.7,완전역배열,중립,False,False,4.7,D,2026-09-09 00:23:56
3367,미래생명자원,218150,KOSDAQ,0,0,-30961.0,0.0,1,0,2030.0,0.99,,,,,105.8,100.1,혼합,중립,False,False,17.6,D,2026-09-09 00:24:00
3368,하스,450330,KOSDAQ,1,1,384.0,3175.0,0,0,5060.0,0.94,,,,,35.7,99.1,완전역배열,중립,False,False,27.9,D,2026-09-09 00:24:04
3369,iMBC,052220,KOSDAQ,0,0,-3057.0,0.0,13,0,1793.0,0.74,,,,,59.1,99.4,완전역배열,중립,False,False,18.6,D,2026-09-09 00:24:08
3370,삼일기업공사,002290,KOSDAQ,0,0,-2818.0,0.0,1,0,3320.0,0.56,,,,,207.8,100.7,혼합,중립,False,False,19.7,B,2026-09-09 00:24:12
3371,린드먼아시아,277070,KOSDAQ,1,0,503.0,0.0,0,0,3000.0,0.66,,,,,49.8,96.8,완전역배열,중립,False,False,5.8,D,2026-09-09 00:24:16
3372,진바이오텍,086060,KOSDAQ,0,0,-5705.0,0.0,12,0,4760.0,0.73,,,,,80.1,101.8,완전정배열,중립,False,False,50.1,C,2026-09-09 00:24:20
3373,HLB바이오스텝,278650,KOSDAQ,1,0,1032.0,-204.0,0,1,2340.0,0.43,,,,,81.0,101.0,혼합,중립,False,False,9.8,D,2026-09-09 00:24:24
3374,알리코제약,260660,KOSDAQ,1,0,43334.0,0.0,0,0,2660.0,0.53,,,,,247.2,102.1,혼합,중립,False,False,14.1,D,2026-09-09 00:24:28
3375,파수AI,150900,KOSDAQ,0,0,-7315.0,0.0,3,0,3480.0,1.11,,,,,78.9,97.7,완전역배열,중립,False,False,18.1,B,2026-09-09 00:24:32
3376,상지건설,042940,KOSDAQ,1,0,3680.0,0.0,0,0,5950.0,0.43,,,,,44.3,98.3,완전역배열,중립,False,False,8.8,D,2026-09-09 00:24:36
3377,폴라리스세원,234100,KOSDAQ,0,0,-4883.0,0.0,2,0,2780.0,0.22,,,,,55.5,100.5,혼합,중립,False,False,12.2,C,2026-09-09 00:24:40
3378,아이엠비디엑스,461030,KOSDAQ,0,0,-14300.0,0.0,4,0,2825.0,1.74,,,,,98.4,93.4,완전역배열,하단이탈,False,False,8.3,D,2026-09-09 00:24:43
3379,오리엔트정공,065500,KOSDAQ,0,0,-14053.0,0.0,2,0,1130.0,1.11,,,,,94.6,97.0,완전역배열,중립,False,False,7.2,D,2026-09-09 00:24:47
3380,상신전자,263810,KOSDAQ,0,0,-854.0,0.0,1,0,2535.0,0.74,,,,,46.6,98.7,완전역배열,중립,False,False,12.0,C,2026-09-09 00:24:50
3381,케이피엠테크,042040,KOSDAQ,1,1,490.0,162.0,0,0,4620.0,0.25,,,,,44.7,97.0,완전역배열,중립,False,False,6.8,D,2026-09-09 00:24:55
3382,이글벳,044960,KOSDAQ,0,0,-2613.0,-3706.0,1,1,3165.0,0.71,,,,,94.7,101.3,혼합,중립,False,False,21.5,B,2026-09-09 00:24:59
3383,덴티스,261200,KOSDAQ,0,1,-2410.0,1500.0,4,0,2530.0,0.69,,,,,26.3,99.7,완전역배열,중립,False,False,10.2,D,2026-09-09 00:25:03
3384,쎄노텍,222420,KOSDAQ,0,0,-17068.0,0.0,8,0,825.0,0.95,,,,,101.9,94.8,완전역배열,중립,False,False,9.9,C,2026-09-09 00:25:06
3385,한독크린텍,256150,KOSDAQ,0,0,-496.0,0.0,2,0,4745.0,0.61,,,,,79.0,100.3,혼합,중립,False,False,27.6,B,2026-09-09 00:25:10
3386,얼라인드,238120,KOSDAQ,0,0,-3471.0,0.0,4,0,2795.0,1.01,,,,,74.0,95.2,완전역배열,중립,False,False,11.3,B,2026-09-09 00:25:14
3387,인크레더블버즈,064090,KOSDAQ,0,0,0.0,0.0,0,0,798.0,0.66,,,,,,100.0,혼합,중립,False,False,28.2,D,2026-09-09 00:25:18
3388,승일,049830,KOSDAQ,0,0,-7.0,0.0,1,0,6460.0,0.25,,,,,114.1,99.3,완전역배열,중립,False,False,17.3,C,2026-09-09 00:25:22
3389,씨큐브,101240,KOSDAQ,0,0,-302.0,0.0,2,0,3480.0,0.33,,,,,14.3,101.0,혼합,중립,False,False,30.5,B,2026-09-09 00:25:26
3390,HLB펩,196300,KOSDAQ,0,0,-310.0,0.0,2,0,4160.0,1.7,,,,,82.8,94.0,완전역배열,중립,False,False,10.8,D,2026-09-09 00:25:29
3391,자연과환경,043910,KOSDAQ,1,0,258.0,0.0,0,0,3480.0,0.48,,,,,29.5,102.3,혼합,중립,False,False,14.5,D,2026-09-09 00:25:33
3392,케이씨피드,025880,KOSDAQ,0,1,-13826.0,52.0,1,0,2360.0,0.45,,,,,79.0,97.4,완전역배열,중립,False,False,6.5,B,2026-09-09 00:25:37
3393,보라티알,250000,KOSDAQ,0,0,-347.0,-63.0,18,1,5840.0,0.47,,,,,66.2,99.0,완전역배열,중립,False,False,17.7,D,2026-09-09 00:25:41
3394,뱅크웨어글로벌,199480,KOSDAQ,0,0,-14706.0,0.0,6,0,3865.0,2.23,,,,,30.4,103.6,상향전환,중립,False,False,24.0,D,2026-09-09 00:25:45
3395,민테크,452200,KOSDAQ,1,0,10558.0,0.0,0,0,1619.0,1.42,,,,,53.3,100.4,혼합,중립,False,False,15.1,D,2026-09-09 00:25:49
3396,서암기계공업,100660,KOSDAQ,0,0,-1431.0,0.0,1,0,3110.0,0.57,,,,,72.2,101.0,혼합,중립,False,False,16.5,C,2026-09-09 00:25:53
3397,서린바이오,038070,KOSDAQ,0,0,-477.0,0.0,2,0,4200.0,0.44,,,,,32.7,96.6,완전역배열,중립,False,False,14.4,D,2026-09-09 00:25:57
3398,디에이피,066900,KOSDAQ,0,0,-4.0,0.0,1,0,1714.0,0.29,,,,,96.1,100.5,완전정배열,중립,False,False,20.6,B,2026-09-09 00:26:01
3399,미스터블루,207760,KOSDAQ,0,0,-5856.0,0.0,5,0,2345.0,0.87,,,,,400.0,121.4,혼합,상단돌파,False,False,6.8,D,2026-09-09 00:26:04
3400,유에스티,263770,KOSDAQ,0,0,-1330.0,0.0,2,0,1640.0,0.46,,,,,63.2,100.2,혼합,중립,False,False,26.8,C,2026-09-09 00:26:08
3401,에쎈테크,043340,KOSDAQ,0,0,-5992.0,-515.0,2,1,818.0,1.41,,,,,65.4,97.9,완전역배열,중립,False,False,9.4,D,2026-09-09 00:26:12
3402,루멘스,038060,KOSDAQ,1,0,2703.0,-8000.0,0,1,807.0,0.35,,,,,20.0,95.6,완전역배열,중립,False,False,14.9,D,2026-09-09 00:26:16
3403,효성오앤비,097870,KOSDAQ,0,6,-740.0,14.0,2,0,4555.0,0.45,,,,,24.4,99.1,완전역배열,중립,False,False,16.8,D,2026-09-09 00:26:21
3404,씨앤투스,352700,KOSDAQ,0,1,-4652.0,3384.0,7,0,1471.0,0.24,,,,,72.2,104.2,혼합,중립,False,False,20.5,D,2026-09-09 00:26:25
3405,나라엠앤디,051490,KOSDAQ,0,6,-3121.0,30593.0,9,0,2710.0,0.36,,,,,15.4,99.2,완전역배열,중립,False,False,18.0,D,2026-09-09 00:26:29
3406,네이블,153460,KOSDAQ,3,0,823.0,0.0,0,0,5880.0,1.1,,,,,105.8,96.7,완전역배열,중립,False,False,3.4,D,2026-09-09 00:26:32
3407,하이즈항공,221840,KOSDAQ,1,0,632.0,0.0,0,0,2050.0,0.58,,,,,33.4,100.6,혼합,중립,False,False,22.4,B,2026-09-09 00:26:36
3408,서연탑메탈,019770,KOSDAQ,0,0,-1458.0,0.0,11,0,3280.0,0.36,,,,,54.0,100.2,혼합,중립,False,False,26.6,B,2026-09-09 00:26:41
3409,그린플러스,186230,KOSDAQ,0,1,-2923.0,101.0,6,0,3495.0,0.91,,,,,98.0,101.4,혼합,중립,False,False,17.1,D,2026-09-09 00:26:45
3410,제이에스티나,026040,KOSDAQ,1,1,28651.0,960.0,0,0,2310.0,0.7,,,,,178.4,116.7,상향전환,중립,True,False,23.5,B,2026-09-09 00:26:49
3411,바이오톡스텍,086040,KOSDAQ,0,1,-3119.0,6000.0,6,0,2385.0,1.13,,,,,63.8,101.4,혼합,중립,False,False,22.0,D,2026-09-09 00:26:53
3412,링크제니시스,219420,KOSDAQ,0,0,-183.0,-278.0,9,1,3315.0,0.75,,,,,105.5,96.0,완전역배열,중립,False,False,12.7,B,2026-09-09 00:26:56
3413,서진오토모티브,122690,KOSDAQ,0,1,-2609.0,1425.0,2,0,1647.0,0.24,,,,,71.8,96.2,완전역배열,중립,False,False,6.5,D,2026-09-09 00:27:00
3414,고려제약,014570,KOSDAQ,8,0,5180.0,0.0,0,0,3455.0,0.47,,,,,69.6,100.9,혼합,중립,False,False,24.1,D,2026-09-09 00:27:04
3415,아세아텍,050860,KOSDAQ,1,0,2661.0,0.0,0,0,1687.0,0.24,,,,,36.2,101.9,혼합,중립,False,False,21.0,D,2026-09-09 00:27:08
3416,모헨즈,006920,KOSDAQ,2,0,62860.0,0.0,0,0,3470.0,1.26,,,,,140.9,102.3,혼합,중립,False,False,16.0,D,2026-09-09 00:27:12
3417,NHN벅스,104200,KOSDAQ,0,0,-15229.0,0.0,1,0,2550.0,0.67,,,,,85.1,97.5,완전역배열,중립,False,False,11.5,D,2026-09-09 00:27:16
3418,영림원소프트랩,060850,KOSDAQ,0,0,-3635.0,0.0,2,0,4630.0,0.71,,,,,62.8,97.2,완전역배열,중립,False,False,2.2,C,2026-09-09 00:27:21
3419,동일기연,032960,KOSDAQ,1,3,642.0,9229.0,0,0,2135.0,0.54,,,,,81.2,99.2,완전역배열,중립,False,False,19.1,B,2026-09-09 00:27:24
3420,케이디켐,221980,KOSDAQ,1,0,8.0,0.0,0,0,9280.0,0.33,,,,,47.2,99.6,완전역배열,중립,False,False,7.8,B,2026-09-09 00:27:28
3421,램테크놀러지,171010,KOSDAQ,0,0,-2745.0,0.0,5,0,2605.0,0.89,,,,,104.4,96.2,완전역배열,중립,False,False,9.8,D,2026-09-09 00:27:32
3422,랩지노믹스,084650,KOSDAQ,0,0,0.0,0.0,0,0,500.0,0.25,,,,,0.0,85.2,완전역배열,하단이탈,False,False,19.6,D,2026-09-09 00:27:36
3423,이루온,065440,KOSDAQ,0,0,-3521.0,0.0,1,0,1359.0,0.72,,,,,81.6,94.8,완전역배열,중립,False,False,4.2,D,2026-09-09 00:27:40
3424,케어랩스,263700,KOSDAQ,0,7,-5057.0,20.0,5,0,1907.0,0.55,,,,,83.4,99.4,완전역배열,중립,False,False,12.1,D,2026-09-09 00:27:44
3425,엠젠솔루션,032790,KOSDAQ,3,0,147878.0,0.0,0,0,1441.0,1.34,,,,,256.6,119.3,혼합,상단돌파,False,False,36.7,D,2026-09-09 00:27:48
3426,삼화네트웍스,046390,KOSDAQ,1,0,1367.0,0.0,0,0,2135.0,0.58,,,,,44.0,101.4,상향전환,중립,True,False,25.4,D,2026-09-09 00:27:52
3427,파인메딕스,387570,KOSDAQ,0,2,-362.0,2000.0,20,0,6500.0,1.85,,,,,60.3,107.5,완전정배열,중립,False,False,47.5,D,2026-09-09 00:27:55
3428,유니온바이오메트릭스,203450,KOSDAQ,0,0,-2588.0,0.0,2,0,2595.0,0.77,,,,,69.9,100.8,혼합,중립,False,False,24.2,D,2026-09-09 00:27:59
3429,멤레이비티,072770,KOSDAQ,0,0,-22839.0,0.0,1,0,880.0,0.8,,,,,40.6,101.3,혼합,중립,False,False,9.9,D,2026-09-09 00:28:03
3430,백금T&A,046310,KOSDAQ,0,2,-743.0,12034.0,20,0,2220.0,0.49,,,,,44.5,96.6,완전역배열,중립,False,False,13.5,C,2026-09-09 00:28:07
3431,비비씨,318410,KOSDAQ,0,0,-252.0,0.0,2,0,6520.0,0.42,,,,,20.1,100.4,혼합,중립,False,False,32.6,B,2026-09-09 00:28:10
3432,이엠넷,123570,KOSDAQ,0,0,-103.0,0.0,2,0,1625.0,0.36,,,,,23.4,100.2,혼합,중립,False,False,6.9,C,2026-09-09 00:28:15
3433,인스피언,465480,KOSDAQ,0,0,-799.0,0.0,2,0,3555.0,0.6,,,,,60.5,102.8,혼합,중립,False,False,18.2,B,2026-09-09 00:28:18
3434,오공,045060,KOSDAQ,12,0,82940.0,-5765.0,0,3,2125.0,0.28,,,,,96.8,100.3,혼합,중립,False,False,27.0,B,2026-09-09 00:28:22
3435,카이노스메드,284620,KOSDAQ,0,0,0.0,0.0,0,0,1087.0,27.87,,,,,,100.0,혼합,중립,False,False,50.0,D,2026-09-09 00:28:26
3436,에스에이티,060540,KOSDAQ,1,0,13569.0,0.0,0,0,1376.0,0.34,,,,,101.0,107.9,완전정배열,상단돌파,False,True,61.5,B,2026-09-09 00:28:30
3437,코아시아씨엠,196450,KOSDAQ,0,0,0.0,0.0,0,0,790.0,0.54,,,,,0.0,97.6,완전역배열,중립,False,False,39.5,C,2026-09-09 00:28:34
3438,정원엔시스,045510,KOSDAQ,2,0,27982.0,0.0,0,0,1137.0,0.74,,,,,39.2,99.4,혼합,중립,False,False,47.2,C,2026-09-09 00:28:38
3439,블리츠웨이엔터테인먼트,369370,KOSDAQ,0,0,-472.0,-1424.0,2,4,3585.0,1.77,,,,,63.1,97.5,완전역배열,중립,False,False,1.7,D,2026-09-09 00:28:42
3440,셀피글로벌,068940,KOSDAQ,0,0,0.0,0.0,0,0,778.0,4.55,,,,,,100.0,혼합,중립,False,False,50.0,D,2026-09-09 00:28:46
3441,토마토시스템,393210,KOSDAQ,0,0,-1989.0,0.0,6,0,2285.0,1.3,,,,,29.7,96.5,완전역배열,중립,False,False,8.2,D,2026-09-09 00:28:50
3442,누보,332290,KOSDAQ,0,0,0.0,0.0,0,0,897.0,0.89,,,,,0.0,99.7,완전역배열,중립,False,False,55.4,B,2026-09-09 00:28:53
3443,콜마바이오텍,215380,KOSDAQ,0,0,-8016.0,0.0,2,0,2110.0,1.32,,,,,50.9,96.6,완전역배열,중립,False,False,18.7,D,2026-09-09 00:28:57
3444,KB오토시스,024120,KOSDAQ,0,5,-2642.0,1316.0,20,0,3075.0,0.28,,,,,85.5,99.1,완전역배열,중립,False,False,11.1,B,2026-09-09 00:29:01
3445,유틸렉스,263050,KOSDAQ,0,0,0.0,0.0,0,0,959.0,3.35,,,,,,100.0,혼합,중립,False,False,54.8,D,2026-09-09 00:29:06
3446,덕신이피씨,090410,KOSDAQ,0,0,-1735.0,0.0,2,0,3830.0,0.28,,,,,86.0,96.4,완전역배열,중립,False,False,19.7,D,2026-09-09 00:29:10
3447,DH오토리드,290120,KOSDAQ,0,0,-1226.0,0.0,5,0,2225.0,0.29,,,,,80.2,96.9,완전역배열,중립,False,False,6.7,B,2026-09-09 00:29:14
3448,성우전자,081580,KOSDAQ,0,2,-1930.0,1187.0,3,0,2260.0,0.29,,,,,98.6,98.2,완전역배열,중립,False,False,10.3,B,2026-09-09 00:29:18
3449,와이엠,007530,KOSDAQ,0,3,-4885.0,933.0,1,0,1570.0,0.6,,,,,88.2,102.3,혼합,중립,False,False,10.9,C,2026-09-09 00:29:22
3450,그리티,204020,KOSDAQ,0,1,-3112.0,123.0,20,0,1794.0,0.41,,,,,126.0,100.3,혼합,중립,False,False,7.8,B,2026-09-09 00:29:26
3451,옴니시스템,057540,KOSDAQ,1,0,21515.0,0.0,0,0,587.0,0.31,,,,,26.3,90.6,완전역배열,하단이탈,False,False,3.0,C,2026-09-09 00:29:30
3452,큐캐피탈,016600,KOSDAQ,0,0,-15265.0,-595.0,5,1,2495.0,0.24,,,,,60.8,100.8,혼합,중립,False,False,15.8,B,2026-09-09 00:29:34
3453,쓰리에이로직스,177900,KOSDAQ,0,0,-2543.0,0.0,2,0,3610.0,0.73,,,,,111.0,95.2,완전역배열,하단이탈,False,False,15.0,D,2026-09-09 00:29:39
3454,디와이씨,310870,KOSDAQ,1,0,13096.0,-511.0,0,1,1585.0,0.56,,,,,188.5,106.4,상향전환,상단돌파,True,True,33.8,B,2026-09-09 00:29:43
3455,스튜디오미르,408900,KOSDAQ,1,0,2058.0,-749.0,0,1,1060.0,0.93,,,,,92.7,105.9,혼합,중립,False,False,8.4,D,2026-09-09 00:29:47
3456,큐라티스,348080,KOSDAQ,1,0,5392.0,0.0,0,0,2700.0,0.73,,,,,24.8,95.2,완전역배열,중립,False,False,8.3,D,2026-09-09 00:29:50
3457,뉴트리,270870,KOSDAQ,2,0,4725.0,0.0,0,0,3850.0,0.32,,,,,84.8,96.7,완전역배열,중립,False,False,29.7,B,2026-09-09 00:29:54
3458,메가엠디,133750,KOSDAQ,0,0,-1366.0,0.0,4,0,1478.0,0.48,,,,,26.8,101.2,혼합,중립,False,False,27.0,B,2026-09-09 00:29:58
3459,에스디시스템,121890,KOSDAQ,0,0,-19962.0,0.0,1,0,2595.0,3.31,,,,,104.8,107.9,완전정배열,중립,False,False,77.9,D,2026-09-09 00:30:02
3460,한네트,052600,KOSDAQ,0,0,-810.0,0.0,2,0,2975.0,0.86,,,,,82.9,98.3,완전역배열,중립,False,False,12.1,B,2026-09-09 00:30:06
3461,산돌,419120,KOSDAQ,0,0,-1305.0,0.0,19,0,2410.0,0.6,,,,,76.8,99.0,완전역배열,중립,False,False,7.4,C,2026-09-09 00:30:10
3462,YBM넷,057030,KOSDAQ,1,0,376.0,0.0,0,0,2100.0,0.66,,,,,92.0,98.0,완전역배열,중립,False,False,11.3,C,2026-09-09 00:30:14
3463,와이랩,432430,KOSDAQ,0,0,-169.0,0.0,6,0,2075.0,1.43,,,,,59.7,97.7,완전역배열,중립,False,False,7.0,D,2026-09-09 00:30:18
3464,아이비젼웍스,469750,KOSDAQ,2,0,88456.0,0.0,0,0,991.0,0.94,,,,,108.9,102.0,혼합,중립,False,False,30.3,D,2026-09-09 00:30:23
3465,진시스템,363250,KOSDAQ,2,0,2832.0,0.0,0,0,4010.0,2.81,,,,,49.6,98.9,완전역배열,중립,False,False,26.3,D,2026-09-09 00:30:27
3466,플랜티넷,075130,KOSDAQ,0,3,-550.0,5024.0,10,0,2115.0,0.46,,,,,83.2,100.1,혼합,중립,False,False,26.9,D,2026-09-09 00:30:31
3467,기산텔레콤,035460,KOSDAQ,0,0,-10366.0,0.0,2,0,2275.0,0.57,,,,,54.0,97.3,완전역배열,중립,False,False,10.7,B,2026-09-09 00:30:35
3468,애드포러스,397810,KOSDAQ,0,0,-479.0,-2.0,9,2,6570.0,0.74,,,,,23.0,96.9,혼합,중립,False,False,26.8,D,2026-09-09 00:30:39
3469,SGA솔루션즈,184230,KOSDAQ,0,0,-8255.0,0.0,2,0,1800.0,1.0,,,,,51.5,96.3,완전역배열,중립,False,False,3.5,B,2026-09-09 00:30:43
3470,프리시젼바이오,335810,KOSDAQ,0,0,-624.0,0.0,7,0,1543.0,0.8,,,,,76.0,102.8,혼합,중립,False,False,18.2,D,2026-09-09 00:30:47
3471,씨싸이트,109670,KOSDAQ,0,0,-19713.0,0.0,4,0,5790.0,0.61,,,,,302.2,114.0,상향전환,상단돌파,True,True,40.7,D,2026-09-09 00:30:51
3472,지슨,446840,KOSDAQ,2,4,13073.0,7255.0,0,0,3055.0,5.27,,,,,82.5,95.3,완전역배열,하단이탈,False,False,7.6,D,2026-09-09 00:30:55
3473,캡스톤파트너스,452300,KOSDAQ,0,0,-3867.0,-579.0,2,1,2375.0,0.96,,,,,27.9,101.4,혼합,중립,False,False,16.2,C,2026-09-09 00:30:59
3474,인포뱅크,039290,KOSDAQ,0,20,-1165.0,19487.0,16,0,3845.0,0.49,,,,,43.7,99.8,완전역배열,중립,False,False,29.7,D,2026-09-09 00:31:03
3475,테크엘,064520,KOSDAQ,0,0,-336.0,0.0,2,0,1495.0,0.36,,,,,96.4,100.9,혼합,중립,False,False,14.1,D,2026-09-09 00:31:07
3476,솔디펜스,215090,KOSDAQ,2,0,48238.0,-216.0,0,2,1443.0,0.66,,,,,166.7,97.6,완전역배열,중립,False,False,10.0,D,2026-09-09 00:31:11
3477,체리부로,066360,KOSDAQ,1,0,4831.0,0.0,0,0,1391.0,0.32,,,,,71.0,101.5,혼합,중립,False,False,12.7,B,2026-09-09 00:31:15
3478,파라텍,033540,KOSDAQ,0,0,-1014.0,0.0,1,0,3190.0,0.37,,,,,39.8,95.4,완전역배열,중립,False,False,1.0,D,2026-09-09 00:31:19
3479,에코글로우,159910,KOSDAQ,0,0,-690.0,0.0,3,0,3170.0,1.64,,,,,101.0,99.7,완전역배열,중립,False,False,24.5,D,2026-09-09 00:31:23
3480,브리지텍,064480,KOSDAQ,0,0,-10936.0,0.0,5,0,2770.0,0.77,,,,,57.8,96.5,완전역배열,중립,False,False,8.5,B,2026-09-09 00:31:27
3481,폴라리스AI핸디,220180,KOSDAQ,0,0,-565.0,0.0,2,0,1380.0,0.44,,,,,84.9,97.7,완전역배열,중립,False,False,6.2,C,2026-09-09 00:31:31
3482,DH오토웨어,025440,KOSDAQ,0,0,-3180.0,0.0,1,0,3380.0,0.53,,,,,70.6,97.8,완전역배열,중립,False,False,5.9,D,2026-09-09 00:31:35
3483,포톤,208710,KOSDAQ,0,0,-14628.0,0.0,1,0,2495.0,0.66,,,,,31.8,93.4,혼합,하단이탈,False,False,20.5,D,2026-09-09 00:31:40
3484,피엔에이치테크,239890,KOSDAQ,0,0,-2948.0,0.0,6,0,3305.0,0.59,,,,,184.3,100.4,혼합,중립,False,False,12.4,C,2026-09-09 00:31:43
3485,에코볼트,097780,KOSDAQ,2,0,5467.0,0.0,0,0,1617.0,0.16,,,,,156.3,121.7,상향전환,상단돌파,True,True,30.1,D,2026-09-09 00:31:47
3486,진매트릭스,109820,KOSDAQ,0,0,-12738.0,0.0,2,0,1603.0,1.78,,,,,44.7,105.4,혼합,중립,False,False,15.3,D,2026-09-09 00:31:51
3487,픽셀플러스,087600,KOSDAQ,0,0,-406.0,0.0,10,0,3995.0,0.32,,,,,33.6,101.8,혼합,중립,False,False,7.8,D,2026-09-09 00:31:55
3488,티비씨,033830,KOSDAQ,0,0,0.0,-32.0,0,1,1723.0,0.25,,,,,101.5,102.7,혼합,중립,False,False,11.7,C,2026-09-09 00:31:59
3489,M83,476080,KOSDAQ,0,0,-2625.0,0.0,1,0,4030.0,0.73,,,,,24.1,97.7,완전역배열,중립,False,False,10.8,D,2026-09-09 00:32:03
3490,팬엔터테인먼트,068050,KOSDAQ,0,20,-554.0,205021.0,2,0,1175.0,0.47,,,,,125.9,100.2,혼합,중립,False,False,17.2,D,2026-09-09 00:32:07
3491,한국큐빅,021650,KOSDAQ,5,0,1589.0,0.0,0,0,1990.0,0.33,,,,,82.2,98.1,완전역배열,중립,False,False,14.0,B,2026-09-09 00:32:11
3492,웰크론,065950,KOSDAQ,1,0,1622.0,0.0,0,0,1148.0,0.72,,,,,46.3,105.1,혼합,중립,False,False,19.7,D,2026-09-09 00:32:15
3493,파인디앤씨,049120,KOSDAQ,0,0,-4551.0,0.0,1,0,3055.0,0.68,,,,,27.5,111.1,완전정배열,상단돌파,False,True,38.2,D,2026-09-09 00:32:19
3494,캠시스,050110,KOSDAQ,0,0,-41088.0,-3567.0,1,1,1104.0,0.36,,,,,88.0,104.0,혼합,중립,False,False,10.5,D,2026-09-09 00:32:22
3495,에이치와이티씨,148930,KOSDAQ,5,0,4061.0,0.0,0,0,3165.0,0.35,,,,,70.3,98.4,혼합,중립,False,False,54.8,B,2026-09-09 00:32:26
3496,모니터랩,434480,KOSDAQ,0,0,-1763.0,0.0,2,0,2615.0,0.82,,,,,30.0,98.4,완전역배열,중립,False,False,22.3,C,2026-09-09 00:32:30
3497,신테카바이오,226330,KOSDAQ,1,0,1258.0,0.0,0,0,1327.0,1.24,,,,,60.6,102.6,혼합,중립,False,False,6.1,D,2026-09-09 00:32:34
3498,시큐브,131090,KOSDAQ,1,3,4657.0,1600.0,0,0,4200.0,0.65,,,,,34.7,102.3,완전정배열,중립,False,False,42.4,B,2026-09-09 00:32:38
3499,SDN,099220,KOSDAQ,0,0,0.0,0.0,0,0,511.0,0.42,,,,,0.0,95.4,완전역배열,중립,False,False,32.6,D,2026-09-09 00:32:41
3500,비씨월드제약,200780,KOSDAQ,1,1,67.0,164.0,0,0,3015.0,0.44,,,,,57.8,98.2,완전역배열,중립,False,False,6.8,D,2026-09-09 00:32:45
3501,신화콘텍,187270,KOSDAQ,0,0,-330.0,0.0,17,0,3155.0,0.4,,,,,59.5,102.5,혼합,중립,False,False,36.8,C,2026-09-09 00:32:49
3502,파인디지털,038950,KOSDAQ,1,1,347.0,241.0,0,0,3125.0,0.28,,,,,83.5,101.5,상향전환,중립,True,False,38.7,D,2026-09-09 00:32:53
3503,오브젠,417860,KOSDAQ,1,0,523.0,0.0,0,0,6770.0,2.14,,,,,51.3,98.7,완전역배열,중립,False,False,8.0,B,2026-09-09 00:32:57
3504,포인트모바일,318020,KOSDAQ,0,0,-1027.0,0.0,1,0,2590.0,0.54,,,,,28.7,96.4,완전역배열,중립,False,False,19.7,B,2026-09-09 00:33:01
3505,인지디스플레,037330,KOSDAQ,0,0,-10313.0,0.0,1,0,725.0,0.17,,,,,36.4,97.4,완전역배열,중립,False,False,4.1,B,2026-09-09 00:33:04
3506,넥스턴앤롤코리아,089140,KOSDAQ,0,0,-4728.0,0.0,3,0,2075.0,0.22,,,,,38.3,95.6,완전역배열,중립,False,False,15.9,D,2026-09-09 00:33:08
3507,에프엔씨엔터,173940,KOSDAQ,0,0,-679.0,-4276.0,6,20,2060.0,1.67,,,,,78.5,94.6,완전역배열,중립,False,False,3.2,D,2026-09-09 00:33:13
3508,헝셩그룹,900270,KOSDAQ,0,0,-456.0,0.0,3,0,2960.0,0.04,,,,,95.8,119.8,혼합,중립,False,False,7.4,D,2026-09-09 00:33:17
3509,에코캡,128540,KOSDAQ,0,0,-7889.0,0.0,13,0,1185.0,0.26,,,,,92.9,93.8,완전역배열,중립,False,False,7.2,B,2026-09-09 00:33:20
3510,오스템,031510,KOSDAQ,0,0,-23605.0,0.0,3,0,1128.0,0.31,,,,,72.5,100.0,완전정배열,중립,False,False,58.6,B,2026-09-09 00:33:24
3511,이노에이엑스,296640,KOSDAQ,0,1,-1997.0,486.0,4,0,6080.0,0.84,,,,,25.0,102.1,혼합,중립,False,False,39.7,B,2026-09-09 00:33:28
3512,휴엠앤씨,263920,KOSDAQ,1,0,28.0,0.0,0,0,3205.0,0.69,,,,,109.3,97.8,완전역배열,중립,False,False,22.8,B,2026-09-09 00:33:32
3513,케이씨티,089150,KOSDAQ,0,1,-25544.0,1.0,2,0,1831.0,0.91,,,,,88.0,99.8,완전역배열,중립,False,False,11.8,C,2026-09-09 00:33:36
3514,라온피플,300120,KOSDAQ,0,0,-53032.0,-413.0,1,2,3170.0,0.65,,,,,310.3,121.6,혼합,상단돌파,False,False,12.7,D,2026-09-09 00:33:39
3515,디지캡,197140,KOSDAQ,0,20,-36244.0,190800.0,1,0,2410.0,0.54,,,,,127.5,104.4,완전정배열,중립,False,False,90.5,D,2026-09-09 00:33:43
3516,TS트릴리온,317240,KOSDAQ,1,1,10804.0,800.0,0,0,1074.0,0.96,,,,,49.4,93.8,완전역배열,중립,False,False,16.8,D,2026-09-09 00:33:47
3517,티디에스팜,464280,KOSDAQ,4,0,13124.0,0.0,0,0,5660.0,0.67,,,,,66.6,97.8,완전역배열,중립,False,False,21.3,B,2026-09-09 00:33:51
3518,자비스,254120,KOSDAQ,1,0,8764.0,0.0,0,0,1016.0,1.31,,,,,47.0,106.7,혼합,중립,False,False,29.4,D,2026-09-09 00:33:55
3519,세종메디칼,258830,KOSDAQ,0,0,0.0,0.0,0,0,412.0,1.2,,,,,,100.0,혼합,중립,False,False,50.0,D,2026-09-09 00:34:00
3520,EG,037370,KOSDAQ,1,0,5327.0,0.0,0,0,3620.0,0.54,,,,,41.2,99.1,완전역배열,중립,False,False,21.5,D,2026-09-09 00:34:04
3521,엠아이큐브솔루션,373170,KOSDAQ,1,0,15865.0,0.0,0,0,2060.0,1.42,,,,,391.2,118.1,혼합,상단돌파,False,False,15.5,D,2026-09-09 00:34:08
3522,한창산업,079170,KOSDAQ,0,20,-3260.0,111944.0,2,0,5970.0,0.41,,,,,92.6,101.3,완전정배열,중립,False,False,47.4,B,2026-09-09 00:34:12
3523,브레인즈컴퍼니,099390,KOSDAQ,2,0,1887.0,-1.0,0,3,3780.0,0.53,,,,,53.9,104.3,혼합,중립,True,False,24.5,B,2026-09-09 00:34:16
3524,오디텍,080520,KOSDAQ,0,0,-177.0,0.0,8,0,2740.0,0.24,,,,,69.4,95.1,완전역배열,중립,False,False,7.5,C,2026-09-09 00:34:20
3525,캐스텍코리아,071850,KOSDAQ,1,0,1.0,0.0,0,0,1278.0,0.43,,,,,81.3,97.0,완전역배열,중립,False,False,4.6,D,2026-09-09 00:34:25
3526,화인써키트,127980,KOSDAQ,0,0,-5071.0,0.0,18,0,2605.0,0.79,,,,,120.1,94.5,완전역배열,중립,False,False,1.7,D,2026-09-09 00:34:28
3527,원일특강,012620,KOSDAQ,0,3,0.0,1314.0,0,0,7010.0,0.18,,,,,54.9,100.0,완전역배열,중립,False,False,20.4,B,2026-09-09 00:34:33
3528,우리이앤엘하루틴,153490,KOSDAQ,0,0,-987.0,0.0,3,0,2995.0,0.37,,,,,14.1,127.9,혼합,상단돌파,False,False,44.1,D,2026-09-09 00:34:37
3529,시그네틱스,033170,KOSDAQ,0,0,-12113.0,0.0,2,0,1790.0,0.67,,,,,28.3,99.4,완전역배열,중립,False,False,4.4,D,2026-09-09 00:34:41
3530,꿈비,407400,KOSDAQ,0,1,-343.0,2.0,2,0,2095.0,0.59,,,,,56.7,103.2,혼합,중립,False,False,8.9,D,2026-09-09 00:34:45
3531,트윔,290090,KOSDAQ,1,0,68.0,0.0,0,0,4115.0,0.45,,,,,86.3,99.4,완전역배열,중립,False,False,11.9,D,2026-09-09 00:34:49
3532,네오크레마,311390,KOSDAQ,0,0,-3082.0,0.0,1,0,2415.0,0.41,,,,,86.5,97.6,완전역배열,중립,False,False,4.7,C,2026-09-09 00:34:53
3533,아이티센피엔에스,232830,KOSDAQ,0,0,-986.0,0.0,6,0,1841.0,1.97,,,,,61.5,100.1,혼합,중립,False,False,14.4,D,2026-09-09 00:34:57
3534,풍강,093380,KOSDAQ,0,0,-1348.0,-1782.0,4,1,3075.0,0.39,,,,,90.3,103.6,완전정배열,중립,False,False,79.2,B,2026-09-09 00:35:01
3535,더코디,224060,KOSDAQ,3,1,13565.0,197.0,0,0,5860.0,0.26,,,,,198.4,117.6,혼합,상단돌파,False,False,68.2,B,2026-09-09 00:35:05
3536,에스엘에스바이오,246250,KOSDAQ,0,0,0.0,0.0,0,0,1969.0,5.13,,,,,,100.0,혼합,중립,False,False,50.0,D,2026-09-09 00:35:09
3537,원티드랩,376980,KOSDAQ,0,1,-2301.0,1.0,1,0,3085.0,0.7,,,,,30.4,92.4,혼합,중립,False,False,36.8,C,2026-09-09 00:35:13
3538,대신정보통신,020180,KOSDAQ,0,0,-12560.0,0.0,4,0,3920.0,0.62,,,,,44.7,97.6,완전역배열,중립,False,False,3.3,B,2026-09-09 00:35:17
3539,아틀라스링크,297570,KOSDAQ,0,0,0.0,0.0,0,0,869.0,0.6,,,,,0.0,98.3,완전역배열,중립,False,False,37.9,B,2026-09-09 00:35:21
3540,제이엔비,452160,KOSDAQ,0,0,-1133.0,0.0,2,0,3125.0,0.8,,,,,76.6,97.6,완전역배열,중립,False,False,2.4,D,2026-09-09 00:35:25
3541,파인테크닉스,106240,KOSDAQ,10,0,62614.0,0.0,0,0,1130.0,0.39,,,,,79.9,93.2,완전역배열,중립,False,False,7.9,D,2026-09-09 00:35:29
3542,손오공,066910,KOSDAQ,0,0,-12482.0,0.0,4,0,1951.0,0.54,,,,,63.4,100.5,혼합,중립,False,False,8.8,B,2026-09-09 00:35:33
3543,뉴키즈온,462310,KOSDAQ,0,20,-3357.0,90168.0,1,0,3800.0,0.65,,,,,75.8,98.2,혼합,중립,False,False,17.7,D,2026-09-09 00:35:37
3544,유라클,088340,KOSDAQ,0,0,-1599.0,0.0,7,0,6870.0,1.55,,,,,77.7,97.8,완전역배열,중립,False,False,9.2,D,2026-09-09 00:35:41
3545,휴림에이텍,078590,KOSDAQ,0,1,-3351.0,1780.0,2,0,2990.0,0.4,,,,,37.3,98.2,완전역배열,중립,False,False,8.2,D,2026-09-09 00:35:46
3546,엔비티,236810,KOSDAQ,0,0,-15535.0,0.0,1,0,1758.0,1.44,,,,,92.4,109.1,완전정배열,상단돌파,False,True,26.3,D,2026-09-09 00:35:53
3547,동국알앤에스,075970,KOSDAQ,1,0,240.0,0.0,0,0,1617.0,0.38,,,,,64.1,101.0,혼합,중립,False,False,14.3,D,2026-09-09 00:35:57
3548,팸텍,271830,KOSDAQ,2,1,21370.0,43.0,0,0,1003.0,0.52,,,,,23.3,94.0,완전역배열,중립,False,False,8.4,D,2026-09-09 00:36:01
3549,소프트캠프,258790,KOSDAQ,1,0,5817.0,0.0,0,0,5910.0,1.68,,,,,131.0,114.1,혼합,상단돌파,False,False,33.6,B,2026-09-09 00:36:05
3550,플레이디,237820,KOSDAQ,0,0,-4635.0,0.0,5,0,2300.0,0.33,,,,,9.0,98.0,완전역배열,중립,False,False,5.6,B,2026-09-09 00:36:09
3551,LSK아이로봇,091970,KOSDAQ,1,0,6272.0,0.0,0,0,3900.0,1.25,,,,,81.7,98.3,혼합,중립,False,False,48.1,D,2026-09-09 00:36:13
3552,아이즈비전,031310,KOSDAQ,0,0,-6637.0,0.0,7,0,987.0,0.18,,,,,118.4,102.3,혼합,중립,False,False,9.1,B,2026-09-09 00:36:17
3553,위즈코프,038620,KOSDAQ,0,0,-12677.0,0.0,9,0,1936.0,0.26,,,,,114.8,102.1,혼합,중립,False,False,14.9,B,2026-09-09 00:36:21
3554,플래티어,367000,KOSDAQ,0,0,-5.0,0.0,1,0,3475.0,0.89,,,,,49.6,102.7,상향전환,중립,True,False,37.4,D,2026-09-09 00:36:26
3555,인티큐브,070590,KOSDAQ,0,0,-1456.0,0.0,1,0,2100.0,3.04,,,,,116.3,105.9,완전정배열,상단돌파,False,True,61.1,D,2026-09-09 00:36:30
3556,S&K폴리텍,091340,KOSDAQ,1,2,2952.0,21094.0,0,0,2490.0,0.26,,,,,245.2,108.4,상향전환,상단돌파,True,True,71.5,B,2026-09-09 00:36:34
3557,포메탈,119500,KOSDAQ,3,0,12532.0,0.0,0,0,2455.0,0.56,,,,,122.8,98.2,완전역배열,중립,False,False,8.1,C,2026-09-09 00:36:38
3558,카스,016920,KOSDAQ,0,0,-16428.0,0.0,1,0,1130.0,0.37,,,,,158.2,102.9,완전정배열,중립,False,False,69.0,D,2026-09-09 00:36:42
3559,웨이버스,336060,KOSDAQ,0,0,-1083.0,0.0,1,0,3015.0,0.71,,,,,58.7,102.6,혼합,중립,False,False,15.3,C,2026-09-09 00:36:46
3560,와토스코리아,079000,KOSDAQ,5,1,17467.0,410.0,0,0,4030.0,0.37,,,,,115.9,97.6,완전역배열,중립,False,False,2.5,D,2026-09-09 00:36:50
3561,링크드,193250,KOSDAQ,0,0,-3372.0,0.0,1,0,2170.0,0.45,,,,,11.8,102.0,완전정배열,중립,False,False,57.7,B,2026-09-09 00:36:55
3562,세니젠,188260,KOSDAQ,1,0,103.0,0.0,0,0,2085.0,2.4,,,,,128.4,101.8,완전정배열,중립,False,False,48.0,D,2026-09-09 00:36:59
3563,에이치엘사이언스,239610,KOSDAQ,1,0,5.0,0.0,0,0,5350.0,0.35,,,,,63.7,98.3,완전역배열,중립,False,False,5.8,D,2026-09-09 00:37:03
3564,하이딥,365590,KOSDAQ,0,0,0.0,0.0,0,0,783.0,11.35,,,,,0.0,93.7,완전역배열,중립,False,False,18.6,D,2026-09-09 00:37:07
3565,씨유메디칼,115480,KOSDAQ,2,1,8740.0,1659.0,0,0,2375.0,0.41,,,,,80.9,105.7,완전정배열,중립,False,False,44.5,B,2026-09-09 00:37:11
3566,앱토크롬,109960,KOSDAQ,0,0,-642.0,0.0,1,0,1903.0,0.08,,,,,72.7,100.9,혼합,중립,False,False,7.1,B,2026-09-09 00:37:15
3567,오에스피,368970,KOSDAQ,0,0,-3259.0,0.0,4,0,2550.0,0.57,,,,,85.1,106.5,완전정배열,중립,False,False,54.2,D,2026-09-09 00:37:19
3568,파라택시스이더리움,290560,KOSDAQ,0,0,-26894.0,-515.0,2,1,1279.0,1.0,,,,,24.8,102.4,혼합,중립,False,False,34.1,D,2026-09-09 00:37:23
3569,에스코넥,096630,KOSDAQ,4,0,4020.0,0.0,0,0,1800.0,0.33,,,,,78.8,95.3,완전역배열,중립,False,False,7.5,B,2026-09-09 00:37:27
3570,모비릭스,348030,KOSDAQ,0,0,-3734.0,0.0,1,0,2975.0,0.56,,,,,57.2,92.9,혼합,중립,False,False,39.6,D,2026-09-09 00:37:31
3571,하이드로리튬,101670,KOSDAQ,0,0,-69164.0,0.0,1,0,503.0,1.14,,,,,65.9,85.5,완전역배열,하단이탈,False,False,1.8,D,2026-09-09 00:37:35
3572,팜스빌,318010,KOSDAQ,0,0,-193.0,0.0,2,0,3600.0,0.42,,,,,65.2,100.3,완전정배열,중립,False,False,33.1,B,2026-09-09 00:37:39
3573,닷밀,464580,KOSDAQ,0,0,-2289.0,0.0,2,0,1550.0,0.92,,,,,53.7,95.5,완전역배열,중립,False,False,17.5,D,2026-09-09 00:37:43
3574,아이씨에이치,368600,KOSDAQ,0,0,-16004.0,0.0,1,0,1105.0,0.89,,,,,167.4,114.7,완전정배열,상단돌파,False,True,32.0,D,2026-09-09 00:37:47
3575,심플랫폼,444530,KOSDAQ,1,0,719.0,0.0,0,0,4420.0,2.54,,,,,55.6,97.6,완전역배열,중립,False,False,10.5,D,2026-09-09 00:37:52
3576,아이퀘스트,262840,KOSDAQ,0,1,-402.0,597.0,2,0,2690.0,0.48,,,,,127.3,98.2,완전역배열,중립,False,False,3.2,B,2026-09-09 00:37:55
3577,부스타,008470,KOSDAQ,0,0,-256.0,-1836.0,3,2,1691.0,0.35,,,,,60.1,95.3,완전역배열,중립,False,False,25.1,D,2026-09-09 00:37:59
3578,코디,080530,KOSDAQ,0,0,-786.0,0.0,1,0,2565.0,0.46,,,,,46.9,99.8,완전역배열,중립,False,False,11.6,B,2026-09-09 00:38:03
3579,마니커에프앤지,195500,KOSDAQ,0,0,-3178.0,0.0,2,0,1772.0,0.35,,,,,16.8,101.1,혼합,중립,False,False,20.0,C,2026-09-09 00:38:07
3580,에이아이코리아,364950,KOSDAQ,0,0,-2533.0,0.0,2,0,3410.0,0.47,,,,,36.9,96.2,완전역배열,중립,False,False,2.0,B,2026-09-09 00:38:11
3581,청보,013720,KOSDAQ,2,0,804.0,0.0,0,0,2325.0,0.51,,,,,123.4,100.3,혼합,중립,False,False,19.1,D,2026-09-09 00:38:15
3582,아이지넷,462980,KOSDAQ,0,0,-2821.0,0.0,3,0,1550.0,1.19,,,,,32.0,102.9,혼합,중립,False,False,25.2,B,2026-09-09 00:38:19
3583,엣지파운드리,105550,KOSDAQ,0,0,-10142.0,0.0,1,0,1802.0,0.23,,,,,26.0,86.1,완전역배열,하단이탈,False,False,0.3,D,2026-09-09 00:38:23
3584,티에스넥스젠,043220,KOSDAQ,0,0,0.0,0.0,0,0,1710.0,1.39,,,,,,100.0,혼합,중립,False,False,100.0,D,2026-09-09 00:38:27
3585,NEW,160550,KOSDAQ,0,0,-3769.0,0.0,2,0,1010.0,0.32,,,,,124.0,97.9,완전역배열,중립,False,False,3.5,D,2026-09-09 00:38:31
3586,컬러레이,900310,KOSDAQ,0,0,-361.0,0.0,3,0,2200.0,0.09,,,,,24.5,104.1,혼합,중립,False,False,20.4,D,2026-09-09 00:38:35
3587,코셈,360350,KOSDAQ,0,0,-85.0,0.0,6,0,5150.0,1.71,,,,,84.2,90.7,완전역배열,하단이탈,False,False,1.1,D,2026-09-09 00:38:39
3588,신원종합개발,017000,KOSDAQ,1,0,17980.0,0.0,0,0,2400.0,0.23,,,,,49.3,99.1,완전역배열,중립,False,False,17.0,B,2026-09-09 00:38:43
3589,싸이버원,356890,KOSDAQ,0,0,-1101.0,0.0,1,0,2340.0,0.69,,,,,20.8,99.4,완전역배열,중립,False,False,14.7,D,2026-09-09 00:38:47
3590,GH신소재,130500,KOSDAQ,0,0,-114.0,0.0,13,0,1922.0,0.33,,,,,56.1,100.1,혼합,중립,False,False,16.2,D,2026-09-09 00:38:52
3591,대한과학,131220,KOSDAQ,1,20,3357.0,134.0,0,0,3745.0,0.61,,,,,85.7,101.9,혼합,중립,False,False,32.2,B,2026-09-09 00:38:55
3592,휴네시온,290270,KOSDAQ,0,0,-2251.0,0.0,2,0,2900.0,0.55,,,,,56.1,101.4,혼합,중립,False,False,17.4,B,2026-09-09 00:38:59
3593,케이웨더,068100,KOSDAQ,0,0,-13973.0,0.0,2,0,2335.0,1.52,,,,,148.4,99.7,완전역배열,중립,False,False,19.1,D,2026-09-09 00:39:03
3594,이삭엔지니어링,351330,KOSDAQ,0,0,-2668.0,0.0,1,0,3360.0,0.98,,,,,34.7,96.3,완전역배열,중립,False,False,4.9,D,2026-09-09 00:39:07
3595,한일화학,007770,KOSDAQ,0,0,-436.0,-64.0,1,1,7920.0,0.31,,,,,119.1,107.3,완전정배열,중립,False,False,56.5,D,2026-09-09 00:39:11
3596,성우테크론,045300,KOSDAQ,0,0,-754.0,0.0,1,0,2630.0,0.34,,,,,54.5,101.2,혼합,중립,False,False,35.7,B,2026-09-09 00:39:15
3597,이씨에스,067010,KOSDAQ,0,15,-8949.0,429399.0,3,0,2545.0,0.52,,,,,69.2,106.0,완전정배열,중립,False,False,79.2,B,2026-09-09 00:39:19
3598,메이슨캐피탈,021880,KOSDAQ,2,0,23166.0,0.0,0,0,1303.0,0.35,,,,,62.8,99.1,완전역배열,중립,False,False,6.2,D,2026-09-09 00:39:23
3599,코퍼스코리아,322780,KOSDAQ,3,0,6628.0,0.0,0,0,1839.0,0.62,,,,,86.4,94.6,완전역배열,중립,False,False,6.4,D,2026-09-09 00:39:26
3600,한울앤제주,276730,KOSDAQ,0,0,-19615.0,0.0,5,0,1167.0,1.22,,,,,27.0,78.9,완전역배열,하단이탈,False,False,2.7,D,2026-09-09 00:39:31
3601,한싹,430690,KOSDAQ,0,0,-5608.0,0.0,2,0,2525.0,0.86,,,,,22.1,98.2,완전역배열,중립,False,False,13.2,D,2026-09-09 00:39:35
3602,키네마스터,139670,KOSDAQ,3,0,8571.0,0.0,0,0,1948.0,0.9,,,,,110.2,104.2,완전정배열,중립,False,False,36.3,B,2026-09-09 00:39:39
3603,대동스틸,048470,KOSDAQ,0,5,-24.0,18.0,1,0,2850.0,0.37,,,,,147.3,101.6,혼합,중립,False,False,25.6,B,2026-09-09 00:39:43
3604,티사이언티픽,057680,KOSDAQ,0,1,-23115.0,304.0,1,0,1741.0,0.16,,,,,152.9,108.6,혼합,중립,False,False,5.2,D,2026-09-09 00:39:47
3605,키이스트,054780,KOSDAQ,0,0,-4221.0,-23.0,2,2,1396.0,0.79,,,,,41.2,104.3,혼합,중립,False,False,7.5,D,2026-09-09 00:39:50
3606,GMI벤처,019570,KOSDAQ,0,0,-222.0,0.0,2,0,2870.0,0.53,,,,,69.1,103.0,혼합,중립,False,False,9.9,D,2026-09-09 00:39:54
3607,에스팀,458350,KOSDAQ,0,0,-9499.0,-25434.0,1,10,3150.0,0.94,,,,,177.2,94.3,완전역배열,하단이탈,False,False,0.2,D,2026-09-09 00:39:57
3608,차이커뮤니케이션,351870,KOSDAQ,1,0,1479.0,0.0,0,0,2450.0,0.51,,,,,15.0,107.2,혼합,중립,False,False,17.0,D,2026-09-09 00:40:02
3609,에이루트,096690,KOSDAQ,0,0,-723.0,0.0,2,0,6790.0,0.29,,,,,100.6,102.3,완전정배열,중립,False,False,24.9,D,2026-09-09 00:40:05
3610,한빛소프트,047080,KOSDAQ,0,0,-13222.0,0.0,2,0,1099.0,1.29,,,,,71.6,107.8,혼합,상단돌파,False,False,24.7,B,2026-09-09 00:40:09
3611,누리플랜,069140,KOSDAQ,0,1,-677.0,759.0,4,0,1803.0,0.6,,,,,58.9,96.7,하향전환,중립,False,False,17.5,D,2026-09-09 00:40:13
3612,솔트웨어,328380,KOSDAQ,4,0,63256.0,0.0,0,0,3970.0,1.18,,,,,299.0,105.5,완전정배열,중립,False,False,51.3,D,2026-09-09 00:40:17
3613,베노티앤알,206400,KOSDAQ,0,0,-8700.0,0.0,2,0,725.0,0.41,,,,,163.8,82.2,완전역배열,하단이탈,False,False,7.9,D,2026-09-09 00:40:20
3614,우양,103840,KOSDAQ,0,0,-10339.0,0.0,6,0,1661.0,0.59,,,,,79.0,96.1,완전역배열,중립,False,False,2.7,D,2026-09-09 00:40:24
3615,힘스,238490,KOSDAQ,0,0,-77.0,-396.0,1,1,2400.0,0.49,,,,,269.5,105.4,혼합,중립,False,False,18.9,D,2026-09-09 00:40:28
3616,NE능률,053290,KOSDAQ,0,0,-373.0,0.0,2,0,1641.0,0.39,,,,,56.3,94.7,완전역배열,중립,False,False,39.1,D,2026-09-09 00:40:32
3617,글로벌에스엠,900070,KOSDAQ,0,0,-638.0,-71.0,5,1,1008.0,45.82,,,,,47.1,99.2,완전역배열,중립,False,False,32.0,C,2026-09-09 00:40:36
3618,에스프리즘,288620,KOSDAQ,0,3,-252.0,19.0,1,0,3870.0,0.63,,,,,92.7,94.5,완전역배열,중립,False,False,3.7,D,2026-09-09 00:40:40
3619,프럼파스트,035200,KOSDAQ,0,0,-3282.0,0.0,1,0,2925.0,0.6,,,,,187.7,103.3,혼합,중립,False,False,15.2,D,2026-09-09 00:40:44
3620,지에프씨생명과학,388610,KOSDAQ,0,0,-541.0,0.0,1,0,5060.0,1.08,,,,,136.1,93.0,완전역배열,중립,False,False,3.3,D,2026-09-09 00:40:48
3621,엔텔스,069410,KOSDAQ,0,0,-19380.0,0.0,10,0,2630.0,0.46,,,,,108.6,93.7,완전역배열,중립,False,False,11.5,B,2026-09-09 00:40:52
3622,한주라이트메탈,198940,KOSDAQ,1,0,10741.0,0.0,0,0,1351.0,0.57,,,,,41.6,98.7,완전역배열,중립,False,False,11.6,D,2026-09-09 00:40:56
3623,모비데이즈,363260,KOSDAQ,0,1,-4844.0,9994.0,1,0,4160.0,0.63,,,,,218.0,98.3,완전역배열,하단이탈,False,False,12.1,C,2026-09-09 00:41:00
3624,삼진,032750,KOSDAQ,0,3,-1581.0,1999.0,2,0,2955.0,0.23,,,,,124.2,100.8,혼합,중립,False,False,22.4,B,2026-09-09 00:41:04
3625,이노인스트루먼트,215790,KOSDAQ,0,1,-10387.0,14478.0,1,0,660.0,0.66,,,,,56.4,93.4,완전역배열,중립,False,False,13.0,D,2026-09-09 00:41:08
3626,제놀루션,225220,KOSDAQ,0,6,-730.0,934.0,20,0,1379.0,0.36,,,,,91.0,99.1,완전역배열,중립,False,False,24.9,D,2026-09-09 00:41:12
3627,뷰티스킨,406820,KOSDAQ,0,0,-8568.0,-505.0,5,1,1872.0,0.98,,,,,11.9,96.3,완전역배열,중립,False,False,4.7,D,2026-09-09 00:41:15
3628,율촌,146060,KOSDAQ,1,0,31623.0,0.0,0,0,1099.0,0.44,,,,,76.6,100.2,혼합,중립,False,False,16.6,B,2026-09-09 00:41:20
3629,뉴온,123840,KOSDAQ,2,0,4245.0,0.0,0,0,1692.0,0.14,,,,,147.6,96.5,완전역배열,중립,False,False,2.7,D,2026-09-09 00:41:23
3631,에스켐,475660,KOSDAQ,1,0,633.0,-10000.0,0,1,3315.0,0.74,,,,,140.7,97.0,완전역배열,중립,False,False,9.8,D,2026-09-09 00:41:28
3632,피엔티엠에스,257370,KOSDAQ,0,0,-806.0,0.0,5,0,2100.0,1.19,,,,,89.1,96.9,완전역배열,중립,False,False,22.6,D,2026-09-09 00:41:31
3633,제이엠아이,033050,KOSDAQ,0,0,-824.0,0.0,1,0,824.0,0.42,,,,,42.0,98.8,완전역배열,중립,False,False,35.6,B,2026-09-09 00:41:36
3634,신진에스엠,138070,KOSDAQ,1,0,1303.0,0.0,0,0,1498.0,0.32,,,,,84.5,99.2,완전역배열,중립,False,False,42.0,D,2026-09-09 00:41:40
3635,이퓨쳐,134060,KOSDAQ,0,20,-41.0,49721.0,4,0,5490.0,0.87,,,,,54.6,102.2,완전정배열,중립,False,False,87.5,C,2026-09-09 00:41:43
3636,인스웨이브,450520,KOSDAQ,0,0,-4244.0,0.0,6,0,1780.0,0.68,,,,,44.7,95.9,완전역배열,중립,False,False,13.8,D,2026-09-09 00:41:47
3637,에프알텍,073540,KOSDAQ,6,0,11166.0,0.0,0,0,2290.0,0.45,,,,,19.5,97.2,완전역배열,중립,False,False,9.4,D,2026-09-09 00:41:50
3638,삼진엘앤디,054090,KOSDAQ,2,20,34403.0,123069.0,0,0,1045.0,0.66,,,,,233.4,104.0,상향전환,중립,False,False,49.4,B,2026-09-09 00:41:54
3639,에코심플렉스,038870,KOSDAQ,3,4,4734.0,78.0,0,0,1860.0,0.36,,,,,86.2,100.9,혼합,중립,False,False,16.1,D,2026-09-09 00:41:58
3640,에이치케이,044780,KOSDAQ,1,0,7768.0,-1416.0,0,1,1404.0,0.36,,,,,270.0,104.2,상향전환,중립,True,False,37.5,B,2026-09-09 00:42:03
3641,비트맥스,377030,KOSDAQ,1,0,396.0,-664.0,0,1,1811.0,29.21,,,,,25.4,104.0,혼합,중립,False,False,3.6,D,2026-09-09 00:42:06
3642,빌리언스,044480,KOSDAQ,0,0,-5616.0,-1.0,1,1,3890.0,0.57,,,,,340.7,98.9,완전역배열,중립,False,False,2.3,D,2026-09-09 00:42:11
3643,케이바이오랩스,038530,KOSDAQ,0,0,0.0,0.0,0,0,999.0,0.58,,,,,0.0,98.4,완전역배열,중립,False,False,36.3,D,2026-09-09 00:42:15
3644,디모아,016670,KOSDAQ,0,0,-15.0,0.0,1,0,2530.0,0.28,,,,,80.3,100.9,혼합,중립,False,False,8.1,B,2026-09-09 00:42:18
3645,웰크론한텍,076080,KOSDAQ,4,0,16683.0,0.0,0,0,1140.0,0.83,,,,,75.8,103.2,완전정배열,중립,False,False,36.2,D,2026-09-09 00:42:22
3646,엑사이엔씨,054940,KOSDAQ,2,0,45209.0,0.0,0,0,3875.0,0.35,,,,,61.2,108.7,완전정배열,중립,False,False,45.4,B,2026-09-09 00:42:26
3647,광진실업,026910,KOSDAQ,0,2,-14855.0,1205.0,1,0,3240.0,1.18,,,,,72.3,88.0,하향전환,하단이탈,False,False,33.6,D,2026-09-09 00:42:30
3648,배럴,267790,KOSDAQ,0,0,-221.0,0.0,7,0,3335.0,0.57,,,,,24.4,101.9,완전정배열,중립,False,False,37.7,B,2026-09-09 00:42:34
3649,아이윈,090150,KOSDAQ,0,0,-1161.0,0.0,6,0,6110.0,0.39,,,,,18.2,105.9,혼합,중립,False,False,26.8,B,2026-09-09 00:42:38
3650,피코그램,376180,KOSDAQ,0,0,-20765.0,0.0,2,0,1370.0,0.61,,,,,84.5,92.4,완전역배열,하단이탈,False,False,17.7,B,2026-09-09 00:42:41
3651,폴라리스우노,114630,KOSDAQ,0,0,-6347.0,-4815.0,2,1,1472.0,0.2,,,,,51.4,98.3,완전역배열,중립,False,False,8.6,B,2026-09-09 00:42:46
3652,동양에스텍,060380,KOSDAQ,1,0,1252.0,0.0,0,0,1282.0,0.22,,,,,73.4,100.1,혼합,중립,False,False,20.0,B,2026-09-09 00:42:50
3653,아티스트스튜디오,200350,KOSDAQ,3,0,5311.0,0.0,0,0,2525.0,0.52,,,,,86.5,101.0,혼합,중립,False,False,14.3,D,2026-09-09 00:42:54
3654,아이에이,038880,KOSDAQ,0,0,-5556.0,-78.0,1,1,3355.0,0.41,,,,,64.8,94.1,완전역배열,중립,False,False,18.3,D,2026-09-09 00:42:58
3655,씨엔플러스,115530,KOSDAQ,1,0,307.0,0.0,0,0,2935.0,2.13,,,,,124.4,104.6,완전정배열,중립,False,False,44.1,C,2026-09-09 00:43:02
3656,파루,043200,KOSDAQ,2,0,72661.0,0.0,0,0,1196.0,0.95,,,,,71.9,106.1,혼합,중립,False,False,12.7,D,2026-09-09 00:43:06
3657,바이브컴퍼니,301300,KOSDAQ,0,0,-2922.0,-223.0,1,1,1899.0,0.65,,,,,66.1,96.3,완전역배열,중립,False,False,24.1,D,2026-09-09 00:43:09
3658,인콘,083640,KOSDAQ,0,0,0.0,0.0,0,0,1087.0,0.22,,,,,0.0,96.6,완전역배열,중립,False,False,26.1,C,2026-09-09 00:43:14
3659,이노테나,333050,KOSDAQ,0,0,-477.0,0.0,6,0,5050.0,0.99,,,,,43.6,98.9,완전역배열,중립,False,False,16.6,C,2026-09-09 00:43:17
3660,파버나인,177830,KOSDAQ,1,0,428.0,0.0,0,0,2185.0,0.33,,,,,105.7,97.3,완전역배열,중립,False,False,1.4,D,2026-09-09 00:43:21
3661,딜리,131180,KOSDAQ,0,0,-1030.0,0.0,1,0,4210.0,0.37,,,,,64.8,107.5,혼합,중립,False,False,33.1,B,2026-09-09 00:43:26
3662,신도기연,290520,KOSDAQ,0,0,-1755.0,0.0,2,0,1567.0,0.47,,,,,129.5,96.5,완전역배열,중립,False,False,8.8,D,2026-09-09 00:43:30
3663,알엔투테크놀로지,148250,KOSDAQ,0,0,-6992.0,0.0,5,0,1801.0,0.54,,,,,31.8,107.1,혼합,중립,False,False,5.8,D,2026-09-09 00:43:34
3664,서울전자통신,027040,KOSDAQ,0,0,-2007.0,0.0,3,0,1761.0,1.92,,,,,50.8,93.8,완전역배열,중립,False,False,15.8,C,2026-09-09 00:43:38
3665,KBG,318000,KOSDAQ,0,0,-3907.0,0.0,2,0,2795.0,0.52,,,,,55.9,98.0,완전역배열,중립,False,False,6.9,C,2026-09-09 00:43:43
3666,멕아이씨에스,058110,KOSDAQ,1,2,12183.0,1484.0,0,0,1520.0,0.63,,,,,67.2,94.0,완전역배열,하단이탈,False,False,4.2,D,2026-09-09 00:43:47
3667,한국정보공학,039740,KOSDAQ,0,0,-1286.0,0.0,2,0,3035.0,0.45,,,,,36.1,98.7,완전역배열,중립,False,False,11.1,B,2026-09-09 00:43:51
3668,지란지교시큐리티,208350,KOSDAQ,0,0,-1100.0,0.0,2,0,3000.0,0.44,,,,,113.6,103.8,상향전환,중립,False,False,34.5,C,2026-09-09 00:43:55
3669,피씨디렉트,051380,KOSDAQ,0,0,-2225.0,0.0,8,0,1578.0,0.55,,,,,44.5,98.5,완전역배열,중립,False,False,11.7,B,2026-09-09 00:43:59
3670,벨로크,424760,KOSDAQ,0,0,-5408.0,-790.0,1,1,2405.0,0.85,,,,,141.8,109.9,혼합,중립,False,False,15.8,C,2026-09-09 00:44:02
3671,소노스퀘어,007720,KOSDAQ,0,0,-2964.0,0.0,7,0,1196.0,0.48,,,,,68.6,90.0,완전역배열,하단이탈,False,False,1.9,D,2026-09-09 00:44:06
3672,플레이위드,023770,KOSDAQ,0,1,-10075.0,2077.0,3,0,2690.0,1.3,,,,,142.6,112.1,상향전환,상단돌파,True,True,11.9,D,2026-09-09 00:44:11
3673,알톤,123750,KOSDAQ,2,0,1167.0,0.0,0,0,1740.0,1.02,,,,,23.8,100.3,혼합,중립,False,False,21.3,D,2026-09-09 00:44:15
3674,더라미,032860,KOSDAQ,1,0,7108.0,0.0,0,0,2975.0,0.47,,,,,140.7,87.2,완전역배열,중립,False,False,6.1,D,2026-09-09 00:44:18
3675,덱스터,206560,KOSDAQ,0,0,-5920.0,0.0,1,0,944.0,0.8,,,,,14.0,98.5,완전역배열,중립,False,False,16.5,D,2026-09-09 00:44:22
3676,오션인더블유,052300,KOSDAQ,0,0,-262.0,-1220.0,2,1,1468.0,0.09,,,,,91.4,105.1,상향전환,중립,False,False,22.8,D,2026-09-09 00:44:26
3677,엠브레인,169330,KOSDAQ,0,0,-483.0,0.0,3,0,1300.0,0.87,,,,,41.6,101.4,혼합,중립,False,False,12.2,D,2026-09-09 00:44:31
3678,비큐AI,148780,KOSDAQ,4,11,35678.0,98604.0,0,0,3770.0,2.09,,,,,24.2,98.3,완전역배열,중립,False,False,22.2,D,2026-09-09 00:44:35
3679,샤페론,378800,KOSDAQ,0,0,0.0,0.0,0,0,510.0,1.24,,,,,15.0,101.6,혼합,중립,False,False,15.0,D,2026-09-09 00:44:39
3680,스튜디오삼익,415380,KOSDAQ,0,4,-4492.0,41381.0,11,0,2060.0,0.65,,,,,94.5,100.9,완전정배열,중립,False,False,15.7,C,2026-09-09 00:44:42
3681,아이언디바이스,464500,KOSDAQ,0,0,-1474.0,0.0,7,0,1677.0,0.93,,,,,43.7,95.0,완전역배열,중립,False,False,14.4,D,2026-09-09 00:44:46
3682,한국맥널티,222980,KOSDAQ,0,0,-9108.0,0.0,2,0,2125.0,0.57,,,,,116.1,100.7,혼합,중립,False,False,18.9,D,2026-09-09 00:44:50
3683,졸스,018700,KOSDAQ,0,0,-909.0,0.0,1,0,1400.0,0.55,,,,,35.9,96.8,완전역배열,중립,False,False,21.7,D,2026-09-09 00:44:54
3684,대성미생물,036480,KOSDAQ,0,0,-139.0,0.0,1,0,6160.0,0.68,,,,,105.8,99.9,완전역배열,중립,False,False,13.7,D,2026-09-09 00:44:58
3685,제이케이시냅스,060230,KOSDAQ,0,0,-15549.0,0.0,1,0,1196.0,0.18,,,,,64.0,94.2,완전역배열,중립,False,False,6.4,D,2026-09-09 00:45:02
3686,바이오포트,188040,KOSDAQ,0,0,-3554.0,-93.0,7,1,4980.0,0.53,,,,,89.8,98.0,완전역배열,중립,False,False,9.0,B,2026-09-09 00:45:05
3687,에이스토리,241840,KOSDAQ,0,0,-1593.0,0.0,10,0,2435.0,0.47,,,,,89.9,101.9,혼합,중립,False,False,6.6,D,2026-09-09 00:45:09
3688,세중,039310,KOSDAQ,0,0,-630.0,0.0,3,0,1277.0,0.23,,,,,41.5,94.4,하향전환,하단이탈,True,False,21.6,D,2026-09-09 00:45:13
3689,자이언트스텝,289220,KOSDAQ,0,0,-5738.0,0.0,20,0,1037.0,0.52,,,,,122.6,93.3,완전역배열,중립,False,False,1.7,D,2026-09-09 00:45:17
3690,모아텍,033200,KOSDAQ,1,0,426.0,0.0,0,0,2505.0,0.34,,,,,76.0,99.5,완전역배열,중립,False,False,12.0,D,2026-09-09 00:45:21
3691,스페코,013810,KOSDAQ,0,0,-12298.0,0.0,4,0,1572.0,0.52,,,,,93.9,98.8,완전역배열,중립,False,False,7.2,D,2026-09-09 00:45:25
3692,리더스코스메틱,016100,KOSDAQ,2,0,6452.0,0.0,0,0,1205.0,0.44,,,,,48.0,102.3,혼합,중립,False,False,29.6,D,2026-09-09 00:45:28
3693,서울제약,018680,KOSDAQ,0,0,-62.0,0.0,1,0,1974.0,0.57,,,,,81.0,99.5,완전역배열,중립,False,False,10.2,C,2026-09-09 00:45:32
3694,오픈놀,440320,KOSDAQ,1,0,562.0,0.0,0,0,2305.0,0.65,,,,,85.3,96.9,완전역배열,중립,False,False,18.5,D,2026-09-09 00:45:36
3695,에이전트AI,060900,KOSDAQ,1,0,899.0,0.0,0,0,3515.0,0.37,,,,,84.6,96.1,완전역배열,중립,False,False,0.9,D,2026-09-09 00:45:40
3696,한국정밀기계,101680,KOSDAQ,0,0,-4940.0,0.0,9,0,2735.0,0.73,,,,,67.2,100.2,완전정배열,중립,False,False,34.8,D,2026-09-09 00:45:44
3697,아즈텍WB,032080,KOSDAQ,1,0,8.0,0.0,0,0,1067.0,0.21,,,,,43.3,100.1,혼합,중립,False,False,27.8,D,2026-09-09 00:45:48
3698,유비온,084440,KOSDAQ,0,0,0.0,0.0,0,0,1196.0,3.9,,,,,0.0,104.5,완전정배열,중립,False,False,87.6,D,2026-09-09 00:45:51
3699,풍전약품,298060,KOSDAQ,2,0,4443.0,0.0,0,0,2370.0,0.65,,,,,128.1,97.5,완전역배열,중립,False,False,1.5,D,2026-09-09 00:45:55
3700,디티앤씨,187220,KOSDAQ,0,0,-2526.0,0.0,1,0,1980.0,0.23,,,,,64.6,96.4,완전역배열,중립,False,False,7.4,B,2026-09-09 00:45:59
3701,씨엔알리서치,359090,KOSDAQ,1,0,432.0,0.0,0,0,1984.0,0.46,,,,,90.8,100.1,혼합,중립,False,False,7.5,C,2026-09-09 00:46:03
3702,다산솔루에타,154040,KOSDAQ,0,0,0.0,0.0,0,0,1055.0,0.42,,,,,0.0,101.2,완전정배열,중립,False,False,80.9,D,2026-09-09 00:46:07
3703,라메디텍,462510,KOSDAQ,0,0,-1135.0,0.0,1,0,2585.0,4.64,,,,,58.2,93.7,완전역배열,중립,False,False,4.2,D,2026-09-09 00:46:11
3704,나라셀라,405920,KOSDAQ,1,0,1808.0,0.0,0,0,1762.0,0.35,,,,,142.4,100.6,혼합,중립,False,False,15.2,D,2026-09-09 00:46:15
3705,에스에너지,095910,KOSDAQ,1,0,36661.0,0.0,0,0,619.0,0.62,,,,,22.3,93.7,완전역배열,중립,False,False,2.0,D,2026-09-09 00:46:20
3706,대산F&B,065150,KOSDAQ,0,0,-703.0,0.0,7,0,1411.0,0.81,,,,,109.0,92.5,완전역배열,중립,False,False,5.7,B,2026-09-09 00:46:24
3707,휴맥스,115160,KOSDAQ,1,0,317.0,-244.0,0,2,5220.0,0.18,,,,,67.7,99.8,완전역배열,중립,False,False,6.2,B,2026-09-09 00:46:27
3708,판타지오,032800,KOSDAQ,14,0,33449.0,0.0,0,0,1484.0,0.3,,,,,119.1,96.2,완전역배열,중립,False,False,4.4,D,2026-09-09 00:46:31
3709,티피씨글로벌,130740,KOSDAQ,0,0,-12774.0,0.0,2,0,1987.0,0.26,,,,,104.9,98.5,혼합,중립,False,False,20.0,B,2026-09-09 00:46:35
3710,토박스코리아,215480,KOSDAQ,0,1,-1286.0,1666.0,3,0,2085.0,0.55,,,,,58.1,98.7,완전역배열,중립,False,False,61.3,D,2026-09-09 00:46:39
3711,에스에스알,275630,KOSDAQ,1,8,8612.0,76939.0,0,0,4240.0,0.95,,,,,203.5,107.0,완전정배열,중립,False,False,80.6,D,2026-09-09 00:46:43
3712,피앤씨테크,237750,KOSDAQ,0,0,-500.0,0.0,1,0,3425.0,0.72,,,,,43.0,95.0,완전역배열,중립,False,False,3.9,D,2026-09-09 00:46:47
3713,위세아이텍,065370,KOSDAQ,0,0,-601.0,0.0,2,0,3010.0,0.7,,,,,56.1,102.5,혼합,중립,False,False,12.1,C,2026-09-09 00:46:51
3714,삼일,032280,KOSDAQ,0,0,-6626.0,0.0,3,0,1370.0,0.33,,,,,138.0,100.9,완전정배열,중립,False,False,72.8,C,2026-09-09 00:46:55
3715,이지트로닉스,377330,KOSDAQ,0,1,-1093.0,1.0,1,0,2725.0,0.64,,,,,92.5,102.3,혼합,중립,False,False,16.3,D,2026-09-09 00:46:59
3716,파커스,065690,KOSDAQ,0,20,-5310.0,223927.0,3,0,1846.0,0.34,,,,,95.5,106.9,완전정배열,중립,False,False,91.3,D,2026-09-09 00:47:03
3717,엠에프씨,432980,KOSDAQ,0,0,-2082.0,0.0,1,0,2580.0,0.7,,,,,102.6,97.3,완전역배열,중립,False,False,12.4,D,2026-09-09 00:47:07
3718,딥커머스,900110,KOSDAQ,0,0,0.0,0.0,0,0,1201.0,0.04,,,,,0.0,99.4,완전역배열,중립,False,False,17.0,B,2026-09-09 00:47:11
3719,디지아이,043360,KOSDAQ,0,1,-2304.0,852.0,1,0,2455.0,0.31,,,,,366.6,112.2,상향전환,중립,True,False,23.9,D,2026-09-09 00:47:15
3720,세동,053060,KOSDAQ,0,0,-2904.0,0.0,2,0,1244.0,0.51,,,,,50.1,93.9,하향전환,중립,False,False,21.9,B,2026-09-09 00:47:18
3721,세진티에스,067770,KOSDAQ,2,0,4230.0,0.0,0,0,2615.0,0.43,,,,,78.3,105.1,완전정배열,중립,False,False,81.6,B,2026-09-09 00:47:22
3722,이노뎁,303530,KOSDAQ,0,0,-1323.0,0.0,3,0,2985.0,0.68,,,,,107.3,105.2,혼합,중립,False,False,15.4,D,2026-09-09 00:47:26
3723,밸로프,331520,KOSDAQ,0,1,-11824.0,1353.0,5,0,2235.0,0.61,,,,,68.1,93.5,하향전환,하단이탈,False,False,37.9,B,2026-09-09 00:47:30
3724,케이쓰리아이,431190,KOSDAQ,0,0,-366.0,0.0,4,0,2925.0,0.78,,,,,161.5,107.5,혼합,중립,False,False,19.2,D,2026-09-09 00:47:33
3725,인터엠,017250,KOSDAQ,1,0,3726.0,0.0,0,0,1034.0,0.47,,,,,84.1,101.5,상향전환,중립,True,False,51.6,B,2026-09-09 00:47:37
3726,라닉스,317120,KOSDAQ,0,0,-17836.0,0.0,2,0,1424.0,1.25,,,,,85.1,100.0,완전역배열,중립,False,False,12.7,D,2026-09-09 00:47:41
3727,인바이오,352940,KOSDAQ,1,0,94.0,0.0,0,0,1994.0,0.49,,,,,74.3,100.1,혼합,중립,False,False,29.1,D,2026-09-09 00:47:45
3728,로지시스,067730,KOSDAQ,0,0,-2393.0,0.0,7,0,2240.0,1.0,,,,,55.2,100.9,혼합,중립,False,False,9.3,B,2026-09-09 00:47:49
3729,CSA 코스믹,083660,KOSDAQ,0,1,-14685.0,593.0,5,0,1512.0,0.84,,,,,39.7,102.1,혼합,중립,False,False,1.8,D,2026-09-09 00:47:53
3730,세림B&G,340440,KOSDAQ,0,0,-58507.0,0.0,1,0,756.0,0.57,,,,,148.4,99.0,완전역배열,중립,False,False,1.8,B,2026-09-09 00:47:57
3731,유아이디,069330,KOSDAQ,0,0,-9290.0,0.0,3,0,1260.0,0.87,,,,,49.1,109.9,완전정배열,중립,False,False,87.2,B,2026-09-09 00:48:01
3732,한국비티비,219750,KOSDAQ,0,0,-97.0,0.0,1,0,1624.0,1.07,,,,,95.7,99.0,완전역배열,중립,False,False,2.8,D,2026-09-09 00:48:05
3733,오토앤,353590,KOSDAQ,0,10,-1615.0,91.0,5,0,1646.0,1.26,,,,,49.6,99.1,완전역배열,중립,False,False,10.5,D,2026-09-09 00:48:08
3734,윈하이텍,192390,KOSDAQ,15,20,90022.0,196284.0,0,0,1768.0,0.29,,,,,81.1,98.9,완전역배열,중립,False,False,29.5,D,2026-09-09 00:48:13
3735,이엘피,063760,KOSDAQ,0,0,-2301.0,0.0,2,0,2265.0,0.3,,,,,120.2,94.4,완전역배열,하단이탈,False,False,16.6,B,2026-09-09 00:48:17
3736,비피도,238200,KOSDAQ,1,1,150.0,6.0,0,0,2580.0,0.43,,,,,65.2,99.9,혼합,중립,False,False,22.8,C,2026-09-09 00:48:21
3737,에스지헬스케어,398120,KOSDAQ,2,0,6885.0,0.0,0,0,1781.0,0.83,,,,,63.3,93.4,완전역배열,중립,False,False,6.0,C,2026-09-09 00:48:25
3738,리튬포어스,073570,KOSDAQ,2,0,13895.0,0.0,0,0,1751.0,0.38,,,,,95.2,102.6,혼합,중립,False,False,5.8,D,2026-09-09 00:48:29
3739,인산가,277410,KOSDAQ,0,0,-3865.0,0.0,15,0,5480.0,0.26,,,,,85.5,98.2,완전역배열,중립,False,False,7.0,C,2026-09-09 00:48:33
3740,글로본,019660,KOSDAQ,0,0,-932.0,0.0,2,0,1501.0,2.2,,,,,115.1,99.4,완전역배열,중립,False,False,4.9,D,2026-09-09 00:48:37
3741,성창오토텍,080470,KOSDAQ,0,0,-1345.0,0.0,20,0,2865.0,0.35,,,,,85.0,99.9,완전역배열,중립,False,False,11.6,B,2026-09-09 00:48:41
3742,크라우드웍스,355390,KOSDAQ,0,0,-42074.0,0.0,1,0,1317.0,1.0,,,,,56.2,85.9,완전역배열,하단이탈,False,False,3.3,D,2026-09-09 00:48:45
3743,비츠로시스,054220,KOSDAQ,0,0,-25630.0,0.0,1,0,1660.0,0.98,,,,,112.5,100.2,혼합,중립,False,False,11.7,D,2026-09-09 00:48:49
3744,휴럼,353190,KOSDAQ,1,0,87.0,0.0,0,0,2650.0,0.53,,,,,76.0,96.9,완전역배열,중립,False,False,15.1,D,2026-09-09 00:48:53
3745,스타플렉스,115570,KOSDAQ,1,0,505.0,-239.0,0,1,2610.0,0.27,,,,,69.0,104.5,혼합,중립,False,False,45.3,B,2026-09-09 00:48:57
3746,루트K,195990,KOSDAQ,0,0,-4400.0,0.0,3,0,1276.0,0.4,,,,,38.6,96.7,완전역배열,중립,False,False,3.4,D,2026-09-09 00:49:01
3747,핌스,347770,KOSDAQ,0,0,-13431.0,0.0,2,0,916.0,0.38,,,,,83.3,97.4,완전역배열,중립,False,False,6.1,D,2026-09-09 00:49:05
3748,텔콘RF제약,200230,KOSDAQ,1,0,8550.0,0.0,0,0,2185.0,0.21,,,,,31.1,98.5,완전역배열,중립,False,False,1.4,D,2026-09-09 00:49:09
3749,에스폴리텍,050760,KOSDAQ,0,0,-49534.0,-11215.0,1,1,1258.0,0.32,,,,,99.0,103.5,혼합,중립,False,False,24.4,D,2026-09-09 00:49:13
3750,아우딘퓨쳐스,227610,KOSDAQ,4,1,23342.0,2011.0,0,0,1058.0,0.84,,,,,99.2,88.5,완전역배열,하단이탈,False,False,24.1,D,2026-09-09 00:49:17
3751,소프트센,032680,KOSDAQ,0,0,-6565.0,0.0,1,0,887.0,0.34,,,,,39.8,97.2,완전역배열,중립,False,False,18.1,D,2026-09-09 00:49:21
3752,드림인사이트,362990,KOSDAQ,0,0,-2668.0,0.0,2,0,1216.0,0.61,,,,,68.2,99.0,완전역배열,중립,False,False,22.3,D,2026-09-09 00:49:25
3753,에스티오,098660,KOSDAQ,1,0,824.0,0.0,0,0,1634.0,0.95,,,,,69.9,98.2,하향전환,중립,False,False,37.9,D,2026-09-09 00:49:28
3754,대호특수강,021040,KOSDAQ,0,0,-689.0,0.0,4,0,938.0,0.49,,,,,68.5,97.7,완전역배열,중립,False,False,11.0,D,2026-09-09 00:49:32
3755,비스토스,419540,KOSDAQ,1,0,3372.0,0.0,0,0,3415.0,0.97,,,,,42.2,98.9,완전역배열,중립,False,False,12.3,D,2026-09-09 00:49:36
3756,알티캐스트,085810,KOSDAQ,0,0,-5769.0,0.0,2,0,1434.0,0.43,,,,,219.5,89.6,완전역배열,하단이탈,False,False,12.0,D,2026-09-09 00:49:40
3757,우리엔터프라이즈,037400,KOSDAQ,1,1,3640.0,849.0,0,0,3860.0,0.14,,,,,197.6,105.0,혼합,상단돌파,False,False,26.5,D,2026-09-09 00:49:44
3758,인베니아,079950,KOSDAQ,0,0,-1453.0,0.0,1,0,1465.0,0.91,,,,,263.0,128.0,완전정배열,상단돌파,True,True,19.7,D,2026-09-09 00:49:48
3759,동일스틸럭스,023790,KOSDAQ,0,1,-82786.0,1263.0,2,0,1546.0,1.17,,,,,333.2,104.6,혼합,상단돌파,False,False,7.1,D,2026-09-09 00:49:52
3760,아이티아이즈,372800,KOSDAQ,1,0,287.0,0.0,0,0,2860.0,1.82,,,,,108.2,100.0,혼합,중립,False,False,19.1,D,2026-09-09 00:49:56
3761,이노시뮬레이션,274400,KOSDAQ,0,1,-428.0,221.0,4,0,2210.0,0.7,,,,,103.2,97.6,완전역배열,중립,False,False,15.7,D,2026-09-09 00:50:00
3762,지엔코,065060,KOSDAQ,0,0,-5327.0,0.0,4,0,3350.0,0.46,,,,,83.5,98.6,혼합,중립,False,False,29.9,D,2026-09-09 00:50:04
3763,육일씨엔에쓰,191410,KOSDAQ,0,0,-28330.0,0.0,1,0,1791.0,0.96,,,,,77.6,116.5,혼합,상단돌파,False,False,19.3,B,2026-09-09 00:50:07
3764,아시아종묘,154030,KOSDAQ,0,0,-234.0,0.0,4,0,1661.0,0.79,,,,,63.8,101.5,혼합,중립,False,False,12.9,C,2026-09-09 00:50:11
3765,삼영에스앤씨,361670,KOSDAQ,0,0,-246.0,0.0,1,0,3530.0,1.04,,,,,105.0,98.8,혼합,중립,False,False,61.7,D,2026-09-09 00:50:15
3766,엘디티,096870,KOSDAQ,2,0,18961.0,0.0,0,0,2390.0,0.94,,,,,126.4,97.7,혼합,중립,False,False,44.5,C,2026-09-09 00:50:19
3767,웰킵스하이텍,043590,KOSDAQ,0,0,-2429.0,0.0,4,0,1463.0,0.58,,,,,24.9,105.4,완전정배열,중립,False,False,35.6,D,2026-09-09 00:50:23
3768,엔시트론,101400,KOSDAQ,2,1,6007.0,2815.0,0,0,1690.0,0.58,,,,,125.5,96.2,완전역배열,하단이탈,False,False,12.5,D,2026-09-09 00:50:27
3769,이노진,344860,KOSDAQ,3,0,3369.0,0.0,0,0,1370.0,1.2,,,,,38.8,101.0,혼합,중립,False,False,15.9,D,2026-09-09 00:50:31
3770,시지트로닉스,429270,KOSDAQ,1,0,16529.0,0.0,0,0,3065.0,1.1,,,,,86.7,94.4,완전역배열,하단이탈,False,False,5.2,D,2026-09-09 00:50:35
3771,우듬지팜,403490,KOSDAQ,0,0,-10349.0,0.0,2,0,2140.0,0.54,,,,,176.8,93.1,완전역배열,하단이탈,False,False,4.7,D,2026-09-09 00:50:39
3772,오아,342870,KOSDAQ,0,0,-821.0,0.0,20,0,3605.0,0.42,,,,,71.8,97.3,완전역배열,중립,False,False,2.0,D,2026-09-09 00:50:43
3773,디젠스,113810,KOSDAQ,0,1,-6118.0,389.0,1,0,3010.0,0.7,,,,,83.3,108.4,상향전환,중립,True,False,30.2,B,2026-09-09 00:50:47
3774,디티앤씨알오,383930,KOSDAQ,0,0,-3131.0,0.0,4,0,1534.0,2.72,,,,,67.8,94.0,완전역배열,중립,False,False,3.9,D,2026-09-09 00:50:52
3775,웹스,196700,KOSDAQ,0,0,-3274.0,0.0,1,0,1359.0,0.44,,,,,35.1,100.9,혼합,중립,False,False,16.3,B,2026-09-09 00:50:56
3776,CNT85,056730,KOSDAQ,2,0,3036.0,0.0,0,0,1317.0,0.31,,,,,134.0,95.7,완전역배열,중립,False,False,6.8,D,2026-09-09 00:51:00
3777,메디앙스,014100,KOSDAQ,0,0,-8668.0,-1951.0,4,2,1647.0,0.27,,,,,73.8,95.5,하향전환,중립,False,False,50.4,D,2026-09-09 00:51:04
3778,넥스트아이,137940,KOSDAQ,0,0,-8395.0,-473.0,2,1,1980.0,0.32,,,,,133.1,99.9,완전역배열,중립,False,False,25.5,D,2026-09-09 00:51:08
3779,듀오백,073190,KOSDAQ,0,0,0.0,0.0,0,0,1622.0,0.54,,,,,0.0,100.3,완전정배열,중립,False,False,74.6,D,2026-09-09 00:51:12
3780,이엠앤아이,083470,KOSDAQ,0,0,-42390.0,0.0,1,0,908.0,2.21,,,,,73.2,96.4,완전역배열,중립,False,False,31.7,D,2026-09-09 00:51:16
3781,핑거스토리,417180,KOSDAQ,0,0,-174.0,0.0,1,0,4475.0,0.5,,,,,77.3,108.0,혼합,중립,False,False,13.4,D,2026-09-09 00:51:20
3782,케이피티유,054410,KOSDAQ,0,0,-704.0,0.0,1,0,3365.0,0.32,,,,,81.7,97.9,하향전환,중립,False,False,51.1,B,2026-09-09 00:51:24
3783,버넥트,438700,KOSDAQ,5,0,18476.0,0.0,0,0,1728.0,0.73,,,,,42.8,96.4,완전역배열,중립,False,False,6.2,D,2026-09-09 00:51:28
3784,엔피케이,048830,KOSDAQ,1,0,20247.0,0.0,0,0,1028.0,0.4,,,,,44.9,99.0,혼합,중립,False,False,52.2,C,2026-09-09 00:51:31
3785,이원컴포텍,088290,KOSDAQ,0,0,-108.0,0.0,1,0,2410.0,2.32,,,,,101.7,102.7,상향전환,중립,True,False,19.5,D,2026-09-09 00:51:35
3786,롤링스톤,214610,KOSDAQ,0,0,0.0,0.0,0,0,2290.0,1.69,,,,,,100.0,혼합,중립,False,False,41.7,D,2026-09-09 00:51:39
3787,세화피앤씨,252500,KOSDAQ,1,0,2804.0,0.0,0,0,2295.0,0.5,,,,,60.1,93.5,완전역배열,중립,False,False,6.6,D,2026-09-09 00:51:43
3788,상보,027580,KOSDAQ,0,0,-1515.0,0.0,2,0,1607.0,0.47,,,,,82.0,100.0,완전역배열,중립,False,False,10.9,D,2026-09-09 00:51:47
3789,큐로홀딩스,051780,KOSDAQ,1,1,5243.0,708.0,0,0,2500.0,0.65,,,,,127.1,92.0,완전역배열,중립,False,False,2.4,D,2026-09-09 00:51:51
3790,이미지스,115610,KOSDAQ,3,0,20457.0,0.0,0,0,1603.0,1.89,,,,,118.6,105.5,혼합,중립,False,False,10.8,D,2026-09-09 00:51:55
3791,우진비앤지,018620,KOSDAQ,0,0,-3238.0,0.0,2,0,2720.0,0.59,,,,,68.3,101.8,상향전환,중립,False,False,26.8,D,2026-09-09 00:51:59
3792,비케이홀딩스,050090,KOSDAQ,1,0,7473.0,0.0,0,0,798.0,1.56,,,,,139.1,107.2,완전정배열,상단돌파,False,True,56.4,D,2026-09-09 00:52:03
3793,디에이치엑스컴퍼니,031860,KOSDAQ,0,0,0.0,0.0,0,0,6930.0,0.82,,,,,,100.0,혼합,중립,False,False,59.9,D,2026-09-09 00:52:07
3794,한탑,002680,KOSDAQ,1,0,21143.0,0.0,0,0,2875.0,0.82,,,,,20.1,107.5,상향전환,상단돌파,True,True,37.8,D,2026-09-09 00:52:11
3795,PN풍년,024940,KOSDAQ,0,0,-58260.0,0.0,5,0,1855.0,0.33,,,,,145.2,98.3,완전역배열,중립,False,False,1.8,B,2026-09-09 00:52:15
3796,국영지앤엠,006050,KOSDAQ,1,0,2583.0,0.0,0,0,5250.0,0.35,,,,,144.7,99.9,완전역배열,중립,False,False,7.6,D,2026-09-09 00:52:19
3797,카티스,140430,KOSDAQ,0,0,-2634.0,0.0,3,0,1710.0,0.46,,,,,37.5,96.5,완전역배열,중립,False,False,2.4,D,2026-09-09 00:52:23
3798,미디어젠,279600,KOSDAQ,0,0,-948.0,0.0,4,0,3900.0,1.56,,,,,96.4,101.6,혼합,중립,False,False,11.8,D,2026-09-09 00:52:27
3799,핀텔,291810,KOSDAQ,1,1,630.0,6549.0,0,0,1600.0,1.15,,,,,111.6,109.1,혼합,상단돌파,False,False,19.5,D,2026-09-09 00:52:31
3800,케이지에이,455180,KOSDAQ,0,0,-7009.0,0.0,2,0,1232.0,0.45,,,,,75.1,92.2,완전역배열,하단이탈,False,False,1.0,D,2026-09-09 00:52:35
3801,플라즈맵,405000,KOSDAQ,0,0,-4019.0,0.0,1,0,3370.0,9.85,,,,,22.1,90.0,완전역배열,하단이탈,False,False,3.4,D,2026-09-09 00:52:39
3802,전진바이오팜,110020,KOSDAQ,0,0,-364.0,0.0,1,0,1981.0,1.05,,,,,25.8,98.9,완전역배열,중립,False,False,24.9,D,2026-09-09 00:52:43
3803,엑시온그룹,069920,KOSDAQ,0,0,-6759.0,-8000.0,2,1,1239.0,0.3,,,,,38.7,115.5,혼합,상단돌파,False,False,4.9,D,2026-09-09 00:52:47
3804,국일신동,060480,KOSDAQ,1,0,29476.0,0.0,0,0,1609.0,0.42,,,,,106.3,116.8,상향전환,상단돌파,True,True,68.6,C,2026-09-09 00:52:51
3805,엑셀세라퓨틱스,373110,KOSDAQ,2,1,72327.0,5183.0,0,0,1017.0,4.07,,,,,37.9,89.7,완전역배열,하단이탈,False,False,0.6,D,2026-09-09 00:52:54
3806,대동금속,020400,KOSDAQ,3,0,5320.0,0.0,0,0,2890.0,0.44,,,,,14.2,97.5,완전역배열,중립,False,False,8.9,D,2026-09-09 00:52:58
3807,크린앤사이언스,045520,KOSDAQ,1,0,1105.0,0.0,0,0,2700.0,0.91,,,,,133.2,97.6,완전역배열,중립,False,False,22.4,D,2026-09-09 00:53:02
3808,윙스풋,335870,KOSDAQ,0,0,-97.0,0.0,4,0,5230.0,0.69,,,,,108.1,96.3,완전역배열,중립,False,False,9.1,D,2026-09-09 00:53:06
3809,조아제약,034940,KOSDAQ,0,0,-9649.0,0.0,1,0,2825.0,0.49,,,,,63.2,101.4,혼합,중립,False,False,7.4,D,2026-09-09 00:53:10
3810,씨엑스아이,900120,KOSDAQ,0,0,0.0,0.0,0,0,1040.0,0.01,,,,,0.0,104.1,혼합,중립,False,False,35.4,B,2026-09-09 00:53:14
3811,하이퍼코퍼레이션,065650,KOSDAQ,0,0,-4464.0,0.0,2,0,1578.0,0.72,,,,,127.7,97.5,완전역배열,중립,False,False,1.7,D,2026-09-09 00:53:18
3812,조이웍스앤코,309930,KOSDAQ,0,0,-172.0,0.0,2,0,889.0,0.77,,,,,45.1,97.9,완전역배열,중립,False,False,20.8,D,2026-09-09 00:53:21
3813,프롬바이오,377220,KOSDAQ,0,0,-1108.0,0.0,1,0,3020.0,0.74,,,,,15.5,96.1,완전역배열,중립,False,False,7.1,D,2026-09-09 00:53:25
3814,에스앤더블류,103230,KOSDAQ,2,0,27429.0,0.0,0,0,2370.0,0.31,,,,,87.1,98.3,완전역배열,중립,False,False,9.1,C,2026-09-09 00:53:30
3815,브이씨,365900,KOSDAQ,0,0,-2619.0,0.0,1,0,2330.0,0.44,,,,,75.1,95.9,완전역배열,중립,False,False,10.5,D,2026-09-09 00:53:34
3816,사토시홀딩스,223310,KOSDAQ,1,0,677.0,0.0,0,0,3260.0,4.45,,,,,155.6,100.7,혼합,중립,False,False,5.4,D,2026-09-09 00:53:38
3817,미래에셋비전스팩7호,482680,KOSDAQ,0,0,0.0,0.0,0,0,2055.0,1.01,,,,,,100.0,혼합,중립,False,False,99.3,D,2026-09-09 00:53:42
3818,미래에셋비전스팩4호,477380,KOSDAQ,1,1,274.0,6310.0,0,0,2075.0,1.09,,,,,107.5,100.4,완전정배열,중립,False,False,63.3,D,2026-09-09 00:53:45
3819,피씨엘,241820,KOSDAQ,0,0,0.0,0.0,0,0,6040.0,6.19,,,,,,100.0,혼합,중립,False,False,100.0,D,2026-09-09 00:53:49
3820,이렘,009730,KOSDAQ,2,0,12849.0,0.0,0,0,2100.0,0.45,,,,,24.2,95.8,완전역배열,중립,False,False,12.9,D,2026-09-09 00:53:53
3821,아이오케이이엔엠,078860,KOSDAQ,0,0,-26.0,0.0,7,0,2690.0,0.23,,,,,72.5,95.5,완전역배열,중립,False,False,3.1,D,2026-09-09 00:53:57
3822,캔버스엔,210120,KOSDAQ,4,0,33837.0,0.0,0,0,1698.0,2.15,,,,,73.0,99.6,완전역배열,중립,False,False,17.1,D,2026-09-09 00:54:01
3823,유디엠텍,389680,KOSDAQ,0,0,-48.0,0.0,2,0,1977.0,1.76,,,,,22.9,131.0,혼합,상단돌파,False,False,13.0,D,2026-09-09 00:54:04
3824,노을,376930,KOSDAQ,1,0,10347.0,-2.0,0,2,1594.0,1.0,,,,,71.2,84.9,완전역배열,하단이탈,False,False,0.4,D,2026-09-09 00:54:08
3825,에스제이그룹,306040,KOSDAQ,3,0,20762.0,-3541.0,0,1,1756.0,0.14,,,,,121.5,98.9,완전역배열,중립,False,False,3.0,D,2026-09-09 00:54:12
3826,패션플랫폼,225590,KOSDAQ,0,0,-228.0,0.0,2,0,3120.0,0.19,,,,,47.3,101.3,혼합,중립,False,False,23.3,B,2026-09-09 00:54:17
3827,베셀,177350,KOSDAQ,0,0,-19604.0,0.0,1,0,1607.0,0.41,,,,,52.9,104.7,혼합,중립,True,False,22.1,C,2026-09-09 00:54:20
3828,나노씨엠에스,247660,KOSDAQ,1,0,8961.0,0.0,0,0,3580.0,0.8,,,,,117.9,124.5,혼합,상단돌파,True,True,39.4,C,2026-09-09 00:54:24
3829,에이치엠씨제7호스팩,477340,KOSDAQ,0,0,-4.0,0.0,1,0,2060.0,1.03,,,,,144.3,100.2,완전정배열,중립,False,False,87.3,D,2026-09-09 00:54:28
3830,삼보산업,009620,KOSDAQ,0,0,0.0,0.0,0,0,870.0,3.49,,,,,0.0,98.3,하향전환,중립,False,False,41.1,D,2026-09-09 00:54:32
3831,드래곤플라이,030350,KOSDAQ,0,0,0.0,0.0,0,0,973.0,3.2,,,,,,100.0,혼합,중립,False,False,50.0,D,2026-09-09 00:54:36
3832,유안타제15호스팩,473050,KOSDAQ,0,1,-3.0,6.0,1,0,2100.0,1.04,,,,,138.4,100.1,완전정배열,중립,False,False,86.4,D,2026-09-09 00:54:40
3833,티엔엔터테인먼트,131100,KOSDAQ,2,2,588.0,1278.0,0,0,2265.0,0.27,,,,,120.1,98.6,완전역배열,중립,False,False,2.7,D,2026-09-09 00:54:44
3834,지니틱스,303030,KOSDAQ,0,1,-2688.0,246.0,1,0,1590.0,1.09,,,,,94.0,86.3,완전역배열,하단이탈,False,False,10.0,D,2026-09-09 00:54:48
3835,키움제11호스팩,489480,KOSDAQ,1,0,316.0,-7542.0,0,2,2185.0,1.22,,,,,93.3,103.3,완전정배열,중립,False,False,76.6,D,2026-09-09 00:54:52
3836,미래에셋비전스팩6호,478440,KOSDAQ,0,0,0.0,-54466.0,0,4,2080.0,1.03,,,,,217.7,100.6,완전정배열,중립,False,False,94.1,D,2026-09-09 00:54:56
3837,한국제15호스팩,479880,KOSDAQ,0,0,-113.0,-39554.0,1,5,2065.0,1.04,,,,,141.4,100.3,완전정배열,중립,False,False,65.0,D,2026-09-09 00:55:01
3838,피플바이오,304840,KOSDAQ,0,0,0.0,0.0,0,0,561.0,0.48,,,,,,100.0,혼합,중립,False,False,25.0,D,2026-09-09 00:55:05
3839,유진테크놀로지,240600,KOSDAQ,0,1,-1612.0,406.0,1,0,1642.0,0.36,,,,,25.1,94.1,완전역배열,하단이탈,False,False,3.3,D,2026-09-09 00:55:09
3840,셀레스트라,352770,KOSDAQ,0,0,0.0,0.0,0,0,5250.0,1.7,,,,,,100.0,혼합,중립,False,False,50.0,D,2026-09-09 00:55:14
3841,이스트에이드,239340,KOSDAQ,0,0,0.0,0.0,0,0,504.0,1.03,,,,,0.0,87.7,완전역배열,하단이탈,False,False,19.8,D,2026-09-09 00:55:18
3842,뉴보텍,060260,KOSDAQ,1,0,9657.0,0.0,0,0,1008.0,0.53,,,,,26.9,90.8,완전역배열,하단이탈,False,False,20.6,B,2026-09-09 00:55:22
3843,올리패스,244460,KOSDAQ,0,0,0.0,0.0,0,0,1651.0,18.98,,,,,,100.0,혼합,중립,False,False,50.0,D,2026-09-09 00:55:26
3844,아이스크림에듀,289010,KOSDAQ,0,0,-13889.0,0.0,4,0,945.0,0.29,,,,,83.9,102.0,혼합,중립,False,False,17.7,B,2026-09-09 00:55:30
3845,진영,285800,KOSDAQ,0,0,0.0,0.0,0,0,733.0,0.35,,,,,0.0,96.4,완전역배열,중립,False,False,24.7,B,2026-09-09 00:55:34
3846,엔에이치스팩31호,481890,KOSDAQ,1,0,4.0,-53974.0,0,3,2065.0,1.01,,,,,275.4,100.0,혼합,중립,False,False,30.3,D,2026-09-09 00:55:38
3847,디비금융제13호스팩,489730,KOSDAQ,0,0,0.0,-83467.0,0,3,2040.0,1.01,,,,,222.1,100.5,상향전환,중립,True,False,56.5,D,2026-09-09 00:55:42
3848,휴맥스홀딩스,028080,KOSDAQ,0,0,-1283.0,0.0,6,0,5090.0,0.27,,,,,31.2,106.1,혼합,중립,False,False,11.2,B,2026-09-09 00:55:45
3849,바른손이앤에이,035620,KOSDAQ,0,0,-6194.0,-462.0,1,1,692.0,0.22,,,,,64.7,95.8,완전역배열,중립,False,False,4.8,D,2026-09-09 00:55:49
3850,KB제29호스팩,478390,KOSDAQ,0,0,-2.0,-17173.0,1,3,2070.0,1.01,,,,,148.5,100.4,완전정배열,중립,False,False,50.0,D,2026-09-09 00:55:53
3851,CS,065770,KOSDAQ,7,0,125524.0,0.0,0,0,1210.0,0.7,,,,,51.7,85.1,완전역배열,하단이탈,False,False,1.1,D,2026-09-09 00:55:57
3852,메디콕스,054180,KOSDAQ,0,0,0.0,0.0,0,0,2295.0,0.28,,,,,,100.0,혼합,중립,False,False,50.0,D,2026-09-09 00:56:01
3853,KB제31호스팩,492220,KOSDAQ,0,0,0.0,-85239.0,0,4,2030.0,1.0,,,,,216.0,100.5,상향전환,중립,True,False,36.0,D,2026-09-09 00:56:05
3854,교보16호스팩,482520,KOSDAQ,0,0,0.0,-50398.0,0,6,2055.0,1.02,,,,,178.7,100.4,완전정배열,중립,False,False,77.1,D,2026-09-09 00:56:09
3855,KS인더스트리,101000,KOSDAQ,1,0,50179.0,0.0,0,0,1264.0,0.29,,,,,275.9,124.8,혼합,상단돌파,False,False,9.7,D,2026-09-09 00:56:13
3856,E8,418620,KOSDAQ,0,0,-90239.0,-1184.0,1,2,626.0,1.33,,,,,190.4,99.6,완전역배열,상단돌파,False,False,6.1,D,2026-09-09 00:56:17
3857,엔젠바이오,354200,KOSDAQ,0,0,-17929.0,-18648.0,1,3,1390.0,0.65,,,,,32.4,86.8,완전역배열,하단이탈,False,False,2.3,D,2026-09-09 00:56:21
3858,삼영이엔씨,065570,KOSDAQ,0,0,0.0,0.0,0,0,764.0,0.85,,,,,,100.0,혼합,중립,False,False,50.0,D,2026-09-09 00:56:24
3859,DB금융스팩12호,477760,KOSDAQ,0,0,-1.0,-136.0,3,3,2075.0,1.07,,,,,59.6,100.3,완전정배열,중립,False,False,85.1,D,2026-09-09 00:56:28
3860,모아데이타,288980,KOSDAQ,0,1,-117184.0,4.0,1,0,333.0,1.02,,,,,82.2,69.7,완전역배열,하단이탈,False,False,9.0,D,2026-09-09 00:56:32
3861,케스피온,079190,KOSDAQ,0,0,-2459.0,0.0,1,0,1261.0,0.75,,,,,36.5,91.2,완전역배열,중립,False,False,19.5,D,2026-09-09 00:56:37
3862,뉴인텍,012340,KOSDAQ,2,0,39061.0,-5257.0,0,1,544.0,0.44,,,,,49.9,90.4,완전역배열,하단이탈,False,False,0.4,D,2026-09-09 00:56:41
3863,모아라이프플러스,142760,KOSDAQ,1,1,113763.0,19998.0,0,0,564.0,0.49,,,,,246.9,83.8,완전역배열,하단이탈,False,False,1.9,D,2026-09-09 00:56:48
3864,대신밸런스제19호스팩,482690,KOSDAQ,0,1,-1.0,26197.0,3,0,2095.0,1.01,,,,,90.0,100.6,혼합,중립,False,False,21.2,D,2026-09-09 00:56:52
3865,하나31호스팩,469900,KOSDAQ,0,0,-335.0,0.0,1,0,2095.0,1.06,,,,,110.9,100.1,완전정배열,중립,False,False,61.9,D,2026-09-09 00:56:56
3866,신한제12호스팩,474660,KOSDAQ,0,0,-3.0,0.0,1,0,,,,,,,,,-,중립,False,False,,D,2026-09-09 00:57:13
3867,신한제14호스팩,487360,KOSDAQ,0,0,0.0,-6666.0,0,4,2035.0,1.05,,,,,163.6,100.3,상향전환,중립,True,False,57.4,D,2026-09-09 00:57:17
3868,유안타제16호스팩,474490,KOSDAQ,0,1,0.0,20108.0,0,0,2080.0,1.02,,,,,220.6,100.4,완전정배열,중립,False,False,53.4,D,2026-09-09 00:57:21
3869,파인텍,131760,KOSDAQ,1,1,44006.0,807.0,0,0,1313.0,0.43,,,,,226.2,84.1,완전역배열,하단이탈,False,False,0.8,D,2026-09-09 00:57:25
3870,미래에셋비전스팩5호,477470,KOSDAQ,1,0,310.0,-10361.0,0,3,2075.0,1.06,,,,,236.9,100.3,혼합,중립,True,False,23.3,D,2026-09-09 00:57:29
3871,신한제16호스팩,496070,KOSDAQ,0,0,0.0,0.0,0,0,2010.0,1.05,,,,,43.7,100.2,혼합,중립,False,False,34.1,D,2026-09-09 00:57:33
3872,예선테크,250930,KOSDAQ,2,0,13266.0,0.0,0,0,1700.0,0.67,,,,,121.1,105.3,혼합,중립,False,False,14.3,B,2026-09-09 00:57:37
3873,신라섬유,001000,KOSDAQ,0,0,0.0,0.0,0,0,462.0,0.81,,,,,0.0,96.3,완전역배열,중립,False,False,15.0,D,2026-09-09 00:57:40
3874,파이온엑스,900100,KOSDAQ,0,0,-2258.0,0.0,1,0,2080.0,0.3,,,,,194.2,108.2,혼합,중립,False,False,3.7,D,2026-09-09 00:57:44
3875,KB제30호스팩,486630,KOSDAQ,0,0,-2.0,-39772.0,1,4,2050.0,1.02,,,,,271.4,100.5,상향전환,중립,False,False,34.5,D,2026-09-09 00:57:48
3876,유안타제17호스팩,493790,KOSDAQ,0,0,0.0,-26.0,0,2,2025.0,1.01,,,,,232.8,100.4,완전정배열,중립,False,False,78.3,D,2026-09-09 00:57:52
3877,교보17호스팩,489210,KOSDAQ,0,0,0.0,-50264.0,0,3,2040.0,1.0,,,,,321.3,100.3,혼합,중립,False,False,22.9,D,2026-09-09 00:57:55
3878,알파AI,043100,KOSDAQ,0,0,0.0,0.0,0,0,520.0,0.39,,,,,,100.0,혼합,중립,False,False,20.0,D,2026-09-09 00:57:59
3879,이베스트스팩6호,478110,KOSDAQ,0,0,0.0,0.0,0,0,2055.0,1.12,,,,,209.9,100.3,완전정배열,중립,False,False,78.6,D,2026-09-09 00:58:03
3880,키움히어로제1호스팩,466690,KOSDAQ,0,0,-3.0,-1244.0,1,2,2000.0,1.05,,,,,101.8,99.9,완전역배열,중립,False,False,1.3,D,2026-09-09 00:58:07
3881,썸에이지,208640,KOSDAQ,1,0,1261.0,0.0,0,0,726.0,0.96,,,,,193.4,94.5,완전역배열,중립,False,False,1.7,D,2026-09-09 00:58:11
3882,한화플러스제5호스팩,498390,KOSDAQ,0,0,0.0,0.0,0,0,2035.0,1.03,,,,,,100.0,혼합,중립,False,False,98.5,D,2026-09-09 00:58:15
3883,마이크로디지탈,305090,KOSDAQ,0,0,0.0,0.0,0,0,538.0,0.67,,,,,300.5,41.6,완전역배열,하단이탈,False,False,4.5,D,2026-09-09 00:58:18
3884,신영스팩10호,472220,KOSDAQ,0,2,-71.0,27711.0,1,0,2110.0,1.02,,,,,245.5,100.0,혼합,중립,False,False,92.7,D,2026-09-09 00:58:22
3885,유진스팩11호,488060,KOSDAQ,0,0,-1.0,0.0,1,0,2040.0,1.0,,,,,265.6,100.5,상향전환,중립,True,False,47.1,D,2026-09-09 00:58:26
3886,케이이엠텍,106080,KOSDAQ,0,0,0.0,0.0,0,0,1650.0,0.41,,,,,,100.0,혼합,중립,False,False,13.4,D,2026-09-09 00:58:30
3887,앤씨앤,092600,KOSDAQ,0,0,-3107.0,0.0,4,0,1890.0,0.22,,,,,83.2,103.5,혼합,중립,False,False,3.0,B,2026-09-09 00:58:34
3888,한주에이알티,058450,KOSDAQ,7,0,92230.0,-38.0,0,1,1736.0,0.48,,,,,82.0,75.8,완전역배열,하단이탈,False,False,8.2,D,2026-09-09 00:58:38
3889,하나34호스팩,484130,KOSDAQ,0,0,0.0,0.0,0,0,2040.0,1.06,,,,,192.5,100.3,혼합,중립,False,False,26.7,D,2026-09-09 00:58:41
3890,에스케이증권제13호스팩,473950,KOSDAQ,0,0,0.0,-5390.0,0,2,2055.0,1.05,,,,,179.5,100.3,완전정배열,중립,False,False,69.2,D,2026-09-09 00:58:45
3891,IBKS제24호스팩,469480,KOSDAQ,0,0,0.0,0.0,0,0,2130.0,1.04,,,,,,100.0,혼합,중립,False,False,80.4,D,2026-09-09 00:58:49
3892,신한제15호스팩,487830,KOSDAQ,0,0,0.0,-5506.0,0,4,2045.0,1.04,,,,,88.1,100.7,상향전환,중립,False,False,13.0,D,2026-09-09 00:58:53
3893,수성웹툰,084180,KOSDAQ,0,0,-321036.0,-60.0,1,1,490.0,0.11,,,,,280.0,82.2,완전역배열,하단이탈,False,False,3.7,D,2026-09-09 00:58:57
3894,유진스팩10호,468760,KOSDAQ,0,0,0.0,0.0,0,0,2080.0,1.01,,,,,,100.0,혼합,중립,False,False,97.0,D,2026-09-09 00:59:01
3895,에스케이증권제11호스팩,472230,KOSDAQ,0,0,-3.0,-5000.0,1,2,2100.0,1.02,,,,,156.3,100.1,완전정배열,중립,False,False,94.4,D,2026-09-09 00:59:05
3896,형지글로벌,308100,KOSDAQ,0,0,-15840.0,0.0,1,0,337.0,0.13,,,,,36.4,93.1,완전역배열,하단이탈,False,False,0.8,D,2026-09-09 00:59:09
3897,키움제10호스팩,487720,KOSDAQ,0,0,-47.0,0.0,3,0,2045.0,1.03,,,,,135.5,100.7,상향전환,중립,True,False,39.3,D,2026-09-09 00:59:13
3898,교보15호스팩,465320,KOSDAQ,0,0,-15082.0,0.0,3,0,2135.0,1.06,,,,,100.3,100.4,완전정배열,중립,False,False,99.8,D,2026-09-09 00:59:17
3899,모바일어플라이언스,087260,KOSDAQ,0,0,0.0,0.0,0,0,247.0,0.19,,,,,,100.0,혼합,중립,False,False,9.6,D,2026-09-09 00:59:21
3900,하나33호스팩,475250,KOSDAQ,0,0,0.0,0.0,0,0,2087.0,1.03,,,,,78.7,100.5,완전정배열,중립,False,False,59.0,D,2026-09-09 00:59:25
3901,투비소프트,079970,KOSDAQ,0,0,0.0,0.0,0,0,596.0,0.33,,,,,,100.0,혼합,중립,False,False,50.0,B,2026-09-09 00:59:28
3902,신한제13호스팩,474930,KOSDAQ,0,0,-23.0,0.0,2,0,2100.0,1.11,,,,,150.1,100.6,상향전환,중립,True,False,26.2,D,2026-09-09 00:59:32
3903,에스아이리소스,065420,KOSDAQ,0,0,0.0,0.0,0,0,940.0,0.87,,,,,,100.0,혼합,중립,False,False,24.2,D,2026-09-09 00:59:36
3904,스코넥,276040,KOSDAQ,0,0,0.0,0.0,0,0,327.0,1.28,,,,,,100.0,혼합,중립,False,False,18.2,D,2026-09-09 00:59:40
3905,에스케이증권제12호스팩,473000,KOSDAQ,0,0,0.0,0.0,0,0,2080.0,1.05,,,,,201.6,100.3,완전정배열,중립,False,False,80.0,D,2026-09-09 00:59:44
3906,바이오인프라,199730,KOSDAQ,0,0,-3422.0,0.0,2,0,1400.0,0.54,,,,,73.2,92.2,완전역배열,하단이탈,False,False,2.2,D,2026-09-09 00:59:47
3907,하나32호스팩,475240,KOSDAQ,0,0,0.0,0.0,0,0,2095.0,1.05,,,,,256.6,100.3,상향전환,중립,False,False,62.1,D,2026-09-09 00:59:51
3908,형지I&C,011080,KOSDAQ,1,0,2.0,0.0,0,0,808.0,0.13,,,,,50.1,101.8,혼합,중립,False,False,0.3,D,2026-09-09 00:59:55
3909,골드앤에스,035290,KOSDAQ,0,0,-61231.0,0.0,3,0,1150.0,0.41,,,,,151.3,69.6,완전역배열,하단이탈,False,False,0.0,B,2026-09-09 00:59:59
3910,KD,044180,KOSDAQ,0,0,0.0,0.0,0,0,205.0,0.95,,,,,,100.0,혼합,중립,False,False,20.7,D,2026-09-09 01:00:02
3911,에이에프더블류,312610,KOSDAQ,0,0,-73508.0,0.0,1,0,259.0,0.12,,,,,68.8,84.3,완전역배열,하단이탈,False,False,0.4,D,2026-09-09 01:00:07
3912,캐리,313760,KOSDAQ,0,0,0.0,0.0,0,0,468.0,0.27,,,,,,100.0,혼합,중립,False,False,13.7,D,2026-09-09 01:00:11
3913,원풍물산,008290,KOSDAQ,4,0,659670.0,-1154.0,0,1,248.0,0.35,,,,,203.2,85.2,완전역배열,하단이탈,False,False,2.7,D,2026-09-09 01:00:15
3914,아이톡시,052770,KOSDAQ,0,0,0.0,0.0,0,0,312.0,1.24,,,,,,100.0,혼합,중립,False,False,9.2,D,2026-09-09 01:00:19
3915,신라에스지,025870,KOSDAQ,0,0,-138258.0,-707.0,1,1,1100.0,0.31,,,,,295.3,57.8,완전역배열,하단이탈,False,False,0.0,D,2026-09-09 01:00:22
3916,케이엠제약,225430,KOSDAQ,0,0,-146439.0,-16268.0,2,1,650.0,0.14,,,,,320.9,57.7,완전역배열,하단이탈,False,False,0.0,D,2026-09-09 01:00:26
3917,대호특수강우,021045,KOSDAQ,0,0,0.0,0.0,0,0,2420.0,1.25,,,,,80.7,98.5,하향전환,중립,False,False,16.2,D,2026-09-09 01:00:30
3918,코이즈,121850,KOSDAQ,1,0,1080.0,-2300.0,0,2,200.0,0.15,,,,,140.2,43.7,완전역배열,하단이탈,False,False,2.1,D,2026-09-09 01:00:34
3919,소프트센우,032685,KOSDAQ,1,0,16.0,0.0,0,0,8640.0,3.32,,,,,84.3,97.9,완전역배열,중립,False,False,10.3,D,2026-09-09 01:00:38
